ticker,insider_name,transaction_date,transaction_type,price,shares,value,relationship,sec_form4,market_open_at_trade,market_close_at_trade,high_at_trade,low_at_trade,sma_20_at_trade,rsi_14_at_trade,sma_20_prev,price_prev,high_plus_7d,low_plus_7d,max_gain_7d,max_drawdown_7d,high_plus_14d,low_plus_14d,max_gain_14d,max_drawdown_14d,high_plus_30d,low_plus_30d,max_gain_30d,max_drawdown_30d,high_minus_7d,low_minus_7d,high_minus_15d,low_minus_15d,final_gain_30d,case_2_outcome,ownership_pct,tags,outcome_case_1,outcome_case_2,score,bucket
AAOI,Lin Chih-Hsiang (Thompson),2025-08-12,Buy,23.14,6500,150410,President and CEO,https://finviz.com/http://www.sec.gov/Archives/edgar/data/1158114/000168316825006190/xslF345X05/ownership.xml,21.32999992370605,22.790000915527344,23.81100082397461,21.30500030517578,,,,20.86000061035156,26.968000411987305,20.458999633789062,16.542784840048853,-11.585999853979851,,,,,,,,,24.39999961853028,19.88500022888184,27.59000015258789,19.88500022888184,,ğŸ”´ DROP BEFORE SPIKE - BAD TRADE,0.000108,"['ğŸ‘‘ CEO', 'ğŸŸ¢ SMALL TRADE', 'ğŸŒ± SMALL CAP', 'ğŸ“¡ Tech', 'ğŸ“ˆ ABOVE CLOSE', 'ğŸš€ SPIKE +10% [7d]', 'ğŸ“‰ DIP -10% [7d]', 'âš ï¸ INSUFFICIENT DATA FOR MA/RSI', 'ğŸŸ¢ SUCCESSFUL TRADE C1', 'ğŸ” CLUSTER BUY', 'ğŸ§© MULTIPLE BUYS']",ğŸŸ¢ SUCCESSFUL TRADE C1,ğŸ”´ UNSUCCESSFUL TRADE,15,Highest Conviction (15+)
AAOI,Lin Chih-Hsiang (Thompson),2025-08-13,Buy,22.562231404958677,12100,273002,President and CEO,https://finviz.com/http://www.sec.gov/Archives/edgar/data/1158114/000168316825006190/xslF345X05/ownership.xml,23.645000457763672,23.020000457763672,24.299999237060547,22.09499931335449,,,,22.790000915527344,26.968000411987305,20.458999633789062,19.527186508956454,-9.321913836533788,,,,,,,,,24.39999961853028,19.88500022888184,26.350000381469727,19.88500022888184,,ğŸŸ¢ SPIKE BEFORE DROP - SUCCESSFUL TRADE,0.000196,"['ğŸ‘‘ CEO', 'ğŸŸ¢ SMALL TRADE', 'ğŸŒ± SMALL CAP', 'ğŸ“¡ Tech', 'ğŸ“‰ BELOW CLOSE', 'ğŸš€ SPIKE +20% [7d]', 'ğŸ“‰ DIP -5% [7d]', 'âš ï¸ INSUFFICIENT DATA FOR MA/RSI', 'ğŸŸ¢ SUCCESSFUL TRADE C1', 'ğŸ” CLUSTER BUY', 'ğŸ§© MULTIPLE BUYS']",ğŸŸ¢ SUCCESSFUL TRADE C1,ğŸŸ¢ SUCCESSFUL TRADE,15,Highest Conviction (15+)
AAOI,Lin Chih-Hsiang (Thompson),2025-08-14,Buy,21.55377708978328,8075,174057,President and CEO,https://finviz.com/http://www.sec.gov/Archives/edgar/data/1158114/000168316825006248/xslF345X05/ownership.xml,22.1299991607666,21.01000022888184,22.5,20.458999633789062,,36.49643323933456,,23.020000457763672,26.968000411987305,20.7189998626709,25.119603397821265,-3.8729974038196593,,,,,,,,,24.39999961853028,19.88500022888184,24.56999969482422,19.88500022888184,,ğŸŸ¢ SPIKE BEFORE DROP - SUCCESSFUL TRADE,0.000125,"['ğŸ‘‘ CEO', 'ğŸŸ¢ SMALL TRADE', 'ğŸŒ± SMALL CAP', 'ğŸ“¡ Tech', 'ğŸ“ˆ ABOVE CLOSE', 'ğŸš€ SPIKE +20% [7d]', 'ğŸŸ¡ NEUTRAL (RSI)', 'âš ï¸ INSUFFICIENT DATA FOR MA/RSI', 'ğŸŸ¢ SUCCESSFUL TRADE C1', 'ğŸ” CLUSTER BUY', 'ğŸ§© MULTIPLE BUYS']",ğŸŸ¢ SUCCESSFUL TRADE C1,ğŸŸ¢ SUCCESSFUL TRADE,15,Highest Conviction (15+)
AAOI,Yeh William H,2025-08-13,Buy,22.86,14000,320100,Director,https://finviz.com/http://www.sec.gov/Archives/edgar/data/1158114/000168316825006191/xslF345X05/ownership.xml,23.645000457763672,23.020000457763672,24.299999237060547,22.09499931335449,,,,22.790000915527344,26.968000411987305,20.458999633789062,17.970255520504395,-10.50306371920795,,,,,,,,,24.39999961853028,19.88500022888184,26.350000381469727,19.88500022888184,,ğŸ”´ DROP BEFORE SPIKE - BAD TRADE,0.00023,"['ğŸ“‹ Director', 'ğŸŸ¢ SMALL TRADE', 'ğŸŒ± SMALL CAP', 'ğŸ“¡ Tech', 'ğŸš€ SPIKE +10% [7d]', 'ğŸ“‰ DIP -10% [7d]', 'âš ï¸ INSUFFICIENT DATA FOR MA/RSI', 'ğŸŸ¢ SUCCESSFUL TRADE C1', 'ğŸ” CLUSTER BUY', 'ğŸ§© MULTIPLE BUYS']",ğŸŸ¢ SUCCESSFUL TRADE C1,ğŸ”´ UNSUCCESSFUL TRADE,13,Ultra Conviction (12 - 14)
AAOI,Yeh William H,2025-08-14,Buy,21.4,4000,85600,Director,https://finviz.com/http://www.sec.gov/Archives/edgar/data/1158114/000168316825006191/xslF345X05/ownership.xml,22.1299991607666,21.01000022888184,22.5,20.458999633789062,,36.49643323933456,,23.020000457763672,26.968000411987305,20.7189998626709,26.018693513959377,-3.182243632378973,,,,,,,,,24.39999961853028,19.88500022888184,24.56999969482422,19.88500022888184,,ğŸŸ¢ SPIKE BEFORE DROP - SUCCESSFUL TRADE,6.1e-05,"['ğŸ“‹ Director', 'ğŸŒ± SMALL CAP', 'ğŸ“¡ Tech', 'ğŸ“ˆ ABOVE CLOSE', 'ğŸš€ SPIKE +20% [7d]', 'ğŸŸ¡ NEUTRAL (RSI)', 'âš ï¸ INSUFFICIENT DATA FOR MA/RSI', 'ğŸŸ¢ SUCCESSFUL TRADE C1', 'ğŸ” CLUSTER BUY', 'ğŸ§© MULTIPLE BUYS']",ğŸŸ¢ SUCCESSFUL TRADE C1,ğŸŸ¢ SUCCESSFUL TRADE,12,Ultra Conviction (12 - 14)
ALKT,GENERAL ATLANTIC GENPAR (BERMU,2025-08-11,Buy,20.7,650000,13452470,Director,https://finviz.com/http://www.sec.gov/Archives/edgar/data/1356474/000095014225002163/xslF345X05/es250667532_4-alkt2.xml,20.06999969482422,20.65999984741211,20.940000534057617,20.020000457763672,25.05349998474121,29.623045850957908,25.46949996948242,20.1200008392334,23.46999931335449,20.51499938964844,13.381639194949225,-0.8937227553215373,,,,,,,,,22.64999961853028,19.940000534057617,28.530000686645508,19.940000534057617,,ğŸŸ¢ SPIKE BEFORE DROP - SUCCESSFUL TRADE,0.005721,"['ğŸ“‹ Director', 'ğŸ”¥ VERY LARGE TRADE', 'ğŸŒ¿ MID CAP', 'ğŸ“¡ Tech', 'ğŸš€ SPIKE +10% [7d]', 'ğŸ“‰ BELOW SMA20', 'ğŸ”» OVERSOLD (RSI < 30)', 'ğŸ“‰ DIP SETUP', 'ğŸ§© MULTIPLE BUYS']",,ğŸŸ¢ SUCCESSFUL TRADE,13,Ultra Conviction (12 - 14)
ALKT,"GENERAL ATLANTIC, L.P.",2025-08-11,Buy,20.7,650000,13452470,Director,https://finviz.com/http://www.sec.gov/Archives/edgar/data/1017645/000095014225002162/xslF345X05/es250667530_4-alkt1.xml,20.06999969482422,20.65999984741211,20.940000534057617,20.020000457763672,25.05349998474121,29.623045850957908,25.46949996948242,20.1200008392334,23.46999931335449,20.51499938964844,13.381639194949225,-0.8937227553215373,,,,,,,,,22.64999961853028,19.940000534057617,28.530000686645508,19.940000534057617,,ğŸŸ¢ SPIKE BEFORE DROP - SUCCESSFUL TRADE,0.005721,"['ğŸ“‹ Director', 'ğŸ”¥ VERY LARGE TRADE', 'ğŸŒ¿ MID CAP', 'ğŸ“¡ Tech', 'ğŸš€ SPIKE +10% [7d]', 'ğŸ“‰ BELOW SMA20', 'ğŸ”» OVERSOLD (RSI < 30)', 'ğŸ“‰ DIP SETUP', 'ğŸ§© MULTIPLE BUYS']",,ğŸŸ¢ SUCCESSFUL TRADE,13,Ultra Conviction (12 - 14)
ASA,"Saba Capital Management, L.P.",2025-08-12,Buy,35.39,354169,12534041,10% Owner,https://finviz.com/http://www.sec.gov/Archives/edgar/data/1230869/000151028125000417/xslF345X05/primary_doc.xml,35.2599983215332,35.2599983215332,35.56999969482422,35.04999923706055,,,,35.220001220703125,35.52000045776367,33.619998931884766,0.3673366989648807,-5.001415846609875,,,,,,,,,35.599998474121094,32.400001525878906,35.599998474121094,30.950000762939453,,,0.018857,"['ğŸ”Ÿ 10% Owner', 'ğŸ”¥ VERY LARGE TRADE', 'ğŸŒ± SMALL CAP', 'ğŸ¦ Financial', 'ğŸ“‰ DIP -5% [7d]', 'âš ï¸ INSUFFICIENT DATA FOR MA/RSI', 'ğŸŸ¢ SUCCESSFUL TRADE C1', 'ğŸ§© MULTIPLE BUYS']",ğŸŸ¢ SUCCESSFUL TRADE C1,,12,Ultra Conviction (12 - 14)
ATAI,Apeiron Investment Group Ltd.,2025-08-14,Buy,2.19,8675799,19000000,10% Owner,https://finviz.com/http://www.sec.gov/Archives/edgar/data/1840904/000095017025109858/xslF345X05/ownership.xml,3.9800000190734863,4.010000228881836,4.039999961853027,3.785000085830689,,,,4.050000190734863,4.5289998054504395,3.5999999046325684,106.80364408449496,64.38355728915838,,,,,,,,,4.300000190734863,3.871000051498413,4.400000095367432,3.299999952316284,,ğŸŸ¢ SPIKE BEFORE DROP - SUCCESSFUL TRADE,0.021888,"['ğŸ”Ÿ 10% Owner', 'ğŸ”¥ VERY LARGE TRADE', 'ğŸŒ± SMALL CAP', 'ğŸ¥ Healthcare', 'ğŸ§¨ CAUGHT THE KNIFE [7d]', 'ğŸ“‰ BELOW CLOSE', 'ğŸš€ SPIKE +20% [7d]', 'âš ï¸ INSUFFICIENT DATA FOR MA/RSI', 'ğŸŸ¢ SUCCESSFUL TRADE C1']",ğŸŸ¢ SUCCESSFUL TRADE C1,ğŸŸ¢ SUCCESSFUL TRADE,14,Ultra Conviction (12 - 14)
AUPH,TANG KEVIN,2025-08-01,Buy,10.12,1000000,10120000,Director,https://finviz.com/http://www.sec.gov/Archives/edgar/data/1178579/000141588925021066/xslF345X05/form4-08052025_090800.xml,9.359999656677246,10.489999771118164,10.520000457763672,9.329999923706056,,,,9.244999885559082,11.800000190734863,10.449999809265137,16.600792398565854,3.2608676804855485,12.479999542236328,10.449999809265137,23.320153579410366,3.2608676804855485,,,,,9.829999923706056,8.800000190734863,9.829999923706056,8.550000190734863,,ğŸŸ¢ SPIKE BEFORE DROP - SUCCESSFUL TRADE,0.006571,"['ğŸ“‹ Director', 'ğŸ”¥ VERY LARGE TRADE', 'ğŸŒ± SMALL CAP', 'ğŸ¥ Healthcare', 'ğŸ“‰ BELOW CLOSE', 'ğŸš€ SPIKE +10% [7d]', 'ğŸš€ SPIKE +20% [14d]', 'âš ï¸ INSUFFICIENT DATA FOR MA/RSI', 'ğŸŸ¢ SUCCESSFUL TRADE C1', 'ğŸ§© MULTIPLE BUYS']",ğŸŸ¢ SUCCESSFUL TRADE C1,ğŸŸ¢ SUCCESSFUL TRADE,14,Ultra Conviction (12 - 14)
AUPH,TANG KEVIN,2025-08-05,Buy,11.68,200000,2336000,Director,https://finviz.com/http://www.sec.gov/Archives/edgar/data/1178579/000141588925021066/xslF345X05/form4-08052025_090800.xml,11.5,11.699999809265137,11.800000190734863,11.270000457763672,,,,11.449999809265137,11.789999961853027,11.260000228881836,0.9417804953170174,-3.595888451354142,12.529999732971191,11.18000030517578,7.2773949740684225,-4.280819305001886,,,,,11.479999542236328,8.800000190734863,11.479999542236328,8.550000190734863,,,0.001517,"['ğŸ“‹ Director', 'ğŸ’° LARGE TRADE', 'ğŸŒ± SMALL CAP', 'ğŸ¥ Healthcare', 'ğŸš€ SPIKE +5% [14d]', 'âš ï¸ INSUFFICIENT DATA FOR MA/RSI', 'ğŸŸ¢ SUCCESSFUL TRADE C1', 'ğŸ§© MULTIPLE BUYS']",ğŸŸ¢ SUCCESSFUL TRADE C1,,12,Ultra Conviction (12 - 14)
BHC,Paulson John,2025-08-11,Buy,6.35,2000000,12700000,Director,https://finviz.com/http://www.sec.gov/Archives/edgar/data/885590/000101359425001002/xslF345X05/form4.xml,5.75,6.659999847412109,6.980000019073486,5.75,6.301500058174133,59.2851039703704,6.285500073432923,5.75,8.6899995803833,6.670000076293945,36.850387092650415,5.039371280219617,,,,,,,,,6.110000133514404,5.650000095367432,7.099999904632568,5.5,,ğŸŸ¢ SPIKE BEFORE DROP - SUCCESSFUL TRADE,0.00479,"['ğŸ“‹ Director', 'ğŸ’° LARGE TRADE', 'ğŸŒ¿ MID CAP', 'ğŸ¥ Healthcare', 'ğŸ“‰ BELOW CLOSE', 'ğŸš€ SPIKE +20% [7d]', 'ğŸ“ˆ ABOVE SMA20', 'âš¡ï¸ SMA SUPPORT RECLAIMED', 'ğŸŸ¡ NEUTRAL (RSI)', 'ğŸŸ¢ SUCCESSFUL TRADE C1', 'ğŸ§© MULTIPLE BUYS']",ğŸŸ¢ SUCCESSFUL TRADE C1,ğŸŸ¢ SUCCESSFUL TRADE,13,Ultra Conviction (12 - 14)
BHC,Paulson John,2025-08-12,Buy,6.88,1156640,7957683,Director,https://finviz.com/http://www.sec.gov/Archives/edgar/data/885590/000101359425001002/xslF345X05/form4.xml,6.690000057220459,7.0,7.019999980926514,6.670000076293945,6.330500054359436,64.17349286928902,6.301500058174133,6.659999847412109,8.6899995803833,6.989999771118164,26.308133435803793,1.598833882531456,,,,,,,,,6.980000019073486,5.679999828338623,7.099999904632568,5.5,,ğŸŸ¢ SPIKE BEFORE DROP - SUCCESSFUL TRADE,0.003001,"['ğŸ“‹ Director', 'ğŸ’° LARGE TRADE', 'ğŸŒ¿ MID CAP', 'ğŸ¥ Healthcare', 'ğŸ“‰ BELOW CLOSE', 'ğŸš€ SPIKE +20% [7d]', 'ğŸ“ˆ ABOVE SMA20', 'ğŸŸ¡ NEUTRAL (RSI)', 'ğŸ’ª STRONG TREND', 'ğŸŸ¢ SUCCESSFUL TRADE C1', 'ğŸ§© MULTIPLE BUYS']",ğŸŸ¢ SUCCESSFUL TRADE C1,ğŸŸ¢ SUCCESSFUL TRADE,12,Ultra Conviction (12 - 14)
BHC,Paulson John,2025-08-14,Buy,9.0,34721118,312490062,Director,https://finviz.com/http://www.sec.gov/Archives/edgar/data/885590/000101359425001065/xslF345X05/form4.xml,7.349999904632568,7.510000228881836,7.769999980926514,7.21999979019165,,,6.367000055313111,7.170000076293945,8.6899995803833,7.449999809265137,-3.4444491068522134,-17.22222434149848,,,,,,,,,7.179999828338623,5.679999828338623,7.179999828338623,5.5,,ğŸ”´ DROP BEFORE SPIKE - BAD TRADE,0.117859,"['ğŸ“‹ Director', 'ğŸ”¥ VERY LARGE TRADE', 'ğŸŒ¿ MID CAP', 'ğŸ¥ Healthcare', 'ğŸš€ BUYING INTO STRENGTH', 'ğŸ“ˆ ABOVE CLOSE', 'ğŸ“‰ DIP -10% [7d]', 'âš ï¸ INSUFFICIENT DATA FOR MA/RSI', 'ğŸ§© MULTIPLE BUYS']",,ğŸ”´ UNSUCCESSFUL TRADE,12,Ultra Conviction (12 - 14)
CCO,MORENO ARTURO R,2025-07-31,Buy,1.07,1000000,1070000,10% Owner,https://finviz.com/http://www.sec.gov/Archives/edgar/data/1045060/000095017025101054/xslF345X05/ownership.xml,1.059999942779541,1.059999942779541,1.100000023841858,1.0399999618530271,1.1740000069141387,37.45208467965176,1.182500010728836,1.0800000429153442,1.25,1.0,16.822429906542048,-6.54205607476636,1.25,1.0,16.822429906542048,-6.54205607476636,,,,,1.190000057220459,1.059999942779541,1.25,1.059999942779541,,ğŸŸ¢ SPIKE BEFORE DROP - SUCCESSFUL TRADE,0.002032,"['ğŸ”Ÿ 10% Owner', 'ğŸ’° LARGE TRADE', 'ğŸŒ± SMALL CAP', 'ğŸ“ Communication', 'ğŸš€ SPIKE +10% [7d]', 'ğŸš€ SPIKE +10% [14d]', 'ğŸ“‰ DIP -5% [7d]', 'ğŸ“‰ DIP -5% [14d]', 'ğŸ“… NEAR EARNINGS', 'ğŸ“‰ BELOW SMA20', 'ğŸŸ¡ NEUTRAL (RSI)', 'ğŸ“‰ DIP SETUP', 'ğŸŸ¢ SUCCESSFUL TRADE C1', 'ğŸ§© MULTIPLE BUYS']",ğŸŸ¢ SUCCESSFUL TRADE C1,ğŸŸ¢ SUCCESSFUL TRADE,12,Ultra Conviction (12 - 14)
CCO,MORENO ARTURO R,2025-08-01,Buy,1.04,1500000,1560000,10% Owner,https://finviz.com/http://www.sec.gov/Archives/edgar/data/1045060/000095017025103021/xslF345X05/ownership.xml,1.100000023841858,1.0199999809265137,1.1100000143051147,1.0,1.1630000054836274,33.74316776709627,1.1740000069141387,1.059999942779541,1.25,1.0299999713897705,20.192307692307686,-0.96154121252207,1.25,1.0199999809265137,20.192307692307686,-1.9230787570659964,,,,,1.149999976158142,1.0399999618530271,1.25,1.0399999618530271,,ğŸŸ¢ SPIKE BEFORE DROP - SUCCESSFUL TRADE,0.002963,"['ğŸ”Ÿ 10% Owner', 'ğŸ’° LARGE TRADE', 'ğŸŒ± SMALL CAP', 'ğŸ“ Communication', 'ğŸ“ˆ ABOVE CLOSE', 'ğŸš€ SPIKE +20% [7d]', 'ğŸš€ SPIKE +20% [14d]', 'ğŸ“… NEAR EARNINGS', 'ğŸ“‰ BELOW SMA20', 'ğŸŸ¡ NEUTRAL (RSI)', 'ğŸ“‰ DIP SETUP', 'ğŸŸ¢ SUCCESSFUL TRADE C1', 'ğŸ§© MULTIPLE BUYS']",ğŸŸ¢ SUCCESSFUL TRADE C1,ğŸŸ¢ SUCCESSFUL TRADE,12,Ultra Conviction (12 - 14)
CDXS,Opaleye Management Inc.,2025-07-31,Buy,2.68,84220,225710,10% Owner,https://finviz.com/http://www.sec.gov/Archives/edgar/data/1200375/000164117225022060/xslF345X05/ownership.xml,2.7300000190734863,2.680000066757202,2.7799999713897705,2.650000095367432,2.918499970436096,45.56015563955789,2.9249999642372133,2.789999961853028,2.9600000381469727,2.5799999237060547,10.447762617424344,-3.731346130371099,3.869999885559082,2.5799999237060547,44.402980804443345,-3.731346130371099,,,,,3.3399999141693115,2.7699999809265137,3.390000104904175,2.7699999809265137,,ğŸŸ¢ SPIKE BEFORE DROP - SUCCESSFUL TRADE,0.001017,"['ğŸ”Ÿ 10% Owner', 'ğŸ’° LARGE TRADE', 'ğŸ£ MICRO CAP', 'ğŸ¥ Healthcare', 'ğŸ§¨ CAUGHT THE KNIFE [7d]', 'ğŸš€ SPIKE +10% [7d]', 'ğŸš€ SPIKE +20% [14d]', 'ğŸ“… NEAR EARNINGS', 'ğŸ“‰ BELOW SMA20', 'ğŸŸ¡ NEUTRAL (RSI)', 'ğŸŸ¢ SUCCESSFUL TRADE C1', 'ğŸ§© MULTIPLE BUYS']",ğŸŸ¢ SUCCESSFUL TRADE C1,ğŸŸ¢ SUCCESSFUL TRADE,13,Ultra Conviction (12 - 14)
CIVB,Weaks Nathan E,2025-07-31,Buy,19.35,1000,19350,Subsidiary Director,https://finviz.com/http://www.sec.gov/Archives/edgar/data/944745/000095017025100722/xslF345X05/ownership.xml,19.6200008392334,19.46999931335449,19.86000061035156,19.309999465942383,21.878999996185303,27.476968893997466,22.14450006484985,19.729999542236328,19.520000457763672,18.950000762939453,0.8785553372799506,-2.067179519692756,20.979999542236328,18.950000762939453,8.423770244115383,-2.067179519692756,,,,,21.530000686645508,19.64999961853028,21.950000762939453,19.64999961853028,,,5.1e-05,"['ğŸ“‹ Director', 'ğŸŒ± SMALL CAP', 'ğŸ¦ Financial', 'ğŸ§¨ CAUGHT THE KNIFE [7d]', 'ğŸš€ SPIKE +5% [14d]', 'ğŸ“‰ BELOW SMA20', 'ğŸ”» OVERSOLD (RSI < 30)', 'ğŸ“‰ DIP SETUP', 'ğŸŸ¢ SUCCESSFUL TRADE C1', 'ğŸ§© MULTIPLE BUYS']",ğŸŸ¢ SUCCESSFUL TRADE C1,,13,Ultra Conviction (12 - 14)
CLOV,Garipalli Vivek,2025-08-07,Buy,2.24,415000,929600,Director,https://finviz.com/http://www.sec.gov/Archives/edgar/data/1801170/000180117025000207/xslF345X05/wk-form4_1754683623.xml,2.289999961853028,2.2100000381469727,2.3299999237060547,2.1600000858306885,,22.307051920094395,,2.259999990463257,2.6700000762939453,2.119999885559082,19.196431977408263,-5.357147966112418,2.7249999046325684,2.119999885559082,21.651781456811076,-5.357147966112418,,,,,3.0,2.130000114440918,3.5350000858306885,2.130000114440918,,ğŸŸ¢ SPIKE BEFORE DROP - SUCCESSFUL TRADE,0.000835,"['ğŸ“‹ Director', 'ğŸŸ¢ SMALL TRADE', 'ğŸŒ± SMALL CAP', 'ğŸ¥ Healthcare', 'ğŸ“ˆ ABOVE CLOSE', 'ğŸš€ SPIKE +20% [7d]', 'ğŸš€ SPIKE +20% [14d]', 'ğŸ“‰ DIP -5% [7d]', 'ğŸ“‰ DIP -5% [14d]', 'ğŸ”» OVERSOLD (RSI < 30)', 'âš ï¸ INSUFFICIENT DATA FOR MA/RSI', 'ğŸŸ¢ SUCCESSFUL TRADE C1', 'ğŸ§© MULTIPLE BUYS']",ğŸŸ¢ SUCCESSFUL TRADE C1,ğŸŸ¢ SUCCESSFUL TRADE,12,Ultra Conviction (12 - 14)
CTEV,Dalton Travis,2025-08-11,Buy,58.3,3982,232158,"Pres., CEO & Executive Chair",https://finviz.com/http://www.sec.gov/Archives/edgar/data/1793229/000179322925000142/xslF345X05/wk-form4_1755029947.xml,57.54999923706055,61.61000061035156,61.88999938964844,56.65999984741211,,85.61430827988713,,56.810001373291016,72.65499877929688,61.57500076293945,24.622639415603565,5.617497020479342,,,,,,,,,57.005001068115234,38.310001373291016,57.005001068115234,37.869998931884766,,ğŸŸ¢ SPIKE BEFORE DROP - SUCCESSFUL TRADE,0.000229,"['ğŸ‘‘ CEO', 'ğŸŸ¢ SMALL TRADE', 'ğŸŒ± SMALL CAP', 'ğŸ¥ Healthcare', 'ğŸ“‰ BELOW CLOSE', 'ğŸš€ SPIKE +20% [7d]', 'ğŸš€ OVERBOUGHT (RSI > 70)', 'âš ï¸ INSUFFICIENT DATA FOR MA/RSI', 'ğŸŸ¢ SUCCESSFUL TRADE C1', 'ğŸ§© MULTIPLE BUYS']",ğŸŸ¢ SUCCESSFUL TRADE C1,ğŸŸ¢ SUCCESSFUL TRADE,12,Ultra Conviction (12 - 14)
DMAC,JACINTO RICHARD II,2025-07-23,Buy,3.5,400000,1400000,10% Owner,https://finviz.com/http://www.sec.gov/Archives/edgar/data/1196834/000143774925023532/xslF345X05/rdgdoc.xml,4.610000133514404,5.150000095367432,5.25,4.54010009765625,3.976000022888184,71.95857828406272,3.905000019073486,4.599999904632568,5.599999904632568,4.389999866485596,59.999997275216245,25.428567613874165,5.599999904632568,4.014500141143799,59.999997275216245,14.700004032679969,6.400000095367432,4.014500141143799,82.85714558192662,14.700004032679969,5.039999961853027,3.650000095367432,5.039999961853027,3.575000047683716,0.6942856652396066,ğŸŸ¢ SPIKE BEFORE DROP - SUCCESSFUL TRADE,0.006599,"['ğŸ”Ÿ 10% Owner', 'ğŸ”¥ VERY LARGE TRADE', 'ğŸ£ MICRO CAP', 'ğŸ¥ Healthcare', 'ğŸ§¨ CAUGHT THE KNIFE [7d]', 'ğŸ“‰ BELOW CLOSE', 'ğŸš€ SPIKE +20% [7d]', 'ğŸš€ SPIKE +20% [14d]', 'ğŸš€ SPIKE +20% [30d]', 'ğŸ“… NEAR EARNINGS', 'ğŸ“‰ BELOW SMA20', 'ğŸ”» SMA LOST', 'ğŸš€ OVERBOUGHT (RSI > 70)', 'ğŸŸ¢ SUCCESSFUL TRADE C1', 'ğŸ” CLUSTER BUY']",ğŸŸ¢ SUCCESSFUL TRADE C1,ğŸŸ¢ SUCCESSFUL TRADE,17,Highest Conviction (15+)
DMAC,STAHLBERG JAN,2025-07-23,Buy,3.5,1542857,5400000,10% Owner,https://finviz.com/http://www.sec.gov/Archives/edgar/data/1401040/000110465925070920/xslF345X05/tm2521564-1_4seq1.xml,4.610000133514404,5.150000095367432,5.25,4.54010009765625,3.976000022888184,71.95857828406272,3.905000019073486,4.599999904632568,5.599999904632568,4.389999866485596,59.999997275216245,25.428567613874165,5.599999904632568,4.014500141143799,59.999997275216245,14.700004032679969,6.400000095367432,4.014500141143799,82.85714558192662,14.700004032679969,5.039999961853027,3.650000095367432,5.039999961853027,3.575000047683716,0.6942856652396066,ğŸŸ¢ SPIKE BEFORE DROP - SUCCESSFUL TRADE,0.025455,"['ğŸ”Ÿ 10% Owner', 'ğŸ”¥ VERY LARGE TRADE', 'ğŸ£ MICRO CAP', 'ğŸ¥ Healthcare', 'ğŸ§¨ CAUGHT THE KNIFE [7d]', 'ğŸ“‰ BELOW CLOSE', 'ğŸš€ SPIKE +20% [7d]', 'ğŸš€ SPIKE +20% [14d]', 'ğŸš€ SPIKE +20% [30d]', 'ğŸ“… NEAR EARNINGS', 'ğŸ“‰ BELOW SMA20', 'ğŸ”» SMA LOST', 'ğŸš€ OVERBOUGHT (RSI > 70)', 'ğŸŸ¢ SUCCESSFUL TRADE C1', 'ğŸ” CLUSTER BUY']",ğŸŸ¢ SUCCESSFUL TRADE C1,ğŸŸ¢ SUCCESSFUL TRADE,17,Highest Conviction (15+)
DMAC,Von Koch Thomas,2025-07-23,Buy,3.5,2857142,9999997,10% Owner,https://finviz.com/http://www.sec.gov/Archives/edgar/data/1401040/000110465925070900/xslF345X05/tm2521564-2_4seq1.xml,4.610000133514404,5.150000095367432,5.25,4.54010009765625,3.976000022888184,71.95857828406272,3.905000019073486,4.599999904632568,5.599999904632568,4.389999866485596,59.999997275216245,25.428567613874165,5.599999904632568,4.014500141143799,59.999997275216245,14.700004032679969,6.400000095367432,4.014500141143799,82.85714558192662,14.700004032679969,5.039999961853027,3.650000095367432,5.039999961853027,3.575000047683716,0.6942856652396066,ğŸŸ¢ SPIKE BEFORE DROP - SUCCESSFUL TRADE,0.047139,"['ğŸ”Ÿ 10% Owner', 'ğŸ”¥ VERY LARGE TRADE', 'ğŸ£ MICRO CAP', 'ğŸ¥ Healthcare', 'ğŸ§¨ CAUGHT THE KNIFE [7d]', 'ğŸ“‰ BELOW CLOSE', 'ğŸš€ SPIKE +20% [7d]', 'ğŸš€ SPIKE +20% [14d]', 'ğŸš€ SPIKE +20% [30d]', 'ğŸ“… NEAR EARNINGS', 'ğŸ“‰ BELOW SMA20', 'ğŸ”» SMA LOST', 'ğŸš€ OVERBOUGHT (RSI > 70)', 'ğŸŸ¢ SUCCESSFUL TRADE C1', 'ğŸ” CLUSTER BUY']",ğŸŸ¢ SUCCESSFUL TRADE C1,ğŸŸ¢ SUCCESSFUL TRADE,17,Highest Conviction (15+)
ESTA,Caldini Filippo,2025-08-11,Buy,35.2,2850,100320,Chief Executive Officer,https://finviz.com/http://www.sec.gov/Archives/edgar/data/1688757/000183905925000007/xslF345X05/wk-form4_1754933556.xml,35.20000076293945,33.630001068115234,36.290000915527344,33.560001373291016,,22.19002323941304,,34.79999923706055,38.7599983215332,33.349998474121094,10.113631595264772,-5.255686153065082,,,,,,,,,44.470001220703125,33.88999938964844,44.470001220703125,33.88999938964844,,ğŸŸ¢ SPIKE BEFORE DROP - SUCCESSFUL TRADE,0.000103,"['ğŸ‘‘ CEO', 'ğŸŸ¢ SMALL TRADE', 'ğŸŒ± SMALL CAP', 'ğŸ¥ Healthcare', 'ğŸ“ˆ ABOVE CLOSE', 'ğŸš€ SPIKE +10% [7d]', 'ğŸ“‰ DIP -5% [7d]', 'ğŸ”» OVERSOLD (RSI < 30)', 'âš ï¸ INSUFFICIENT DATA FOR MA/RSI']",,ğŸŸ¢ SUCCESSFUL TRADE,12,Ultra Conviction (12 - 14)
HRTX,Morgan Adam,2025-08-08,Buy,1.5,1766546,2649819,Director,https://finviz.com/http://www.sec.gov/Archives/edgar/data/818033/000092189525002160/xslF345X05/form412927018_08122025.xml,1.440000057220459,1.3200000524520874,1.4600000381469729,1.2300000190734863,1.857499986886978,21.98162770117088,1.900499987602234,1.840000033378601,1.4700000286102295,1.190000057220459,-1.9999980926513672,-20.6666628519694,1.4700000286102295,1.190000057220459,-1.9999980926513672,-20.6666628519694,,,,,1.8799999952316284,1.659999966621399,1.9700000286102293,1.659999966621399,,ğŸ”´ DROP BEFORE SPIKE - BAD TRADE,0.012347,"['ğŸ“‹ Director', 'ğŸ”¥ VERY LARGE TRADE', 'ğŸ£ MICRO CAP', 'ğŸ¥ Healthcare', 'ğŸ§¨ CAUGHT THE KNIFE [7d]', 'ğŸ“ˆ ABOVE CLOSE', 'ğŸ“‰ DIP -20% [7d]', 'ğŸ“‰ DIP -20% [14d]', 'ğŸ“‰ BELOW SMA20', 'ğŸ”» OVERSOLD (RSI < 30)', 'ğŸ“‰ DIP SETUP']",,ğŸ”´ UNSUCCESSFUL TRADE,16,Highest Conviction (15+)
HRTX,Rubric Capital Management LP,2025-08-08,Buy,1.5,2387225,3580838,10% Owner,https://finviz.com/http://www.sec.gov/Archives/edgar/data/818033/000090266425003535/xslF345X05/ownership.xml,1.440000057220459,1.3200000524520874,1.4600000381469729,1.2300000190734863,1.857499986886978,21.98162770117088,1.900499987602234,1.840000033378601,1.4700000286102295,1.190000057220459,-1.9999980926513672,-20.6666628519694,1.4700000286102295,1.190000057220459,-1.9999980926513672,-20.6666628519694,,,,,1.8799999952316284,1.659999966621399,1.9700000286102293,1.659999966621399,,ğŸ”´ DROP BEFORE SPIKE - BAD TRADE,0.016685,"['ğŸ”Ÿ 10% Owner', 'ğŸ”¥ VERY LARGE TRADE', 'ğŸ£ MICRO CAP', 'ğŸ¥ Healthcare', 'ğŸ§¨ CAUGHT THE KNIFE [7d]', 'ğŸ“ˆ ABOVE CLOSE', 'ğŸ“‰ DIP -20% [7d]', 'ğŸ“‰ DIP -20% [14d]', 'ğŸ“‰ BELOW SMA20', 'ğŸ”» OVERSOLD (RSI < 30)', 'ğŸ“‰ DIP SETUP']",,ğŸ”´ UNSUCCESSFUL TRADE,17,Highest Conviction (15+)
IMA,Bonita David P,2025-07-25,Buy,29.9,83611,2499969,Director,https://finviz.com/http://www.sec.gov/Archives/edgar/data/1572451/000141588925020601/xslF345X05/form4-07302025_080741.xml,16.559999465942383,17.15999984741211,17.760000228881836,16.31999969482422,16.074000072479247,59.96338693352714,16.020000076293947,16.440000534057617,18.0,15.029999732971191,-39.79933110367893,-49.73244236464484,18.0,14.050000190734863,-39.79933110367893,-53.010032806906814,,,,,17.040000915527344,14.399999618530272,17.639999389648438,14.399999618530272,,ğŸ”´ DROP BEFORE SPIKE - BAD TRADE,0.01249,"['ğŸ“‹ Director', 'ğŸ”¥ VERY LARGE TRADE', 'ğŸ£ MICRO CAP', 'ğŸ¥ Healthcare', 'ğŸš€ BUYING INTO STRENGTH', 'ğŸ“ˆ ABOVE CLOSE', 'ğŸ“‰ DIP -20% [7d]', 'ğŸ“‰ DIP -20% [14d]', 'ğŸ“ˆ ABOVE SMA20', 'ğŸŸ¡ NEUTRAL (RSI)']",,ğŸ”´ UNSUCCESSFUL TRADE,12,Ultra Conviction (12 - 14)
IMA,Stampacchia Otello,2025-07-25,Buy,29.9,267556,7999924,Director,https://finviz.com/http://www.sec.gov/Archives/edgar/data/1361712/000141588925020598/xslF345X05/form4-07302025_080705.xml,16.559999465942383,17.15999984741211,17.760000228881836,16.31999969482422,16.074000072479247,59.96338693352714,16.020000076293947,16.440000534057617,18.0,15.029999732971191,-39.79933110367893,-49.73244236464484,18.0,14.050000190734863,-39.79933110367893,-53.010032806906814,,,,,17.040000915527344,14.399999618530272,17.639999389648438,14.399999618530272,,ğŸ”´ DROP BEFORE SPIKE - BAD TRADE,0.039969,"['ğŸ“‹ Director', 'ğŸ”¥ VERY LARGE TRADE', 'ğŸ£ MICRO CAP', 'ğŸ¥ Healthcare', 'ğŸš€ BUYING INTO STRENGTH', 'ğŸ“ˆ ABOVE CLOSE', 'ğŸ“‰ DIP -20% [7d]', 'ğŸ“‰ DIP -20% [14d]', 'ğŸ“ˆ ABOVE SMA20', 'ğŸŸ¡ NEUTRAL (RSI)']",,ğŸ”´ UNSUCCESSFUL TRADE,12,Ultra Conviction (12 - 14)
KURA,WILSON TROY EDWARD,2025-08-12,Buy,5.85,36506,213578,President and CEO,https://finviz.com/http://www.sec.gov/Archives/edgar/data/1422143/000095017025108844/xslF345X05/ownership.xml,5.599999904632568,6.199999809265137,6.2179999351501465,5.519999980926514,,,,5.539999961853027,7.769999980926514,6.244999885559082,32.82051249447033,6.752134795881751,,,,,,,,,6.489999771118164,5.449999809265137,6.590000152587891,5.449999809265137,,ğŸŸ¢ SPIKE BEFORE DROP - SUCCESSFUL TRADE,0.000335,"['ğŸ‘‘ CEO', 'ğŸŸ¢ SMALL TRADE', 'ğŸŒ± SMALL CAP', 'ğŸ¥ Healthcare', 'ğŸ“‰ BELOW CLOSE', 'ğŸš€ SPIKE +20% [7d]', 'âš ï¸ INSUFFICIENT DATA FOR MA/RSI', 'ğŸŸ¢ SUCCESSFUL TRADE C1', 'ğŸ§© MULTIPLE BUYS']",ğŸŸ¢ SUCCESSFUL TRADE C1,ğŸŸ¢ SUCCESSFUL TRADE,12,Ultra Conviction (12 - 14)
KURA,WILSON TROY EDWARD,2025-08-13,Buy,6.639999999999999,13494,89623,President and CEO,https://finviz.com/http://www.sec.gov/Archives/edgar/data/1422143/000095017025108844/xslF345X05/ownership.xml,6.289999961853027,6.489999771118164,6.735000133514404,6.244999885559082,,,,6.199999809265137,7.769999980926514,6.349999904632568,17.01807200190535,-4.367471315774556,,,,,,,,,6.349999904632568,5.449999809265137,6.590000152587891,5.449999809265137,,ğŸŸ¢ SPIKE BEFORE DROP - SUCCESSFUL TRADE,0.000141,"['ğŸ‘‘ CEO', 'ğŸŸ¢ SMALL TRADE', 'ğŸŒ± SMALL CAP', 'ğŸ¥ Healthcare', 'ğŸ“ˆ ABOVE CLOSE', 'ğŸš€ SPIKE +10% [7d]', 'âš ï¸ INSUFFICIENT DATA FOR MA/RSI', 'ğŸŸ¢ SUCCESSFUL TRADE C1', 'ğŸ§© MULTIPLE BUYS']",ğŸŸ¢ SUCCESSFUL TRADE C1,ğŸŸ¢ SUCCESSFUL TRADE,12,Ultra Conviction (12 - 14)
LRMR,Flynn James E,2025-07-31,Buy,3.2,9375000,30000000,Director,https://finviz.com/http://www.sec.gov/Archives/edgar/data/1009258/000119380525001155/xslF345X05/e664762_4-larimar.xml,3.559999942779541,3.4600000381469727,3.690000057220459,3.3949999809265137,,,,3.569999933242798,4.224999904632568,3.174999952316284,32.031247019767754,-0.7812514901161249,4.329999923706055,3.174999952316284,35.3124976158142,-0.7812514901161249,,,,,4.010000228881836,3.2699999809265137,4.010000228881836,3.119999885559082,,ğŸŸ¢ SPIKE BEFORE DROP - SUCCESSFUL TRADE,0.141349,"['ğŸ“‹ Director', 'ğŸ”¥ VERY LARGE TRADE', 'ğŸ£ MICRO CAP', 'ğŸ¥ Healthcare', 'ğŸ“‰ DIP BUY', 'ğŸ§¨ CAUGHT THE KNIFE [7d]', 'ğŸ“‰ BELOW CLOSE', 'ğŸš€ SPIKE +20% [7d]', 'ğŸš€ SPIKE +20% [14d]', 'ğŸ“… NEAR EARNINGS', 'âš ï¸ INSUFFICIENT DATA FOR MA/RSI', 'ğŸŸ¢ SUCCESSFUL TRADE C1']",ğŸŸ¢ SUCCESSFUL TRADE C1,ğŸŸ¢ SUCCESSFUL TRADE,12,Ultra Conviction (12 - 14)
MSDL,Occi Michael Jr.,2025-08-12,Buy,17.78,14000,248851,Chief Executive Officer,https://finviz.com/http://www.sec.gov/Archives/edgar/data/1782524/000095017025107681/xslF345X05/ownership.xml,17.760000228881836,17.75,17.829999923706055,17.649999618530273,18.89800014495849,22.85402547839371,18.978500175476075,17.700000762939453,17.920000076293945,17.59000015258789,0.787402003902948,-1.0686155647475282,,,,,,,,,18.549999237060547,17.3700008392334,19.43000030517578,17.3700008392334,,,0.000161,"['ğŸ‘‘ CEO', 'ğŸŸ¢ SMALL TRADE', 'ğŸŒ± SMALL CAP', 'ğŸ¦ Financial', 'ğŸ“‰ BELOW SMA20', 'ğŸ”» OVERSOLD (RSI < 30)', 'ğŸ“‰ DIP SETUP', 'ğŸŸ¢ SUCCESSFUL TRADE C1', 'ğŸ” CLUSTER BUY']",ğŸŸ¢ SUCCESSFUL TRADE C1,,17,Highest Conviction (15+)
NEGG,Galkin Vladimir,2025-07-29,Buy,42.33,138757,5873837,10% Owner,https://finviz.com/http://www.sec.gov/Archives/edgar/data/1474627/000137647425000686/xslF345X05/filing.xml,40.04999923706055,56.18999862670898,56.77000045776367,40.04999923706055,29.389500188827515,74.50772415258459,27.39200024604797,39.08000183105469,69.5,41.0,64.18615639026696,-3.141979683439637,85.98999786376953,41.0,103.14197463682856,-3.141979683439637,,,,,43.27000045776367,25.82999992370605,48.0099983215332,25.489999771118164,,ğŸŸ¢ SPIKE BEFORE DROP - SUCCESSFUL TRADE,0.004727,"['ğŸ”Ÿ 10% Owner', 'ğŸ’° LARGE TRADE', 'ğŸŒ± SMALL CAP', 'ğŸ›ï¸ Consumer Cyclical', 'ğŸ“‰ BELOW CLOSE', 'ğŸš€ SPIKE +20% [7d]', 'ğŸš€ SPIKE +20% [14d]', 'ğŸ“ˆ ABOVE SMA20', 'ğŸš€ OVERBOUGHT (RSI > 70)', 'ğŸ’ª STRONG TREND', 'ğŸŸ¢ SUCCESSFUL TRADE C1', 'ğŸ§© MULTIPLE BUYS']",ğŸŸ¢ SUCCESSFUL TRADE C1,ğŸŸ¢ SUCCESSFUL TRADE,12,Ultra Conviction (12 - 14)
NSP,ALLISON JAMES D,2025-08-04,Buy,46.82,4000,187280,"EVP, Finance, CFO & Treasurer",https://finviz.com/http://www.sec.gov/Archives/edgar/data/1000753/000100075325000078/xslF345X05/form4.xml,45.5099983215332,48.27000045776367,48.43000030517578,44.13999938964844,57.99449977874756,29.258843591531104,58.593499755859376,45.06999969482422,54.27999877929688,47.33000183105469,15.933359203966004,1.089281997126628,54.27999877929688,47.33000183105469,15.933359203966004,1.089281997126628,,,,,61.650001525878906,45.06999969482422,61.650001525878906,45.06999969482422,,ğŸŸ¢ SPIKE BEFORE DROP - SUCCESSFUL TRADE,9.8e-05,"['ğŸ’¼ CFO', 'ğŸŒ± SMALL CAP', 'ğŸ—ï¸ Industrial', 'ğŸ“‰ BELOW CLOSE', 'ğŸš€ SPIKE +10% [7d]', 'ğŸš€ SPIKE +10% [14d]', 'ğŸ“‰ BELOW SMA20', 'ğŸ”» OVERSOLD (RSI < 30)', 'ğŸ“‰ DIP SETUP', 'ğŸŸ¢ SUCCESSFUL TRADE C1', 'ğŸ” CLUSTER BUY']",ğŸŸ¢ SUCCESSFUL TRADE C1,ğŸŸ¢ SUCCESSFUL TRADE,14,Ultra Conviction (12 - 14)
NSP,JONES ELI,2025-08-04,Buy,45.41,2204,100092,Director,https://finviz.com/http://www.sec.gov/Archives/edgar/data/1000753/000100075325000080/xslF345X05/form4.xml,45.5099983215332,48.27000045776367,48.43000030517578,44.13999938964844,57.99449977874756,29.258843591531104,58.593499755859376,45.06999969482422,54.27999877929688,47.33000183105469,19.533139791448768,4.228147612981042,54.27999877929688,47.33000183105469,19.533139791448768,4.228147612981042,,,,,61.650001525878906,45.06999969482422,61.650001525878906,45.06999969482422,,ğŸŸ¢ SPIKE BEFORE DROP - SUCCESSFUL TRADE,5.3e-05,"['ğŸ“‹ Director', 'ğŸŒ± SMALL CAP', 'ğŸ—ï¸ Industrial', 'ğŸ“‰ BELOW CLOSE', 'ğŸš€ SPIKE +20% [7d]', 'ğŸš€ SPIKE +20% [14d]', 'ğŸ“‰ BELOW SMA20', 'ğŸ”» OVERSOLD (RSI < 30)', 'ğŸ“‰ DIP SETUP', 'ğŸŸ¢ SUCCESSFUL TRADE C1', 'ğŸ” CLUSTER BUY']",ğŸŸ¢ SUCCESSFUL TRADE C1,ğŸŸ¢ SUCCESSFUL TRADE,12,Ultra Conviction (12 - 14)
NSP,KAUFMAN CAROL R,2025-08-04,Buy,45.24,5000,226200,Director,https://finviz.com/http://www.sec.gov/Archives/edgar/data/1000753/000112760225020170/xslF345X05/form4.xml,45.5099983215332,48.27000045776367,48.43000030517578,44.13999938964844,57.99449977874756,29.258843591531104,58.593499755859376,45.06999969482422,54.27999877929688,47.33000183105469,19.98231383575791,4.619809529298597,54.27999877929688,47.33000183105469,19.98231383575791,4.619809529298597,,,,,61.650001525878906,45.06999969482422,61.650001525878906,45.06999969482422,,ğŸŸ¢ SPIKE BEFORE DROP - SUCCESSFUL TRADE,0.000119,"['ğŸ“‹ Director', 'ğŸŸ¢ SMALL TRADE', 'ğŸŒ± SMALL CAP', 'ğŸ—ï¸ Industrial', 'ğŸ“‰ BELOW CLOSE', 'ğŸš€ SPIKE +20% [7d]', 'ğŸš€ SPIKE +20% [14d]', 'ğŸ“‰ BELOW SMA20', 'ğŸ”» OVERSOLD (RSI < 30)', 'ğŸ“‰ DIP SETUP', 'ğŸŸ¢ SUCCESSFUL TRADE C1', 'ğŸ” CLUSTER BUY']",ğŸŸ¢ SUCCESSFUL TRADE C1,ğŸŸ¢ SUCCESSFUL TRADE,13,Ultra Conviction (12 - 14)
NSP,Lumelleau John L,2025-08-04,Buy,45.36,5500,249480,Director,https://finviz.com/http://www.sec.gov/Archives/edgar/data/1000753/000100075325000082/xslF345X05/form4.xml,45.5099983215332,48.27000045776367,48.43000030517578,44.13999938964844,57.99449977874756,29.258843591531104,58.593499755859376,45.06999969482422,54.27999877929688,47.33000183105469,19.66490030709189,4.343037546416861,54.27999877929688,47.33000183105469,19.66490030709189,4.343037546416861,,,,,61.650001525878906,45.06999969482422,61.650001525878906,45.06999969482422,,ğŸŸ¢ SPIKE BEFORE DROP - SUCCESSFUL TRADE,0.000131,"['ğŸ“‹ Director', 'ğŸŸ¢ SMALL TRADE', 'ğŸŒ± SMALL CAP', 'ğŸ—ï¸ Industrial', 'ğŸ“‰ BELOW CLOSE', 'ğŸš€ SPIKE +20% [7d]', 'ğŸš€ SPIKE +20% [14d]', 'ğŸ“‰ BELOW SMA20', 'ğŸ”» OVERSOLD (RSI < 30)', 'ğŸ“‰ DIP SETUP', 'ğŸŸ¢ SUCCESSFUL TRADE C1', 'ğŸ” CLUSTER BUY']",ğŸŸ¢ SUCCESSFUL TRADE C1,ğŸŸ¢ SUCCESSFUL TRADE,13,Ultra Conviction (12 - 14)
NSP,MASTERSON ELLEN H,2025-08-04,Buy,45.3,490,22197,Director,https://finviz.com/http://www.sec.gov/Archives/edgar/data/1000753/000100075325000084/xslF345X05/form4.xml,45.5099983215332,48.27000045776367,48.43000030517578,44.13999938964844,57.99449977874756,29.258843591531104,58.593499755859376,45.06999969482422,54.27999877929688,47.33000183105469,19.82339686379003,4.481240245153842,54.27999877929688,47.33000183105469,19.82339686379003,4.481240245153842,,,,,61.650001525878906,45.06999969482422,61.650001525878906,45.06999969482422,,ğŸŸ¢ SPIKE BEFORE DROP - SUCCESSFUL TRADE,1.2e-05,"['ğŸ“‹ Director', 'ğŸŒ± SMALL CAP', 'ğŸ—ï¸ Industrial', 'ğŸ“‰ BELOW CLOSE', 'ğŸš€ SPIKE +20% [7d]', 'ğŸš€ SPIKE +20% [14d]', 'ğŸ“‰ BELOW SMA20', 'ğŸ”» OVERSOLD (RSI < 30)', 'ğŸ“‰ DIP SETUP', 'ğŸŸ¢ SUCCESSFUL TRADE C1', 'ğŸ” CLUSTER BUY']",ğŸŸ¢ SUCCESSFUL TRADE C1,ğŸŸ¢ SUCCESSFUL TRADE,12,Ultra Conviction (12 - 14)
NSP,Mehl Randall,2025-08-04,Buy,45.05,2000,90100,Director,https://finviz.com/http://www.sec.gov/Archives/edgar/data/1000753/000100075325000086/xslF345X05/form4.xml,45.5099983215332,48.27000045776367,48.43000030517578,44.13999938964844,57.99449977874756,29.258843591531104,58.593499755859376,45.06999969482422,54.27999877929688,47.33000183105469,20.48834357224614,5.0610473497329425,54.27999877929688,47.33000183105469,20.48834357224614,5.0610473497329425,,,,,61.650001525878906,45.06999969482422,61.650001525878906,45.06999969482422,,ğŸŸ¢ SPIKE BEFORE DROP - SUCCESSFUL TRADE,4.7e-05,"['ğŸ“‹ Director', 'ğŸŒ± SMALL CAP', 'ğŸ—ï¸ Industrial', 'ğŸ§¨ CAUGHT THE KNIFE [7d]', 'ğŸ“‰ BELOW CLOSE', 'ğŸš€ SPIKE +20% [7d]', 'ğŸš€ SPIKE +20% [14d]', 'ğŸ“‰ BELOW SMA20', 'ğŸ”» OVERSOLD (RSI < 30)', 'ğŸ“‰ DIP SETUP', 'ğŸŸ¢ SUCCESSFUL TRADE C1', 'ğŸ” CLUSTER BUY']",ğŸŸ¢ SUCCESSFUL TRADE C1,ğŸŸ¢ SUCCESSFUL TRADE,13,Ultra Conviction (12 - 14)
PEBO,SKINNER FRANCES A,2025-07-29,Buy,29.54,300,8862,Director,https://finviz.com/http://www.sec.gov/Archives/edgar/data/318300/000031830025000233/xslF345X05/wk-form4_1753892046.xml,30.049999237060547,29.34000015258789,30.049999237060547,29.309999465942383,31.067500019073485,38.86653224196567,31.12750005722046,29.780000686645508,29.56999969482422,27.709999084472656,0.1015561774685836,-6.194992943559049,29.68000030517578,27.709999084472656,0.4739346823824716,-6.194992943559049,,,,,32.20000076293945,28.799999237060547,32.20000076293945,28.799999237060547,,,9e-06,"['ğŸ“‹ Director', 'ğŸŒ± SMALL CAP', 'ğŸ¦ Financial', 'ğŸ“‰ DIP -5% [7d]', 'ğŸ“‰ DIP -5% [14d]', 'ğŸ“‰ BELOW SMA20', 'ğŸŸ¡ NEUTRAL (RSI)', 'ğŸ“‰ DIP SETUP', 'ğŸŸ¢ SUCCESSFUL TRADE C1', 'ğŸ” CLUSTER BUY']",ğŸŸ¢ SUCCESSFUL TRADE C1,,12,Ultra Conviction (12 - 14)
PEBO,Smith Dwight Eric,2025-07-24,Buy,30.27,1060,32083,Director,https://finviz.com/http://www.sec.gov/Archives/edgar/data/318300/000031830025000230/xslF345X05/wk-form4_1753732788.xml,30.030000686645508,29.049999237060547,30.31999969482422,29.0,31.22550001144409,33.73431220375443,31.26300001144409,30.040000915527344,30.049999237060547,28.479999542236328,-0.7267947239492987,-5.913447168033272,30.049999237060547,27.709999084472656,-0.7267947239492987,-8.457221392558122,31.020000457763672,27.709999084472656,2.4777022060246856,-8.457221392558122,32.20000076293945,29.71999931335449,32.20000076293945,29.71999931335449,0.0221341438406877,ğŸ”´ FINAL GAIN TOO LOW - BAD TRADE,3.1e-05,"['ğŸ“‹ Director', 'ğŸŒ± SMALL CAP', 'ğŸ¦ Financial', 'ğŸ“ˆ ABOVE CLOSE', 'ğŸ“‰ DIP -5% [7d]', 'ğŸ“‰ DIP -5% [14d]', 'ğŸ“‰ DIP -5% [30d]', 'ğŸ“‰ BELOW SMA20', 'ğŸŸ¡ NEUTRAL (RSI)', 'ğŸ“‰ DIP SETUP', 'ğŸ”´ UNSUCCESSFUL TRADE C1', 'ğŸ” CLUSTER BUY']",ğŸ”´ UNSUCCESSFUL TRADE C1,ğŸ”´ UNSUCCESSFUL TRADE,12,Ultra Conviction (12 - 14)
PEBO,Wilcox Tyler J,2025-07-24,Buy,30.03,400,12012,Chief Executive Officer,https://finviz.com/http://www.sec.gov/Archives/edgar/data/318300/000031830025000224/xslF345X05/wk-form4_1753451537.xml,30.030000686645508,29.049999237060547,30.31999969482422,29.0,31.22550001144409,33.73431220375443,31.26300001144409,30.040000915527344,30.049999237060547,28.479999542236328,0.0665975260091433,-5.161506685859717,30.049999237060547,27.709999084472656,0.0665975260091433,-7.725610774316832,31.020000457763672,27.709999084472656,3.296704821057844,-7.725610774316832,32.20000076293945,29.71999931335449,32.20000076293945,29.71999931335449,0.0303030480871667,ğŸ”´ FINAL GAIN TOO LOW - BAD TRADE,1.2e-05,"['ğŸ‘‘ CEO', 'ğŸŒ± SMALL CAP', 'ğŸ¦ Financial', 'ğŸ“ˆ ABOVE CLOSE', 'ğŸ“‰ DIP -5% [7d]', 'ğŸ“‰ DIP -5% [14d]', 'ğŸ“‰ DIP -5% [30d]', 'ğŸ“‰ BELOW SMA20', 'ğŸŸ¡ NEUTRAL (RSI)', 'ğŸ“‰ DIP SETUP', 'ğŸ”´ UNSUCCESSFUL TRADE C1', 'ğŸ” CLUSTER BUY']",ğŸ”´ UNSUCCESSFUL TRADE C1,ğŸ”´ UNSUCCESSFUL TRADE,14,Ultra Conviction (12 - 14)
PGC,KENNEDY DOUGLAS L,2025-07-23,Buy,26.24,3720,97628,President & CEO,https://finviz.com/http://www.sec.gov/Archives/edgar/data/1050743/000095017025098376/xslF345X05/ownership.xml,27.209999084472656,26.34000015258789,27.38999938964844,25.5,29.18649997711181,33.455550137199324,29.25349998474121,27.270000457763672,26.979999542236328,25.559999465942383,2.8201202066933297,-2.591465449914694,26.979999542236328,24.420000076293945,2.8201202066933297,-6.935975319001727,28.739999771118164,24.420000076293945,9.527438152127155,-6.935975319001727,30.280000686645508,27.170000076293945,30.770000457763672,27.170000076293945,0.0308688733635879,ğŸ”´ FINAL GAIN TOO LOW - BAD TRADE,0.000224,"['ğŸ‘‘ CEO', 'ğŸŸ¢ SMALL TRADE', 'ğŸŒ± SMALL CAP', 'ğŸ¦ Financial', 'ğŸ§¨ CAUGHT THE KNIFE [7d]', 'ğŸš€ SPIKE +10% [30d]', 'ğŸ“‰ DIP -5% [14d]', 'ğŸ“‰ DIP -5% [30d]', 'ğŸ“‰ BELOW SMA20', 'ğŸŸ¡ NEUTRAL (RSI)', 'ğŸ“‰ DIP SETUP', 'ğŸ”´ UNSUCCESSFUL TRADE C1']",ğŸ”´ UNSUCCESSFUL TRADE C1,ğŸ”´ UNSUCCESSFUL TRADE,12,Ultra Conviction (12 - 14)
PRME,"ARCH Venture Partners X, LLC",2025-08-01,Buy,3.3,3030300,9999990,10% Owner,https://finviz.com/http://www.sec.gov/Archives/edgar/data/1219039/000106299325013460/xslF345X05/form4.xml,3.509999990463257,4.039999961853027,4.070000171661377,3.509999990463257,4.228250002861023,56.10577707902282,4.181749999523163,3.740000009536743,4.724999904632568,3.5,43.18181529189602,6.060606060606066,4.724999904632568,3.3499999046325684,43.18181529189602,1.5151486252293498,,,,,4.360000133514404,3.5199999809265137,5.170000076293945,3.5199999809265137,,ğŸŸ¢ SPIKE BEFORE DROP - SUCCESSFUL TRADE,0.018404,"['ğŸ”Ÿ 10% Owner', 'ğŸ”¥ VERY LARGE TRADE', 'ğŸŒ± SMALL CAP', 'ğŸ¥ Healthcare', 'ğŸ§¨ CAUGHT THE KNIFE [7d]', 'ğŸ“‰ BELOW CLOSE', 'ğŸš€ SPIKE +20% [7d]', 'ğŸš€ SPIKE +20% [14d]', 'ğŸ“… NEAR EARNINGS', 'ğŸ“‰ BELOW SMA20', 'ğŸŸ¡ NEUTRAL (RSI)', 'ğŸŸ¢ SUCCESSFUL TRADE C1', 'ğŸ” CLUSTER BUY']",ğŸŸ¢ SUCCESSFUL TRADE C1,ğŸŸ¢ SUCCESSFUL TRADE,18,Highest Conviction (15+)
PRME,"ARCH Venture Partners XII, LLC",2025-08-01,Buy,3.3,3030300,9999990,10% Owner,https://finviz.com/http://www.sec.gov/Archives/edgar/data/1894562/000106299325013461/xslF345X05/form4.xml,3.509999990463257,4.039999961853027,4.070000171661377,3.509999990463257,4.228250002861023,56.10577707902282,4.181749999523163,3.740000009536743,4.724999904632568,3.5,43.18181529189602,6.060606060606066,4.724999904632568,3.3499999046325684,43.18181529189602,1.5151486252293498,,,,,4.360000133514404,3.5199999809265137,5.170000076293945,3.5199999809265137,,ğŸŸ¢ SPIKE BEFORE DROP - SUCCESSFUL TRADE,0.018404,"['ğŸ”Ÿ 10% Owner', 'ğŸ”¥ VERY LARGE TRADE', 'ğŸŒ± SMALL CAP', 'ğŸ¥ Healthcare', 'ğŸ§¨ CAUGHT THE KNIFE [7d]', 'ğŸ“‰ BELOW CLOSE', 'ğŸš€ SPIKE +20% [7d]', 'ğŸš€ SPIKE +20% [14d]', 'ğŸ“… NEAR EARNINGS', 'ğŸ“‰ BELOW SMA20', 'ğŸŸ¡ NEUTRAL (RSI)', 'ğŸŸ¢ SUCCESSFUL TRADE C1', 'ğŸ” CLUSTER BUY']",ğŸŸ¢ SUCCESSFUL TRADE C1,ğŸŸ¢ SUCCESSFUL TRADE,18,Highest Conviction (15+)
PRME,"GV 2021 GP, L.L.C.",2025-08-01,Buy,3.3,1500000,4950000,10% Owner,https://finviz.com/http://www.sec.gov/Archives/edgar/data/1652044/000141588925021025/xslF345X05/form4-08052025_080848.xml,3.509999990463257,4.039999961853027,4.070000171661377,3.509999990463257,4.228250002861023,56.10577707902282,4.181749999523163,3.740000009536743,4.724999904632568,3.5,43.18181529189602,6.060606060606066,4.724999904632568,3.3499999046325684,43.18181529189602,1.5151486252293498,,,,,4.360000133514404,3.5199999809265137,5.170000076293945,3.5199999809265137,,ğŸŸ¢ SPIKE BEFORE DROP - SUCCESSFUL TRADE,0.00911,"['ğŸ”Ÿ 10% Owner', 'ğŸ”¥ VERY LARGE TRADE', 'ğŸŒ± SMALL CAP', 'ğŸ¥ Healthcare', 'ğŸ§¨ CAUGHT THE KNIFE [7d]', 'ğŸ“‰ BELOW CLOSE', 'ğŸš€ SPIKE +20% [7d]', 'ğŸš€ SPIKE +20% [14d]', 'ğŸ“… NEAR EARNINGS', 'ğŸ“‰ BELOW SMA20', 'ğŸŸ¡ NEUTRAL (RSI)', 'ğŸŸ¢ SUCCESSFUL TRADE C1', 'ğŸ” CLUSTER BUY']",ğŸŸ¢ SUCCESSFUL TRADE C1,ğŸŸ¢ SUCCESSFUL TRADE,18,Highest Conviction (15+)
PRME,NELSEN ROBERT,2025-08-01,Buy,3.3,3030300,9999990,Director,https://finviz.com/http://www.sec.gov/Archives/edgar/data/1219042/000106299325013462/xslF345X05/form4.xml,3.509999990463257,4.039999961853027,4.070000171661377,3.509999990463257,4.228250002861023,56.10577707902282,4.181749999523163,3.740000009536743,4.724999904632568,3.5,43.18181529189602,6.060606060606066,4.724999904632568,3.3499999046325684,43.18181529189602,1.5151486252293498,,,,,4.360000133514404,3.5199999809265137,5.170000076293945,3.5199999809265137,,ğŸŸ¢ SPIKE BEFORE DROP - SUCCESSFUL TRADE,0.018404,"['ğŸ“‹ Director', 'ğŸ”¥ VERY LARGE TRADE', 'ğŸŒ± SMALL CAP', 'ğŸ¥ Healthcare', 'ğŸ§¨ CAUGHT THE KNIFE [7d]', 'ğŸ“‰ BELOW CLOSE', 'ğŸš€ SPIKE +20% [7d]', 'ğŸš€ SPIKE +20% [14d]', 'ğŸ“… NEAR EARNINGS', 'ğŸ“‰ BELOW SMA20', 'ğŸŸ¡ NEUTRAL (RSI)', 'ğŸŸ¢ SUCCESSFUL TRADE C1', 'ğŸ” CLUSTER BUY']",ğŸŸ¢ SUCCESSFUL TRADE C1,ğŸŸ¢ SUCCESSFUL TRADE,17,Highest Conviction (15+)
PTLO,Osanloo Michael,2025-08-11,Buy,8.0,2000,16000,President & CEO,https://finviz.com/http://www.sec.gov/Archives/edgar/data/1432086/000187150925000130/xslF345X05/wk-form4_1754948835.xml,7.940000057220459,7.849999904632568,8.069999694824219,7.760000228881836,,,,7.420000076293945,8.210000038146973,7.454999923706055,2.625000476837158,-6.812500953674316,,,,,,,,,9.739999771118164,7.199999809265137,10.664999961853027,7.199999809265137,,ğŸ”´ DROP BEFORE SPIKE - BAD TRADE,3e-05,"['ğŸ‘‘ CEO', 'ğŸŒ± SMALL CAP', 'ğŸ›ï¸ Consumer Cyclical', 'ğŸ“ˆ ABOVE CLOSE', 'ğŸ“‰ DIP -5% [7d]', 'âš ï¸ INSUFFICIENT DATA FOR MA/RSI', 'ğŸ” CLUSTER BUY', 'ğŸ§© MULTIPLE BUYS']",,ğŸ”´ UNSUCCESSFUL TRADE,13,Ultra Conviction (12 - 14)
RPD,"JANA Partners Management, LP",2025-08-11,Buy,18.23,358738,6539794,Director,https://finviz.com/http://www.sec.gov/Archives/edgar/data/1560327/000090266425003562/xslF345X05/ownership.xml,17.899999618530273,18.770000457763672,18.780000686645508,17.895000457763672,21.45225009918213,29.570623680357343,21.653750038146978,17.875,21.780000686645508,18.670000076293945,19.47339926848879,2.413604368041387,,,,,,,,,20.86000061035156,17.829999923706055,23.020000457763672,17.829999923706055,,ğŸŸ¢ SPIKE BEFORE DROP - SUCCESSFUL TRADE,0.004738,"['ğŸ“‹ Director', 'ğŸ’° LARGE TRADE', 'ğŸŒ± SMALL CAP', 'ğŸ“¡ Tech', 'ğŸ“‰ BELOW CLOSE', 'ğŸš€ SPIKE +20% [7d]', 'ğŸ“‰ BELOW SMA20', 'ğŸ”» OVERSOLD (RSI < 30)', 'ğŸ“‰ DIP SETUP', 'ğŸŸ¢ SUCCESSFUL TRADE C1', 'ğŸ§© MULTIPLE BUYS']",ğŸŸ¢ SUCCESSFUL TRADE C1,ğŸŸ¢ SUCCESSFUL TRADE,14,Ultra Conviction (12 - 14)
SFNC,MAKRIS GEORGE JR,2025-07-23,Buy,18.5,45625,844063,Chairman & CEO,https://finviz.com/http://www.sec.gov/Archives/edgar/data/90498/000095017025098470/xslF345X05/ownership.xml,19.709999084472656,20.11000061035156,20.18000030517578,19.6200008392334,19.736000156402586,57.97664270461325,19.673000144958497,19.709999084472656,20.06999969482422,19.420000076293945,8.48648483688767,4.972973385372677,20.06999969482422,18.6299991607666,8.48648483688767,0.7026981663059544,20.979999542236328,18.479999542236328,13.40540293100718,-0.1081105825063344,20.799999237060547,19.18000030517578,20.799999237060547,19.18000030517578,0.0799999752560177,ğŸ”´ FINAL GAIN TOO LOW - BAD TRADE,0.000304,"['ğŸ‘‘ CEO', 'ğŸŸ¢ SMALL TRADE', 'ğŸŒ¿ MID CAP', 'ğŸ¦ Financial', 'ğŸ§¨ CAUGHT THE KNIFE [7d]', 'ğŸ“‰ BELOW CLOSE', 'ğŸš€ SPIKE +5% [7d]', 'ğŸš€ SPIKE +5% [14d]', 'ğŸš€ SPIKE +10% [30d]', 'ğŸ“‰ BELOW SMA20', 'ğŸ”» SMA LOST', 'ğŸŸ¡ NEUTRAL (RSI)', 'ğŸ”´ UNSUCCESSFUL TRADE C1', 'ğŸ” CLUSTER BUY']",ğŸ”´ UNSUCCESSFUL TRADE C1,ğŸ”´ UNSUCCESSFUL TRADE,12,Ultra Conviction (12 - 14)
SHEN,"ECP ControlCo, LLC",2025-07-30,Buy,14.88,17303,257512,10% Owner,https://finviz.com/http://www.sec.gov/Archives/edgar/data/354963/000164117225021754/xslF345X05/ownership.xml,14.970000267028809,14.800000190734863,15.25,14.65999984741211,14.845999908447263,53.76537705538567,14.806499910354614,14.800000190734863,14.9399995803833,12.270000457763672,0.4032229864469085,-17.540319504276404,14.9399995803833,11.710000038146973,0.4032229864469085,-21.303763184496155,,,,,15.8100004196167,14.699999809265137,15.8100004196167,14.3100004196167,,ğŸ”´ DROP BEFORE SPIKE - BAD TRADE,0.00032,"['ğŸ”Ÿ 10% Owner', 'ğŸŸ¢ SMALL TRADE', 'ğŸŒ± SMALL CAP', 'ğŸ“ Communication', 'ğŸ“‰ DIP -10% [7d]', 'ğŸ“‰ DIP -20% [14d]', 'ğŸ“… NEAR EARNINGS', 'ğŸ“ˆ ABOVE SMA20', 'âš¡ï¸ SMA SUPPORT RECLAIMED', 'ğŸŸ¡ NEUTRAL (RSI)', 'ğŸŸ¢ SUCCESSFUL TRADE C1', 'ğŸ§© MULTIPLE BUYS']",ğŸŸ¢ SUCCESSFUL TRADE C1,ğŸ”´ UNSUCCESSFUL TRADE,12,Ultra Conviction (12 - 14)
SHEN,"ECP ControlCo, LLC",2025-08-01,Buy,13.48,30000,404272,10% Owner,https://finviz.com/http://www.sec.gov/Archives/edgar/data/354963/000164117225022049/xslF345X05/ownership.xml,14.390000343322754,13.25,14.920000076293944,12.270000457763672,14.806499910354614,34.257164911443766,14.864999914169312,14.68000030517578,13.350000381469728,12.100000381469728,-0.9643888615005348,-10.237385894141484,13.350000381469728,11.710000038146973,-0.9643888615005348,-13.130563515230175,,,,,15.600000381469728,14.520000457763672,15.8100004196167,14.3100004196167,,ğŸ”´ DROP BEFORE SPIKE - BAD TRADE,0.000502,"['ğŸ”Ÿ 10% Owner', 'ğŸŸ¢ SMALL TRADE', 'ğŸŒ± SMALL CAP', 'ğŸ“ Communication', 'ğŸ§¨ CAUGHT THE KNIFE [7d]', 'ğŸ“ˆ ABOVE CLOSE', 'ğŸ“‰ DIP -10% [7d]', 'ğŸ“‰ DIP -10% [14d]', 'ğŸ“‰ BELOW SMA20', 'ğŸŸ¡ NEUTRAL (RSI)', 'ğŸ“‰ DIP SETUP', 'ğŸ§© MULTIPLE BUYS']",,ğŸ”´ UNSUCCESSFUL TRADE,12,Ultra Conviction (12 - 14)
SHEN,"ECP ControlCo, LLC",2025-08-05,Buy,13.12,26117,342595,10% Owner,https://finviz.com/http://www.sec.gov/Archives/edgar/data/354963/000164117225022436/xslF345X05/ownership.xml,13.029999732971191,13.279999732971191,13.300000190734863,12.920000076293944,,,,12.90999984741211,13.350000381469728,11.710000038146973,1.753051688031472,-10.746950928757824,13.350000381469728,11.710000038146973,1.753051688031472,-10.746950928757824,,,,,15.31999969482422,12.270000457763672,15.8100004196167,12.270000457763672,,ğŸ”´ DROP BEFORE SPIKE - BAD TRADE,0.000425,"['ğŸ”Ÿ 10% Owner', 'ğŸŸ¢ SMALL TRADE', 'ğŸŒ± SMALL CAP', 'ğŸ“ Communication', 'ğŸ“‰ BELOW CLOSE', 'ğŸ“‰ DIP -10% [7d]', 'ğŸ“‰ DIP -10% [14d]', 'âš ï¸ INSUFFICIENT DATA FOR MA/RSI', 'ğŸ” CLUSTER BUY', 'ğŸ§© MULTIPLE BUYS']",,ğŸ”´ UNSUCCESSFUL TRADE,13,Ultra Conviction (12 - 14)
SHEN,"ECP ControlCo, LLC",2025-08-06,Buy,13.01,22085,287352,10% Owner,https://finviz.com/http://www.sec.gov/Archives/edgar/data/354963/000164117225022778/xslF345X05/ownership.xml,13.25,12.970000267028809,13.350000381469728,12.859999656677246,,,,13.279999732971191,13.140000343322754,11.710000038146973,0.9992339994062576,-9.992313311706589,13.140000343322754,11.710000038146973,0.9992339994062576,-9.992313311706589,,,,,15.25,12.270000457763672,15.8100004196167,12.270000457763672,,,0.000357,"['ğŸ”Ÿ 10% Owner', 'ğŸŸ¢ SMALL TRADE', 'ğŸŒ± SMALL CAP', 'ğŸ“ Communication', 'ğŸ“‰ DIP -10% [7d]', 'ğŸ“‰ DIP -10% [14d]', 'âš ï¸ INSUFFICIENT DATA FOR MA/RSI', 'ğŸŸ¢ SUCCESSFUL TRADE C1', 'ğŸ” CLUSTER BUY', 'ğŸ§© MULTIPLE BUYS']",ğŸŸ¢ SUCCESSFUL TRADE C1,,13,Ultra Conviction (12 - 14)
SHEN,"ECP ControlCo, LLC",2025-08-13,Buy,12.87,1473,18963,10% Owner,https://finviz.com/http://www.sec.gov/Archives/edgar/data/354963/000164117225024072/xslF345X05/ownership.xml,12.789999961853027,12.890000343322754,13.140000343322754,12.600000381469728,,,,12.75,12.90999984741211,12.31999969482422,0.3107991251912211,-4.2735066447224455,,,,,,,,,13.350000381469728,11.710000038146973,15.31999969482422,11.710000038146973,,,2.4e-05,"['ğŸ”Ÿ 10% Owner', 'ğŸŒ± SMALL CAP', 'ğŸ“ Communication', 'âš ï¸ INSUFFICIENT DATA FOR MA/RSI', 'ğŸŸ¢ SUCCESSFUL TRADE C1', 'ğŸ” CLUSTER BUY', 'ğŸ§© MULTIPLE BUYS']",ğŸŸ¢ SUCCESSFUL TRADE C1,,12,Ultra Conviction (12 - 14)
SHEN,"ECP Fiber Holdings GP, LLC",2025-07-30,Buy,14.88,17303,257512,10% Owner,https://finviz.com/http://www.sec.gov/Archives/edgar/data/354963/000164117225021752/xslF345X05/ownership.xml,14.970000267028809,14.800000190734863,15.25,14.65999984741211,14.845999908447263,53.76537705538567,14.806499910354614,14.800000190734863,14.9399995803833,12.270000457763672,0.4032229864469085,-17.540319504276404,14.9399995803833,11.710000038146973,0.4032229864469085,-21.303763184496155,,,,,15.8100004196167,14.699999809265137,15.8100004196167,14.3100004196167,,ğŸ”´ DROP BEFORE SPIKE - BAD TRADE,0.00032,"['ğŸ”Ÿ 10% Owner', 'ğŸŸ¢ SMALL TRADE', 'ğŸŒ± SMALL CAP', 'ğŸ“ Communication', 'ğŸ“‰ DIP -10% [7d]', 'ğŸ“‰ DIP -20% [14d]', 'ğŸ“… NEAR EARNINGS', 'ğŸ“ˆ ABOVE SMA20', 'âš¡ï¸ SMA SUPPORT RECLAIMED', 'ğŸŸ¡ NEUTRAL (RSI)', 'ğŸŸ¢ SUCCESSFUL TRADE C1', 'ğŸ§© MULTIPLE BUYS']",ğŸŸ¢ SUCCESSFUL TRADE C1,ğŸ”´ UNSUCCESSFUL TRADE,12,Ultra Conviction (12 - 14)
SHEN,"ECP Fiber Holdings GP, LLC",2025-08-01,Buy,13.48,30000,404272,10% Owner,https://finviz.com/http://www.sec.gov/Archives/edgar/data/354963/000164117225022050/xslF345X05/ownership.xml,14.390000343322754,13.25,14.920000076293944,12.270000457763672,14.806499910354614,34.257164911443766,14.864999914169312,14.68000030517578,13.350000381469728,12.100000381469728,-0.9643888615005348,-10.237385894141484,13.350000381469728,11.710000038146973,-0.9643888615005348,-13.130563515230175,,,,,15.600000381469728,14.520000457763672,15.8100004196167,14.3100004196167,,ğŸ”´ DROP BEFORE SPIKE - BAD TRADE,0.000502,"['ğŸ”Ÿ 10% Owner', 'ğŸŸ¢ SMALL TRADE', 'ğŸŒ± SMALL CAP', 'ğŸ“ Communication', 'ğŸ§¨ CAUGHT THE KNIFE [7d]', 'ğŸ“ˆ ABOVE CLOSE', 'ğŸ“‰ DIP -10% [7d]', 'ğŸ“‰ DIP -10% [14d]', 'ğŸ“‰ BELOW SMA20', 'ğŸŸ¡ NEUTRAL (RSI)', 'ğŸ“‰ DIP SETUP', 'ğŸ§© MULTIPLE BUYS']",,ğŸ”´ UNSUCCESSFUL TRADE,12,Ultra Conviction (12 - 14)
SHEN,"ECP Fiber Holdings GP, LLC",2025-08-05,Buy,13.12,26117,342595,10% Owner,https://finviz.com/http://www.sec.gov/Archives/edgar/data/354963/000164117225022437/xslF345X05/ownership.xml,13.029999732971191,13.279999732971191,13.300000190734863,12.920000076293944,,,,12.90999984741211,13.350000381469728,11.710000038146973,1.753051688031472,-10.746950928757824,13.350000381469728,11.710000038146973,1.753051688031472,-10.746950928757824,,,,,15.31999969482422,12.270000457763672,15.8100004196167,12.270000457763672,,ğŸ”´ DROP BEFORE SPIKE - BAD TRADE,0.000425,"['ğŸ”Ÿ 10% Owner', 'ğŸŸ¢ SMALL TRADE', 'ğŸŒ± SMALL CAP', 'ğŸ“ Communication', 'ğŸ“‰ BELOW CLOSE', 'ğŸ“‰ DIP -10% [7d]', 'ğŸ“‰ DIP -10% [14d]', 'âš ï¸ INSUFFICIENT DATA FOR MA/RSI', 'ğŸ” CLUSTER BUY', 'ğŸ§© MULTIPLE BUYS']",,ğŸ”´ UNSUCCESSFUL TRADE,13,Ultra Conviction (12 - 14)
SHEN,"ECP Fiber Holdings GP, LLC",2025-08-06,Buy,13.01,22085,287352,10% Owner,https://finviz.com/http://www.sec.gov/Archives/edgar/data/354963/000164117225022781/xslF345X05/ownership.xml,13.25,12.970000267028809,13.350000381469728,12.859999656677246,,,,13.279999732971191,13.140000343322754,11.710000038146973,0.9992339994062576,-9.992313311706589,13.140000343322754,11.710000038146973,0.9992339994062576,-9.992313311706589,,,,,15.25,12.270000457763672,15.8100004196167,12.270000457763672,,,0.000357,"['ğŸ”Ÿ 10% Owner', 'ğŸŸ¢ SMALL TRADE', 'ğŸŒ± SMALL CAP', 'ğŸ“ Communication', 'ğŸ“‰ DIP -10% [7d]', 'ğŸ“‰ DIP -10% [14d]', 'âš ï¸ INSUFFICIENT DATA FOR MA/RSI', 'ğŸŸ¢ SUCCESSFUL TRADE C1', 'ğŸ” CLUSTER BUY', 'ğŸ§© MULTIPLE BUYS']",ğŸŸ¢ SUCCESSFUL TRADE C1,,13,Ultra Conviction (12 - 14)
SHEN,"ECP Fiber Holdings GP, LLC",2025-08-13,Buy,12.87,1473,18963,10% Owner,https://finviz.com/http://www.sec.gov/Archives/edgar/data/354963/000164117225024079/xslF345X05/ownership.xml,12.789999961853027,12.890000343322754,13.140000343322754,12.600000381469728,,,,12.75,12.90999984741211,12.31999969482422,0.3107991251912211,-4.2735066447224455,,,,,,,,,13.350000381469728,11.710000038146973,15.31999969482422,11.710000038146973,,,2.4e-05,"['ğŸ”Ÿ 10% Owner', 'ğŸŒ± SMALL CAP', 'ğŸ“ Communication', 'âš ï¸ INSUFFICIENT DATA FOR MA/RSI', 'ğŸŸ¢ SUCCESSFUL TRADE C1', 'ğŸ” CLUSTER BUY', 'ğŸ§© MULTIPLE BUYS']",ğŸŸ¢ SUCCESSFUL TRADE C1,,12,Ultra Conviction (12 - 14)
SMRT,Bohjalian Thomas N,2025-08-11,Buy,1.26,150000,189000,Director,https://finviz.com/http://www.sec.gov/Archives/edgar/data/1354287/000135428725000003/xslF345X05/ownership.xml,1.2699999809265137,1.25,1.2799999713897705,1.2100000381469729,,70.3709921327087,,1.2699999809265137,1.559999942779541,1.2799999713897705,23.809519268217542,1.587299316648452,,,,,,,,,1.2999999523162842,0.8999999761581421,1.2999999523162842,0.8999999761581421,,ğŸŸ¢ SPIKE BEFORE DROP - SUCCESSFUL TRADE,0.000804,"['ğŸ“‹ Director', 'ğŸŸ¢ SMALL TRADE', 'ğŸ£ MICRO CAP', 'ğŸ“¡ Tech', 'ğŸš€ SPIKE +20% [7d]', 'ğŸš€ OVERBOUGHT (RSI > 70)', 'âš ï¸ INSUFFICIENT DATA FOR MA/RSI', 'ğŸŸ¢ SUCCESSFUL TRADE C1', 'ğŸ” CLUSTER BUY', 'ğŸ§© MULTIPLE BUYS']",ğŸŸ¢ SUCCESSFUL TRADE C1,ğŸŸ¢ SUCCESSFUL TRADE,12,Ultra Conviction (12 - 14)
SMRT,Bohjalian Thomas N,2025-08-12,Buy,1.37,25000,34250,Director,https://finviz.com/http://www.sec.gov/Archives/edgar/data/1354287/000135428725000003/xslF345X05/ownership.xml,1.3600000143051147,1.3600000143051147,1.3949999809265137,1.3300000429153442,,,,1.25,1.6299999952316284,1.2799999713897705,18.978101841724698,-6.569345154031357,,,,,,,,,1.2999999523162842,0.8999999761581421,1.2999999523162842,0.8999999761581421,,ğŸŸ¢ SPIKE BEFORE DROP - SUCCESSFUL TRADE,0.000146,"['ğŸ“‹ Director', 'ğŸŸ¢ SMALL TRADE', 'ğŸ£ MICRO CAP', 'ğŸ“¡ Tech', 'ğŸš€ SPIKE +10% [7d]', 'ğŸ“‰ DIP -5% [7d]', 'âš ï¸ INSUFFICIENT DATA FOR MA/RSI', 'ğŸŸ¢ SUCCESSFUL TRADE C1', 'ğŸ” CLUSTER BUY', 'ğŸ§© MULTIPLE BUYS']",ğŸŸ¢ SUCCESSFUL TRADE C1,ğŸŸ¢ SUCCESSFUL TRADE,12,Ultra Conviction (12 - 14)
SMRT,Martell Frank,2025-08-11,Buy,1.26,100000,126480,Chief Executive Officer,https://finviz.com/http://www.sec.gov/Archives/edgar/data/1387655/000138765525000006/xslF345X05/ownership.xml,1.2699999809265137,1.25,1.2799999713897705,1.2100000381469729,,70.3709921327087,,1.2699999809265137,1.559999942779541,1.2799999713897705,23.809519268217542,1.587299316648452,,,,,,,,,1.2999999523162842,0.8999999761581421,1.2999999523162842,0.8999999761581421,,ğŸŸ¢ SPIKE BEFORE DROP - SUCCESSFUL TRADE,0.000538,"['ğŸ‘‘ CEO', 'ğŸŸ¢ SMALL TRADE', 'ğŸ£ MICRO CAP', 'ğŸ“¡ Tech', 'ğŸš€ SPIKE +20% [7d]', 'ğŸš€ OVERBOUGHT (RSI > 70)', 'âš ï¸ INSUFFICIENT DATA FOR MA/RSI', 'ğŸŸ¢ SUCCESSFUL TRADE C1', 'ğŸ” CLUSTER BUY', 'ğŸ§© MULTIPLE BUYS']",ğŸŸ¢ SUCCESSFUL TRADE C1,ğŸŸ¢ SUCCESSFUL TRADE,14,Ultra Conviction (12 - 14)
SMRT,Martell Frank,2025-08-12,Buy,1.37,130000,178230,Chief Executive Officer,https://finviz.com/http://www.sec.gov/Archives/edgar/data/1387655/000138765525000006/xslF345X05/ownership.xml,1.3600000143051147,1.3600000143051147,1.3949999809265137,1.3300000429153442,,,,1.25,1.6299999952316284,1.2799999713897705,18.978101841724698,-6.569345154031357,,,,,,,,,1.2999999523162842,0.8999999761581421,1.2999999523162842,0.8999999761581421,,ğŸŸ¢ SPIKE BEFORE DROP - SUCCESSFUL TRADE,0.000758,"['ğŸ‘‘ CEO', 'ğŸŸ¢ SMALL TRADE', 'ğŸ£ MICRO CAP', 'ğŸ“¡ Tech', 'ğŸš€ SPIKE +10% [7d]', 'ğŸ“‰ DIP -5% [7d]', 'âš ï¸ INSUFFICIENT DATA FOR MA/RSI', 'ğŸŸ¢ SUCCESSFUL TRADE C1', 'ğŸ” CLUSTER BUY', 'ğŸ§© MULTIPLE BUYS']",ğŸŸ¢ SUCCESSFUL TRADE C1,ğŸŸ¢ SUCCESSFUL TRADE,14,Ultra Conviction (12 - 14)
SMRT,Martell Frank,2025-08-15,Buy,1.35,120000,161832,Chief Executive Officer,https://finviz.com/http://www.sec.gov/Archives/edgar/data/1387655/000138765525000008/xslF345X05/ownership.xml,1.3200000524520874,1.3200000524520874,1.3700000047683716,1.3200000524520874,,,,1.340000033378601,1.6299999952316284,1.350000023841858,20.74074038752802,1.7660635423213637e-06,,,,,,,,,1.440000057220459,1.1239999532699585,1.440000057220459,0.8999999761581421,,ğŸŸ¢ SPIKE BEFORE DROP - SUCCESSFUL TRADE,0.000688,"['ğŸ‘‘ CEO', 'ğŸŸ¢ SMALL TRADE', 'ğŸ£ MICRO CAP', 'ğŸ“¡ Tech', 'ğŸ“ˆ ABOVE CLOSE', 'ğŸš€ SPIKE +20% [7d]', 'âš ï¸ INSUFFICIENT DATA FOR MA/RSI', 'ğŸŸ¢ SUCCESSFUL TRADE C1', 'ğŸ” CLUSTER BUY', 'ğŸ§© MULTIPLE BUYS']",ğŸŸ¢ SUCCESSFUL TRADE C1,ğŸŸ¢ SUCCESSFUL TRADE,14,Ultra Conviction (12 - 14)
SNV,Blair Kevin S.,2025-07-29,Buy,49.4,4040,199576,President and CEO,https://finviz.com/http://www.sec.gov/Archives/edgar/data/18349/000001834925000099/xslF345X05/wk-form4_1753827464.xml,49.18000030517578,49.09999847412109,49.5,48.34000015258789,54.23149967193604,39.51509903230568,54.36399974822998,48.84000015258789,49.65999984741211,45.060001373291016,0.5263154805913174,-8.785422321273245,49.65999984741211,45.060001373291016,0.5263154805913174,-8.785422321273245,,,,,61.060001373291016,47.68999862670898,61.060001373291016,47.68999862670898,,,3e-05,"['ğŸ‘‘ CEO', 'ğŸŒ¿ MID CAP', 'ğŸ¦ Financial', 'ğŸ“‰ DIP -5% [7d]', 'ğŸ“‰ DIP -5% [14d]', 'ğŸ“‰ BELOW SMA20', 'ğŸŸ¡ NEUTRAL (RSI)', 'ğŸ“‰ DIP SETUP', 'ğŸŸ¢ SUCCESSFUL TRADE C1', 'ğŸ” CLUSTER BUY']",ğŸŸ¢ SUCCESSFUL TRADE C1,,12,Ultra Conviction (12 - 14)
SONO,Casey Saori,2025-08-08,Buy,10.94,22727,248688,Chief Financial Officer,https://finviz.com/http://www.sec.gov/Archives/edgar/data/1314727/000112760225020308/xslF345X05/form4.xml,10.970000267028809,11.329999923706056,11.34000015258789,10.760000228881836,,,,10.970000267028809,13.40999984741211,11.220000267028809,22.57769513173775,2.559417431707579,13.9399995803833,11.220000267028809,27.422299637872953,2.559417431707579,,,,,11.720000267028809,10.109999656677246,12.109999656677246,10.109999656677246,,ğŸŸ¢ SPIKE BEFORE DROP - SUCCESSFUL TRADE,0.000192,"['ğŸ’¼ CFO', 'ğŸŸ¢ SMALL TRADE', 'ğŸŒ± SMALL CAP', 'ğŸ“¡ Tech', 'ğŸ“‰ BELOW CLOSE', 'ğŸš€ SPIKE +20% [7d]', 'ğŸš€ SPIKE +20% [14d]', 'âš ï¸ INSUFFICIENT DATA FOR MA/RSI', 'ğŸŸ¢ SUCCESSFUL TRADE C1', 'ğŸ” CLUSTER BUY']",ğŸŸ¢ SUCCESSFUL TRADE C1,ğŸŸ¢ SUCCESSFUL TRADE,13,Ultra Conviction (12 - 14)
SONO,"Coliseum Capital Management, L",2025-07-25,Buy,11.18,287087,3209633,10% Owner,https://finviz.com/http://www.sec.gov/Archives/edgar/data/1314727/000095017025099831/xslF345X05/ownership.xml,11.380000114440918,11.25,11.40999984741211,10.949999809265137,10.85450005531311,61.47542045886368,10.81850004196167,11.279999732971191,12.109999656677246,10.220000267028809,8.318422689420808,-8.586759686683285,12.109999656677246,10.109999656677246,8.318422689420808,-9.570664967108709,,,,,11.43000030517578,10.470000267028809,11.43000030517578,10.279999732971191,,ğŸŸ¢ SPIKE BEFORE DROP - SUCCESSFUL TRADE,0.002472,"['ğŸ”Ÿ 10% Owner', 'ğŸ’° LARGE TRADE', 'ğŸŒ± SMALL CAP', 'ğŸ“¡ Tech', 'ğŸš€ SPIKE +5% [7d]', 'ğŸš€ SPIKE +5% [14d]', 'ğŸ“‰ DIP -5% [7d]', 'ğŸ“‰ DIP -10% [14d]', 'ğŸ“… NEAR EARNINGS', 'ğŸ“ˆ ABOVE SMA20', 'ğŸŸ¡ NEUTRAL (RSI)', 'ğŸ’ª STRONG TREND', 'ğŸ§© MULTIPLE BUYS']",,ğŸŸ¢ SUCCESSFUL TRADE,13,Ultra Conviction (12 - 14)
SONO,"Coliseum Capital Management, L",2025-07-28,Buy,11.43,350000,4000500,10% Owner,https://finviz.com/http://www.sec.gov/Archives/edgar/data/1314727/000095017025099831/xslF345X05/ownership.xml,11.31999969482422,11.4399995803833,11.489999771118164,11.1899995803833,10.890000057220458,64.37942590583782,10.85450005531311,11.25,12.109999656677246,10.220000267028809,5.949253339258498,-10.58617439169896,12.109999656677246,10.109999656677246,5.949253339258498,-11.548559434144828,,,,,11.43000030517578,10.470000267028809,11.43000030517578,10.279999732971191,,ğŸ”´ DROP BEFORE SPIKE - BAD TRADE,0.003082,"['ğŸ”Ÿ 10% Owner', 'ğŸ’° LARGE TRADE', 'ğŸŒ± SMALL CAP', 'ğŸ“¡ Tech', 'ğŸš€ SPIKE +5% [7d]', 'ğŸš€ SPIKE +5% [14d]', 'ğŸ“‰ DIP -10% [7d]', 'ğŸ“‰ DIP -10% [14d]', 'ğŸ“… NEAR EARNINGS', 'ğŸ“ˆ ABOVE SMA20', 'ğŸŸ¡ NEUTRAL (RSI)', 'ğŸ’ª STRONG TREND', 'ğŸ§© MULTIPLE BUYS']",,ğŸ”´ UNSUCCESSFUL TRADE,13,Ultra Conviction (12 - 14)
SONO,"Coliseum Capital Management, L",2025-07-29,Buy,11.25,675000,7593750,10% Owner,https://finviz.com/http://www.sec.gov/Archives/edgar/data/1314727/000095017025099831/xslF345X05/ownership.xml,11.470000267028809,11.3100004196167,11.539999961853027,11.039999961853027,10.91500005722046,60.99174003456324,10.890000057220458,11.4399995803833,12.109999656677246,10.220000267028809,7.644441392686632,-9.155553181966146,12.93000030517578,10.109999656677246,14.933336046006929,-10.133336385091146,,,,,11.489999771118164,10.470000267028809,11.489999771118164,10.279999732971191,,ğŸ”´ DROP BEFORE SPIKE - BAD TRADE,0.00585,"['ğŸ”Ÿ 10% Owner', 'ğŸ”¥ VERY LARGE TRADE', 'ğŸŒ± SMALL CAP', 'ğŸ“¡ Tech', 'ğŸš€ SPIKE +5% [7d]', 'ğŸš€ SPIKE +10% [14d]', 'ğŸ“‰ DIP -5% [7d]', 'ğŸ“‰ DIP -10% [14d]', 'ğŸ“… NEAR EARNINGS', 'ğŸ“ˆ ABOVE SMA20', 'ğŸŸ¡ NEUTRAL (RSI)', 'ğŸ’ª STRONG TREND', 'ğŸ§© MULTIPLE BUYS']",,ğŸ”´ UNSUCCESSFUL TRADE,14,Ultra Conviction (12 - 14)
SONO,"Coliseum Capital Management, L",2025-08-01,Buy,10.38,80000,830400,10% Owner,https://finviz.com/http://www.sec.gov/Archives/edgar/data/1314727/000095017025103308/xslF345X05/ownership.xml,10.5600004196167,10.359999656677246,10.5600004196167,10.220000267028809,10.87050004005432,42.05138426041837,10.908500051498413,10.8100004196167,11.720000267028809,10.109999656677246,12.909443805672522,-2.601159376905151,13.40999984741211,10.109999656677246,29.19074997506848,-2.601159376905151,,,,,12.109999656677246,10.800000190734863,12.109999656677246,10.470000267028809,,ğŸŸ¢ SPIKE BEFORE DROP - SUCCESSFUL TRADE,0.00064,"['ğŸ”Ÿ 10% Owner', 'ğŸŸ¢ SMALL TRADE', 'ğŸŒ± SMALL CAP', 'ğŸ“¡ Tech', 'ğŸ§¨ CAUGHT THE KNIFE [7d]', 'ğŸš€ SPIKE +10% [7d]', 'ğŸš€ SPIKE +20% [14d]', 'ğŸ“… NEAR EARNINGS', 'ğŸ“‰ BELOW SMA20', 'ğŸŸ¡ NEUTRAL (RSI)', 'ğŸŸ¢ SUCCESSFUL TRADE C1', 'ğŸ” CLUSTER BUY', 'ğŸ§© MULTIPLE BUYS']",ğŸŸ¢ SUCCESSFUL TRADE C1,ğŸŸ¢ SUCCESSFUL TRADE,15,Highest Conviction (15+)
SONO,"Coliseum Capital Management, L",2025-08-04,Buy,10.49,2683,28145,10% Owner,https://finviz.com/http://www.sec.gov/Archives/edgar/data/1314727/000095017025103308/xslF345X05/ownership.xml,10.600000381469728,10.869999885559082,10.869999885559082,10.489999771118164,,,10.87050004005432,10.359999656677246,11.720000267028809,10.109999656677246,11.725455357757944,-3.6225008896354063,13.9399995803833,10.109999656677246,32.888461204797906,-3.6225008896354063,,,,,12.109999656677246,10.220000267028809,12.109999656677246,10.220000267028809,,ğŸŸ¢ SPIKE BEFORE DROP - SUCCESSFUL TRADE,2.2e-05,"['ğŸ”Ÿ 10% Owner', 'ğŸŒ± SMALL CAP', 'ğŸ“¡ Tech', 'ğŸ“‰ BELOW CLOSE', 'ğŸš€ SPIKE +10% [7d]', 'ğŸš€ SPIKE +20% [14d]', 'ğŸ“… NEAR EARNINGS', 'âš ï¸ INSUFFICIENT DATA FOR MA/RSI', 'ğŸŸ¢ SUCCESSFUL TRADE C1', 'ğŸ” CLUSTER BUY', 'ğŸ§© MULTIPLE BUYS']",ğŸŸ¢ SUCCESSFUL TRADE C1,ğŸŸ¢ SUCCESSFUL TRADE,13,Ultra Conviction (12 - 14)
SONO,"Coliseum Capital Management, L",2025-08-05,Buy,10.83,160000,1732800,10% Owner,https://finviz.com/http://www.sec.gov/Archives/edgar/data/1314727/000095017025103308/xslF345X05/ownership.xml,10.960000038146973,10.859999656677246,11.0,10.739999771118164,,,,10.869999885559082,12.93000030517578,10.109999656677246,19.39058453532575,-6.648202616091911,13.9399995803833,10.109999656677246,28.716524287934448,-6.648202616091911,,,,,12.109999656677246,10.220000267028809,12.109999656677246,10.220000267028809,,ğŸŸ¢ SPIKE BEFORE DROP - SUCCESSFUL TRADE,0.001335,"['ğŸ”Ÿ 10% Owner', 'ğŸ’° LARGE TRADE', 'ğŸŒ± SMALL CAP', 'ğŸ“¡ Tech', 'ğŸš€ SPIKE +20% [7d]', 'ğŸš€ SPIKE +20% [14d]', 'ğŸ“‰ DIP -5% [7d]', 'ğŸ“‰ DIP -5% [14d]', 'ğŸ“… NEAR EARNINGS', 'âš ï¸ INSUFFICIENT DATA FOR MA/RSI', 'ğŸŸ¢ SUCCESSFUL TRADE C1', 'ğŸ” CLUSTER BUY', 'ğŸ§© MULTIPLE BUYS']",ğŸŸ¢ SUCCESSFUL TRADE C1,ğŸŸ¢ SUCCESSFUL TRADE,15,Highest Conviction (15+)
SONO,"Coliseum Capital Management, L",2025-08-07,Buy,10.61,127406,1351778,10% Owner,https://finviz.com/http://www.sec.gov/Archives/edgar/data/1314727/000095017025106774/xslF345X05/ownership.xml,11.699999809265137,10.970000267028809,11.720000267028809,10.109999656677246,,,,11.039999961853027,13.40999984741211,10.760000228881836,26.3901964883328,1.4137627604320124,13.9399995803833,10.760000228881836,31.38548143622339,1.4137627604320124,,,,,11.399999618530272,10.220000267028809,12.109999656677246,10.220000267028809,,ğŸŸ¢ SPIKE BEFORE DROP - SUCCESSFUL TRADE,0.001041,"['ğŸ”Ÿ 10% Owner', 'ğŸ’° LARGE TRADE', 'ğŸŒ± SMALL CAP', 'ğŸ“¡ Tech', 'ğŸ“‰ BELOW CLOSE', 'ğŸš€ SPIKE +20% [7d]', 'ğŸš€ SPIKE +20% [14d]', 'âš ï¸ INSUFFICIENT DATA FOR MA/RSI', 'ğŸŸ¢ SUCCESSFUL TRADE C1', 'ğŸ” CLUSTER BUY', 'ğŸ§© MULTIPLE BUYS']",ğŸŸ¢ SUCCESSFUL TRADE C1,ğŸŸ¢ SUCCESSFUL TRADE,15,Highest Conviction (15+)
SONO,"Coliseum Capital Management, L",2025-08-08,Buy,11.21,55000,616550,10% Owner,https://finviz.com/http://www.sec.gov/Archives/edgar/data/1314727/000095017025106774/xslF345X05/ownership.xml,10.970000267028809,11.329999923706056,11.34000015258789,10.760000228881836,,,,10.970000267028809,13.40999984741211,11.220000267028809,19.625333161570993,0.0892084480714339,13.9399995803833,11.220000267028809,24.353252278173947,0.0892084480714339,,,,,11.720000267028809,10.109999656677246,12.109999656677246,10.109999656677246,,ğŸŸ¢ SPIKE BEFORE DROP - SUCCESSFUL TRADE,0.000475,"['ğŸ”Ÿ 10% Owner', 'ğŸŸ¢ SMALL TRADE', 'ğŸŒ± SMALL CAP', 'ğŸ“¡ Tech', 'ğŸ“‰ BELOW CLOSE', 'ğŸš€ SPIKE +20% [7d]', 'ğŸš€ SPIKE +20% [14d]', 'âš ï¸ INSUFFICIENT DATA FOR MA/RSI', 'ğŸŸ¢ SUCCESSFUL TRADE C1', 'ğŸ” CLUSTER BUY', 'ğŸ§© MULTIPLE BUYS']",ğŸŸ¢ SUCCESSFUL TRADE C1,ğŸŸ¢ SUCCESSFUL TRADE,14,Ultra Conviction (12 - 14)
SONO,Conrad Thomas,2025-08-08,Buy,11.1,92300,1024299,Chief Executive Officer,https://finviz.com/http://www.sec.gov/Archives/edgar/data/1314727/000112760225020305/xslF345X05/form4.xml,10.970000267028809,11.329999923706056,11.34000015258789,10.760000228881836,,,,10.970000267028809,13.40999984741211,11.220000267028809,20.810809436145135,1.0810834867460266,13.9399995803833,11.220000267028809,25.585581805254964,1.0810834867460266,,,,,11.720000267028809,10.109999656677246,12.109999656677246,10.109999656677246,,ğŸŸ¢ SPIKE BEFORE DROP - SUCCESSFUL TRADE,0.000789,"['ğŸ‘‘ CEO', 'ğŸŸ¢ SMALL TRADE', 'ğŸŒ± SMALL CAP', 'ğŸ“¡ Tech', 'ğŸ“‰ BELOW CLOSE', 'ğŸš€ SPIKE +20% [7d]', 'ğŸš€ SPIKE +20% [14d]', 'âš ï¸ INSUFFICIENT DATA FOR MA/RSI', 'ğŸŸ¢ SUCCESSFUL TRADE C1', 'ğŸ” CLUSTER BUY']",ğŸŸ¢ SUCCESSFUL TRADE C1,ğŸŸ¢ SUCCESSFUL TRADE,13,Ultra Conviction (12 - 14)
TLRY,Merton Carl A,2025-07-30,Buy,0.6,33500,19939,Chief Financial Officer,https://finviz.com/http://www.sec.gov/Archives/edgar/data/1731348/000117184325004823/xslF345X05/ownership.xml,0.5899999737739563,0.6100000143051147,0.6200000047683716,0.5799999833106995,0.6290000021457672,51.71314169597402,0.6195000007748603,0.5799999833106995,0.6600000262260437,0.550000011920929,10.000004371007288,-8.333331346511837,1.25,0.550000011920929,108.33333333333334,-8.333331346511837,,,,,0.8299999833106995,0.550000011920929,0.8299999833106995,0.550000011920929,,ğŸŸ¢ SPIKE BEFORE DROP - SUCCESSFUL TRADE,3.1e-05,"['ğŸ’¼ CFO', 'ğŸŒ± SMALL CAP', 'ğŸ¥ Healthcare', 'ğŸ“‰ BELOW CLOSE', 'ğŸš€ SPIKE +10% [7d]', 'ğŸš€ SPIKE +20% [14d]', 'ğŸ“‰ DIP -5% [7d]', 'ğŸ“‰ DIP -5% [14d]', 'ğŸ“‰ BELOW SMA20', 'ğŸŸ¡ NEUTRAL (RSI)', 'ğŸŸ¢ SUCCESSFUL TRADE C1', 'ğŸ” CLUSTER BUY']",ğŸŸ¢ SUCCESSFUL TRADE C1,ğŸŸ¢ SUCCESSFUL TRADE,13,Ultra Conviction (12 - 14)
TLRY,SIMON IRWIN D,2025-07-30,Buy,0.61,165000,100106,President and CEO,https://finviz.com/http://www.sec.gov/Archives/edgar/data/922748/000117184325004845/xslF345X05/ownership.xml,0.5899999737739563,0.6100000143051147,0.6200000047683716,0.5799999833106995,0.6290000021457672,51.71314169597402,0.6195000007748603,0.5799999833106995,0.6600000262260437,0.550000011920929,8.196725610826839,-9.83606361951984,1.25,0.550000011920929,104.91803278688523,-9.83606361951984,,,,,0.8299999833106995,0.550000011920929,0.8299999833106995,0.550000011920929,,ğŸŸ¢ SPIKE BEFORE DROP - SUCCESSFUL TRADE,0.000157,"['ğŸ‘‘ CEO', 'ğŸŸ¢ SMALL TRADE', 'ğŸŒ± SMALL CAP', 'ğŸ¥ Healthcare', 'ğŸš€ SPIKE +5% [7d]', 'ğŸš€ SPIKE +20% [14d]', 'ğŸ“‰ DIP -10% [7d]', 'ğŸ“‰ DIP -10% [14d]', 'ğŸ“‰ BELOW SMA20', 'ğŸŸ¡ NEUTRAL (RSI)', 'ğŸŸ¢ SUCCESSFUL TRADE C1', 'ğŸ” CLUSTER BUY']",ğŸŸ¢ SUCCESSFUL TRADE C1,ğŸŸ¢ SUCCESSFUL TRADE,14,Ultra Conviction (12 - 14)
TNDM,Sheridan John F,2025-08-11,Buy,10.23,10000,102318,PRESIDENT & CEO,https://finviz.com/http://www.sec.gov/Archives/edgar/data/1365369/000143813325000165/xslF345X05/wk-form4_1754950540.xml,11.109999656677246,10.114999771118164,11.125,10.0,,17.32010525979038,,11.229999542236328,11.81999969482422,10.635000228881836,15.54251901098944,3.9589465188840225,,,,,,,,,15.630000114440918,9.979999542236328,17.190000534057617,9.979999542236328,,ğŸŸ¢ SPIKE BEFORE DROP - SUCCESSFUL TRADE,0.00015,"['ğŸ‘‘ CEO', 'ğŸŸ¢ SMALL TRADE', 'ğŸŒ± SMALL CAP', 'ğŸ¥ Healthcare', 'ğŸ“ˆ ABOVE CLOSE', 'ğŸš€ SPIKE +10% [7d]', 'ğŸ”» OVERSOLD (RSI < 30)', 'âš ï¸ INSUFFICIENT DATA FOR MA/RSI', 'ğŸŸ¢ SUCCESSFUL TRADE C1']",ğŸŸ¢ SUCCESSFUL TRADE C1,ğŸŸ¢ SUCCESSFUL TRADE,12,Ultra Conviction (12 - 14)
TROX,Romano John D,2025-08-01,Buy,3.09,100000,308930,CEO and Director,https://finviz.com/http://www.sec.gov/Archives/edgar/data/1344537/000114036125028286/xslF345X05/form4.xml,3.109999895095825,3.400000095367432,3.490000009536743,2.950000047683716,5.318999981880188,27.2608792069025,5.427999973297119,3.190000057220459,3.619999885559082,3.109999895095825,17.152099856280977,0.6472457959814025,3.859999895095825,3.109999895095825,24.919090456175574,0.6472457959814025,,,,,5.869999885559082,3.0,5.96999979019165,3.0,,ğŸŸ¢ SPIKE BEFORE DROP - SUCCESSFUL TRADE,0.000573,"['ğŸ‘‘ CEO', 'ğŸŸ¢ SMALL TRADE', 'ğŸŒ± SMALL CAP', 'âš™ï¸ Materials', 'ğŸ“‰ BELOW CLOSE', 'ğŸš€ SPIKE +10% [7d]', 'ğŸš€ SPIKE +20% [14d]', 'ğŸ“‰ BELOW SMA20', 'ğŸ”» OVERSOLD (RSI < 30)', 'ğŸ“‰ DIP SETUP', 'ğŸŸ¢ SUCCESSFUL TRADE C1', 'ğŸ” CLUSTER BUY']",ğŸŸ¢ SUCCESSFUL TRADE C1,ğŸŸ¢ SUCCESSFUL TRADE,15,Highest Conviction (15+)
TROX,Srivisal John,2025-08-01,Buy,3.39,37000,125478,"SVP, Chief Financial Officer",https://finviz.com/http://www.sec.gov/Archives/edgar/data/1530804/000114036125028374/xslF345X05/form4.xml,3.109999895095825,3.400000095367432,3.490000009536743,2.950000047683716,5.318999981880188,27.2608792069025,5.427999973297119,3.190000057220459,3.619999885559082,3.109999895095825,6.78465739112336,-8.259590115167402,3.859999895095825,3.109999895095825,13.864303690142332,-8.259590115167402,,,,,5.869999885559082,3.0,5.96999979019165,3.0,,ğŸŸ¢ SPIKE BEFORE DROP - SUCCESSFUL TRADE,0.000233,"['ğŸ’¼ CFO', 'ğŸŸ¢ SMALL TRADE', 'ğŸŒ± SMALL CAP', 'âš™ï¸ Materials', 'ğŸš€ SPIKE +5% [7d]', 'ğŸš€ SPIKE +10% [14d]', 'ğŸ“‰ DIP -5% [7d]', 'ğŸ“‰ DIP -5% [14d]', 'ğŸ“‰ BELOW SMA20', 'ğŸ”» OVERSOLD (RSI < 30)', 'ğŸ“‰ DIP SETUP', 'ğŸ” CLUSTER BUY']",,ğŸŸ¢ SUCCESSFUL TRADE,15,Highest Conviction (15+)
UPXI,Dugan Lawrence,2025-07-16,Buy,5.69,11000,62600,Director,https://finviz.com/http://www.sec.gov/Archives/edgar/data/1775194/000147793225005238/xslF345X05/form4.xml,5.78000020980835,7.260000228881836,7.699999809265137,5.300000190734863,5.250750017166138,54.09952732002557,5.37975001335144,5.199999809265137,10.619999885559082,6.25,86.64323173214554,9.841827768014053,10.619999885559082,4.78000020980835,86.64323173214554,-15.992966435705636,10.619999885559082,4.309999942779541,86.64323173214554,-24.253076576809477,6.570000171661377,3.930000066757202,6.570000171661377,2.7300000190734863,0.3884007197482304,ğŸŸ¢ SPIKE BEFORE DROP - SUCCESSFUL TRADE,0.000251,"['ğŸ“‹ Director', 'ğŸŸ¢ SMALL TRADE', 'ğŸ£ MICRO CAP', 'ğŸ“ Communication', 'ğŸ“‰ BELOW CLOSE', 'ğŸš€ SPIKE +20% [7d]', 'ğŸš€ SPIKE +20% [14d]', 'ğŸš€ SPIKE +20% [30d]', 'ğŸ“‰ DIP -10% [14d]', 'ğŸ“‰ DIP -20% [30d]', 'ğŸ“ˆ ABOVE SMA20', 'âš¡ï¸ SMA SUPPORT RECLAIMED', 'ğŸŸ¡ NEUTRAL (RSI)', 'ğŸŸ¢ SUCCESSFUL TRADE C1', 'ğŸ” CLUSTER BUY', 'ğŸ§© MULTIPLE BUYS']",ğŸŸ¢ SUCCESSFUL TRADE C1,ğŸŸ¢ SUCCESSFUL TRADE,14,Ultra Conviction (12 - 14)
UPXI,MARSHALL ALLAN,2025-07-11,Buy,4.94,161943,799998,Chief Executive Officer,https://finviz.com/http://www.sec.gov/Archives/edgar/data/1279925/000147793225005236/xslF345X05/form4.xml,5.360000133514404,5.389999866485596,5.590000152587891,4.849999904632568,5.951750040054321,43.82249808850703,6.31775004863739,5.0,9.130000114440918,5.050000190734863,84.81781608179995,2.226724508802892,10.619999885559082,5.050000190734863,114.97975476840246,2.226724508802892,,,,,,,5.150000095367432,2.509999990463257,0.1376517986961703,ğŸŸ¢ SPIKE BEFORE DROP - SUCCESSFUL TRADE,0.003209,"['ğŸ‘‘ CEO', 'ğŸ’° LARGE TRADE', 'ğŸ£ MICRO CAP', 'ğŸ“ Communication', 'ğŸ“‰ BELOW CLOSE', 'ğŸš€ SPIKE +20% [7d]', 'ğŸš€ SPIKE +20% [14d]', 'ğŸ“‰ BELOW SMA20', 'ğŸŸ¡ NEUTRAL (RSI)', 'ğŸŸ¢ SUCCESSFUL TRADE C1', 'ğŸ” CLUSTER BUY']",ğŸŸ¢ SUCCESSFUL TRADE C1,ğŸŸ¢ SUCCESSFUL TRADE,12,Ultra Conviction (12 - 14)
