ticker,insider_name,transaction_date,üëë CEO,üíº CFO,‚öôÔ∏è COO,üí∞ CRO,üìà CIO,üß† CBO,ü™ë Chairman,üéñÔ∏è President,üßç EVP,üìä Portfolio Manager,üîü 10% Owner,üìã Director,üî• VERY LARGE TRADE,üí∞ LARGE TRADE,üü¢ SMALL TRADE,‚ùì UNKNOWN SIZE,üê£ MICRO CAP,üå± SMALL CAP,üåø MID CAP,üå≥ LARGE CAP,üèîÔ∏è MEGA CAP,üì° Tech,üè• Healthcare,üõçÔ∏è Consumer Cyclical,‚ö° Energy,üèóÔ∏è Industrial,üîå Utilities,üèòÔ∏è Real Estate,‚öôÔ∏è Materials,üìû Communication,üß∞ Other,üìâ DIP BUY,üöÄ BUYING INTO STRENGTH,üîÅ CLUSTER BUY,üß† SMART INSIDER,üß© MULTIPLE BUYS,üìÖ NEAR EARNINGS,Automatic/Scheduled,Compensation/Accounting,Ownership Disclaimer/Indirect,Conviction Buy,ticker,insider_name,transaction_date,case1_pred,case2_pred
ACTG,Zambito Michael SIKORYAK,2025-08-11,0,1,0,0,0,0,0,0,0,0,0,0,0,0,0,0,0,1,0,0,0,0,0,0,0,1,0,0,0,0,0,0,0,0,0,0,0,0,0,0,1,ACTG,Zambito Michael SIKORYAK,2025-08-11,0.7687219,0.66122234
AEBI,Fruithof Barend Gerrit,2025-08-21,1,0,0,0,0,0,0,0,0,0,0,0,0,0,0,0,0,1,0,0,0,0,0,0,0,1,0,0,0,0,0,0,0,1,0,0,0,0,0,0,1,AEBI,Fruithof Barend Gerrit,2025-08-21,0.8041471,0.8873356
AEBI,Schenkirsch Thomas,2025-08-26,0,0,0,0,0,0,0,0,0,0,0,0,0,0,0,0,0,1,0,0,0,0,0,0,0,1,0,0,0,0,0,0,0,1,0,0,0,0,0,0,1,AEBI,Schenkirsch Thomas,2025-08-26,0.91458815,0.88485074
AEBI,Schewerda Steffen,2025-08-19,0,0,0,0,0,0,0,1,0,0,0,0,0,0,0,0,0,1,0,0,0,0,0,0,0,1,0,0,0,0,0,0,0,1,0,0,0,0,0,0,1,AEBI,Schewerda Steffen,2025-08-19,0.91458815,0.88485074
AEBI,Schroeder Henning,2025-08-18,1,0,0,0,0,0,0,0,0,0,0,0,0,0,0,0,0,1,0,0,0,0,0,0,0,1,0,0,0,0,0,0,0,1,0,0,0,0,0,0,1,AEBI,Schroeder Henning,2025-08-18,0.8041471,0.8873356
AIG,Inglis John C,2025-08-08,0,0,0,0,0,0,0,0,0,0,0,1,0,0,0,0,0,0,0,1,0,0,0,0,0,0,0,0,0,0,0,0,0,0,0,0,0,0,0,0,1,AIG,Inglis John C,2025-08-08,0.18356258,0.01857031
AIN,Kleveland Gunnar,2025-08-05,1,0,0,0,0,0,0,0,0,0,0,0,0,0,0,0,0,1,0,0,0,0,0,1,0,0,0,0,0,0,0,0,0,0,0,0,0,1,1,1,0,AIN,Kleveland Gunnar,2025-08-05,0.22970961,0.5731405
AIOT,Towe Steven Mark,2025-08-14,1,0,0,0,0,0,0,0,0,0,0,0,0,0,1,0,0,1,0,0,0,1,0,0,0,0,0,0,0,0,0,0,0,0,0,0,0,0,0,1,0,AIOT,Towe Steven Mark,2025-08-14,0.663745,0.8548015
AKAM,HESSE DANIEL,2025-08-11,0,0,0,0,0,0,0,0,0,0,0,1,0,0,0,0,0,0,0,1,0,1,0,0,0,0,0,0,0,0,0,0,0,0,0,0,0,0,0,0,1,AKAM,HESSE DANIEL,2025-08-11,0.39148414,0.21483807
AKAM,LEIGHTON F THOMSON,2025-08-11,1,0,0,0,0,0,0,0,0,0,0,0,0,0,1,0,0,0,0,1,0,1,0,0,0,0,0,0,0,0,0,0,0,0,0,0,0,0,0,1,1,AKAM,LEIGHTON F THOMSON,2025-08-11,0.3077368,0.45791626
ALGN,HOGAN JOSEPH M,2025-08-01,1,0,0,0,0,0,0,0,0,0,0,0,0,0,1,0,0,0,1,0,0,0,1,0,0,0,0,0,0,0,0,0,0,0,0,0,0,0,0,1,0,ALGN,HOGAN JOSEPH M,2025-08-01,0.910335,0.9480283
AMCR,STERRETT STEPHEN E,2025-08-19,0,0,0,0,0,0,0,0,0,0,0,1,0,0,0,0,0,0,0,1,0,0,0,1,0,0,0,0,0,0,0,0,0,0,0,0,0,0,0,0,1,AMCR,STERRETT STEPHEN E,2025-08-19,0.4452036,0.15845904
AMH,Willoughby Jay,2025-08-11,0,0,0,0,0,0,0,0,0,0,0,1,0,0,0,0,0,0,0,1,0,0,0,0,0,0,0,1,0,0,0,0,0,0,0,0,0,0,1,0,0,AMH,Willoughby Jay,2025-08-11,0.40292847,0.053218868
AMKR,KIM DAVID D,2025-08-01,0,0,0,0,0,0,0,0,0,0,1,0,0,1,0,0,0,0,1,0,0,1,0,0,0,0,0,0,0,0,0,0,0,1,0,0,0,0,0,1,0,AMKR,KIM DAVID D,2025-08-01,0.8326456,0.9211068
AMKR,KIM JOHN T,2025-08-01,0,0,0,0,0,0,0,0,0,0,1,0,0,1,0,0,0,0,1,0,0,1,0,0,0,0,0,0,0,0,0,0,0,1,0,0,0,0,1,1,0,AMKR,KIM JOHN T,2025-08-01,0.809838,0.9064437
AMKR,KIM SUSAN Y,2025-08-01,0,0,0,0,0,0,0,0,0,0,1,0,0,1,0,0,0,0,1,0,0,1,0,0,0,0,0,0,0,0,0,0,0,1,0,0,0,0,1,1,0,AMKR,KIM SUSAN Y,2025-08-01,0.809838,0.9064437
AMKR,"SUJODA Investments, LP",2025-08-01,0,0,0,0,0,0,0,0,0,0,1,0,0,1,0,0,0,0,1,0,0,1,0,0,0,0,0,0,0,0,0,0,0,1,0,0,0,0,0,1,0,AMKR,"SUJODA Investments, LP",2025-08-01,0.8326456,0.9211068
AMKR,"Sujoda Management, LLC",2025-08-01,0,0,0,0,0,0,0,0,0,0,1,0,0,1,0,0,0,0,1,0,0,1,0,0,0,0,0,0,0,0,0,0,0,1,0,0,0,0,0,1,0,AMKR,"Sujoda Management, LLC",2025-08-01,0.8326456,0.9211068
AMPY,COGHILL CLINT D,2025-08-12,0,0,0,0,0,0,0,0,0,0,0,1,0,1,0,0,1,0,0,0,0,0,0,0,1,0,0,0,0,0,0,0,0,0,0,1,0,0,0,1,1,AMPY,COGHILL CLINT D,2025-08-12,0.90634215,0.89606714
AMPY,COGHILL CLINT D,2025-08-13,0,0,0,0,0,0,0,0,0,0,0,1,0,1,0,0,1,0,0,0,0,0,0,0,1,0,0,0,0,0,0,0,0,0,0,1,0,0,0,1,1,AMPY,COGHILL CLINT D,2025-08-13,0.90634215,0.89606714
AMPY,COGHILL CLINT D,2025-08-14,0,0,0,0,0,0,0,0,0,0,0,1,0,1,0,0,1,0,0,0,0,0,0,0,1,0,0,0,0,0,0,0,0,0,0,1,0,0,0,1,1,AMPY,COGHILL CLINT D,2025-08-14,0.90634215,0.89606714
AMPY,FREW JAMES,2025-08-12,0,0,0,0,0,0,0,0,0,0,0,0,0,0,1,0,1,0,0,0,0,0,0,0,1,0,0,0,0,0,0,0,0,0,0,1,0,0,0,0,1,AMPY,FREW JAMES,2025-08-12,0.9016209,0.89395434
AMRZ,Brouwer Roald,2025-08-08,0,0,0,0,0,0,0,0,0,0,0,0,0,0,0,0,0,0,0,1,0,0,0,0,0,0,0,0,1,0,0,0,0,1,0,0,0,0,0,1,0,AMRZ,Brouwer Roald,2025-08-08,0.8988301,0.80248135
AMRZ,Brouwer Roald,2025-08-11,0,0,0,0,0,0,0,0,0,0,0,0,0,0,0,0,0,0,0,1,0,0,0,0,0,0,0,0,1,0,0,0,0,1,0,0,0,0,0,1,0,AMRZ,Brouwer Roald,2025-08-11,0.8988301,0.80248135
AMRZ,Brouwer Roald,2025-08-12,0,0,0,0,0,0,0,0,0,0,0,0,0,0,0,0,0,0,0,1,0,0,0,0,0,0,0,0,1,0,0,0,0,1,0,0,0,0,0,1,0,AMRZ,Brouwer Roald,2025-08-12,0.8988301,0.80248135
AMRZ,Brouwer Roald,2025-08-27,0,0,0,0,0,0,0,0,0,0,0,0,0,0,0,0,0,0,0,1,0,0,0,0,0,0,0,0,1,0,0,0,0,0,0,0,0,0,0,1,0,AMRZ,Brouwer Roald,2025-08-27,0.43685228,0.13997693
AMRZ,Clark Stephen S,2025-08-15,0,0,0,0,0,0,0,0,0,0,0,0,0,0,0,0,0,0,0,1,0,0,0,0,0,0,0,0,1,0,0,0,0,1,0,0,0,0,0,0,1,AMRZ,Clark Stephen S,2025-08-15,0.9352475,0.78318435
AMRZ,Gross Mario,2025-08-08,0,0,0,0,0,0,0,0,0,0,0,0,0,0,0,0,0,0,0,1,0,0,0,0,0,0,0,0,1,0,0,0,0,1,0,0,0,0,0,1,0,AMRZ,Gross Mario,2025-08-08,0.8988301,0.80248135
AMRZ,Gross Mario,2025-08-11,0,0,0,0,0,0,0,0,0,0,0,0,0,0,0,0,0,0,0,1,0,0,0,0,0,0,0,0,1,0,0,0,0,1,0,0,0,0,0,1,0,AMRZ,Gross Mario,2025-08-11,0.8988301,0.80248135
AMRZ,Gross Mario,2025-08-13,0,0,0,0,0,0,0,0,0,0,0,0,0,0,0,0,0,0,0,1,0,0,0,0,0,0,0,0,1,0,0,0,0,1,0,0,0,0,0,1,0,AMRZ,Gross Mario,2025-08-13,0.8988301,0.80248135
AMRZ,Hill Jaime,2025-08-08,0,0,0,0,0,0,0,1,0,0,0,0,0,0,0,0,0,0,0,1,0,0,0,0,0,0,0,0,1,0,0,0,0,1,0,0,0,0,0,0,1,AMRZ,Hill Jaime,2025-08-08,0.9352475,0.78318435
AMRZ,Hill Jaime,2025-08-15,0,0,0,0,0,0,0,1,0,0,0,0,0,0,0,0,0,0,0,1,0,0,0,0,0,0,0,0,1,0,0,0,0,1,0,0,0,0,0,0,1,AMRZ,Hill Jaime,2025-08-15,0.9352475,0.78318435
AMRZ,Hill Jaime,2025-08-22,0,0,0,0,0,0,0,1,0,0,0,0,0,0,0,0,0,0,0,1,0,0,0,0,0,0,0,0,1,0,0,0,0,1,0,0,0,0,0,0,1,AMRZ,Hill Jaime,2025-08-22,0.9352475,0.78318435
AMRZ,Jenisch Jan Philipp,2025-08-08,1,0,0,0,0,0,0,0,0,0,0,0,0,0,1,0,0,0,0,1,0,0,0,0,0,0,0,0,1,0,0,0,0,1,0,1,0,0,0,1,0,AMRZ,Jenisch Jan Philipp,2025-08-08,0.8786308,0.826052
AMRZ,Jenisch Jan Philipp,2025-08-11,1,0,0,0,0,0,0,0,0,0,0,0,0,1,0,0,0,0,0,1,0,0,0,0,0,0,0,0,1,0,0,0,0,1,0,1,0,0,0,0,1,AMRZ,Jenisch Jan Philipp,2025-08-11,0.9102042,0.761983
AMRZ,Johnston Ian A,2025-08-08,0,1,0,0,0,0,0,0,0,0,0,0,0,0,0,0,0,0,0,1,0,0,0,0,0,0,0,0,1,0,0,0,0,1,0,0,0,0,0,0,1,AMRZ,Johnston Ian A,2025-08-08,0.90535635,0.6859745
AMRZ,Poletti Samuel Jonas,2025-08-08,0,0,0,0,0,0,0,0,0,0,0,0,0,0,0,0,0,0,0,1,0,0,0,0,0,0,0,0,1,0,0,0,0,1,0,0,0,0,0,1,0,AMRZ,Poletti Samuel Jonas,2025-08-08,0.8988301,0.80248135
AMRZ,Singleton Denise R,2025-08-08,0,0,0,0,0,0,0,0,0,0,0,0,0,0,0,0,0,0,0,1,0,0,0,0,0,0,0,0,1,0,0,0,0,1,0,0,0,0,0,0,1,AMRZ,Singleton Denise R,2025-08-08,0.9352475,0.78318435
AOMR,Morgan Jonathan,2025-08-07,0,0,0,0,0,0,0,0,0,0,0,1,0,0,1,0,1,0,0,0,0,0,0,0,0,0,0,1,0,0,0,0,0,0,0,0,0,0,0,0,1,AOMR,Morgan Jonathan,2025-08-07,0.7899236,0.46644852
APLE,KNIGHT GLADE M,2025-08-19,0,0,0,0,0,0,1,0,0,0,0,0,0,0,0,0,0,0,1,0,0,0,0,0,0,0,0,1,0,0,0,0,0,0,0,0,0,0,0,1,1,APLE,KNIGHT GLADE M,2025-08-19,0.8372574,0.8261335
ARMK,ZILLMER JOHN J,2025-08-07,1,0,0,0,0,0,0,0,0,0,0,0,0,0,0,0,0,0,0,1,0,0,0,0,0,1,0,0,0,0,0,0,0,0,0,0,0,0,0,0,1,ARMK,ZILLMER JOHN J,2025-08-07,0.35263625,0.35208783
AROW,Ivanov Penko Krassimir,2025-08-06,0,1,0,0,0,0,0,0,0,0,0,0,0,0,0,0,0,1,0,0,0,0,0,0,0,0,0,0,0,0,0,0,0,0,0,0,0,0,0,1,0,AROW,Ivanov Penko Krassimir,2025-08-06,0.34515584,0.06693481
AROW,Ivanov Penko Krassimir,2025-08-26,0,1,0,0,0,0,0,0,0,0,0,0,0,0,0,0,0,1,0,0,0,0,0,0,0,0,0,0,0,0,0,0,0,0,0,1,0,0,0,1,0,AROW,Ivanov Penko Krassimir,2025-08-26,0.6857958,0.1583688
AROW,Ivanov Penko Krassimir,2025-08-27,0,1,0,0,0,0,0,0,0,0,0,0,0,0,1,0,0,1,0,0,0,0,0,0,0,0,0,0,0,0,0,0,0,0,0,1,0,0,0,1,0,AROW,Ivanov Penko Krassimir,2025-08-27,0.6369116,0.13317314
ARW,Kerins Sean J,2025-08-01,1,0,0,0,0,0,0,0,0,0,0,0,0,0,1,0,0,0,1,0,0,1,0,0,0,0,0,0,0,0,0,0,0,0,0,0,0,0,0,0,1,ARW,Kerins Sean J,2025-08-01,0.88688624,0.87198997
ASA,"Saba Capital Management, L.P.",2025-08-07,0,0,0,0,0,0,0,0,0,0,1,0,0,1,0,0,0,1,0,0,0,0,0,0,0,0,0,0,0,0,0,0,0,0,0,1,0,0,0,0,1,ASA,"Saba Capital Management, L.P.",2025-08-07,0.9310238,0.77623796
ASA,"Saba Capital Management, L.P.",2025-08-11,0,0,0,0,0,0,0,0,0,0,1,0,1,0,0,0,0,1,0,0,0,0,0,0,0,0,0,0,0,0,0,0,0,0,0,1,0,0,0,0,1,ASA,"Saba Capital Management, L.P.",2025-08-11,0.9035024,0.12775706
ASA,"Saba Capital Management, L.P.",2025-08-14,0,0,0,0,0,0,0,0,0,0,1,0,0,0,1,0,0,1,0,0,0,0,0,0,0,0,0,0,0,0,0,0,0,0,0,1,0,0,0,0,1,ASA,"Saba Capital Management, L.P.",2025-08-14,0.81905705,0.55197245
ASA,"Saba Capital Management, L.P.",2025-08-15,0,0,0,0,0,0,0,0,0,0,1,0,0,0,1,0,0,1,0,0,0,0,0,0,0,0,0,0,0,0,0,0,0,0,0,1,0,0,0,0,1,ASA,"Saba Capital Management, L.P.",2025-08-15,0.81905705,0.55197245
ASA,"Saba Capital Management, L.P.",2025-08-18,0,0,0,0,0,0,0,0,0,0,1,0,0,0,0,0,0,1,0,0,0,0,0,0,0,0,0,0,0,0,0,0,0,0,0,1,0,0,0,0,1,ASA,"Saba Capital Management, L.P.",2025-08-18,0.87633884,0.49332786
ASA,"Saba Capital Management, L.P.",2025-08-19,0,0,0,0,0,0,0,0,0,0,1,0,0,0,1,0,0,1,0,0,0,0,0,0,0,0,0,0,0,0,0,0,0,0,0,1,0,0,0,0,1,ASA,"Saba Capital Management, L.P.",2025-08-19,0.81905705,0.55197245
ASA,"Saba Capital Management, L.P.",2025-08-21,0,0,0,0,0,0,0,0,0,0,1,0,0,0,0,0,0,1,0,0,0,0,0,0,0,0,0,0,0,0,0,0,0,0,0,1,0,0,0,0,1,ASA,"Saba Capital Management, L.P.",2025-08-21,0.87633884,0.49332786
ASA,"Saba Capital Management, L.P.",2025-08-22,0,0,0,0,0,0,0,0,0,0,1,0,0,0,1,0,0,1,0,0,0,0,0,0,0,0,0,0,0,0,0,0,0,0,0,1,0,0,0,0,1,ASA,"Saba Capital Management, L.P.",2025-08-22,0.81905705,0.55197245
ASA,"Saba Capital Management, L.P.",2025-08-25,0,0,0,0,0,0,0,0,0,0,1,0,0,0,1,0,0,1,0,0,0,0,0,0,0,0,0,0,0,0,0,0,0,0,0,1,0,0,0,0,1,ASA,"Saba Capital Management, L.P.",2025-08-25,0.81905705,0.55197245
ASAN,Moskovitz Dustin A.,2025-08-01,0,0,0,0,0,0,0,0,0,0,0,1,0,0,1,0,0,0,1,0,0,1,0,0,0,0,0,0,0,0,0,0,0,0,0,1,0,1,0,1,1,ASAN,Moskovitz Dustin A.,2025-08-01,0.16898488,0.06761615
ASAN,Moskovitz Dustin A.,2025-08-07,0,0,0,0,0,0,0,0,0,0,0,1,0,0,1,0,0,0,1,0,0,1,0,0,0,0,0,0,0,0,0,0,0,0,0,1,0,1,0,1,1,ASAN,Moskovitz Dustin A.,2025-08-07,0.16898488,0.06761615
ASAN,Moskovitz Dustin A.,2025-08-08,0,0,0,0,0,0,0,0,0,0,0,1,0,0,1,0,0,0,1,0,0,1,0,0,0,0,0,0,0,0,0,0,0,0,0,1,0,1,0,1,1,ASAN,Moskovitz Dustin A.,2025-08-08,0.16898488,0.06761615
ASAN,Moskovitz Dustin A.,2025-08-11,0,0,0,0,0,0,0,0,0,0,0,1,0,0,1,0,0,0,1,0,0,1,0,0,0,0,0,0,0,0,0,0,0,0,0,1,0,1,0,1,1,ASAN,Moskovitz Dustin A.,2025-08-11,0.16898488,0.06761615
ASAN,Moskovitz Dustin A.,2025-08-13,0,0,0,0,0,0,0,0,0,0,0,1,0,0,1,0,0,0,1,0,0,1,0,0,0,0,0,0,0,0,0,0,0,0,0,1,0,1,0,1,1,ASAN,Moskovitz Dustin A.,2025-08-13,0.16898488,0.06761615
ASAN,Moskovitz Dustin A.,2025-08-14,0,0,0,0,0,0,0,0,0,0,0,1,0,0,1,0,0,0,1,0,0,1,0,0,0,0,0,0,0,0,0,0,0,0,0,1,0,1,0,1,1,ASAN,Moskovitz Dustin A.,2025-08-14,0.16898488,0.06761615
ASAN,Moskovitz Dustin A.,2025-08-15,0,0,0,0,0,0,0,0,0,0,0,1,0,0,1,0,0,0,1,0,0,1,0,0,0,0,0,0,0,0,0,0,0,0,0,1,0,1,0,1,1,ASAN,Moskovitz Dustin A.,2025-08-15,0.16898488,0.06761615
ASAN,Moskovitz Dustin A.,2025-08-18,0,0,0,0,0,0,0,0,0,0,0,1,0,0,1,0,0,0,1,0,0,1,0,0,0,0,0,0,0,0,0,0,0,0,0,1,0,1,0,1,1,ASAN,Moskovitz Dustin A.,2025-08-18,0.16898488,0.06761615
ASAN,Moskovitz Dustin A.,2025-08-19,0,0,0,0,0,0,0,0,0,0,0,1,0,1,0,0,0,0,1,0,0,1,0,0,0,0,0,0,0,0,0,0,0,0,0,1,0,1,0,1,1,ASAN,Moskovitz Dustin A.,2025-08-19,0.3074493,0.23956965
ASAN,Moskovitz Dustin A.,2025-08-20,0,0,0,0,0,0,0,0,0,0,0,1,0,1,0,0,0,0,1,0,0,1,0,0,0,0,0,0,0,0,0,0,0,0,0,1,1,1,0,1,1,ASAN,Moskovitz Dustin A.,2025-08-20,0.15469837,0.16437857
ASAN,Moskovitz Dustin A.,2025-08-21,0,0,0,0,0,0,0,0,0,0,0,1,0,0,1,0,0,0,1,0,0,1,0,0,0,0,0,0,0,0,0,0,0,0,0,1,1,1,0,1,1,ASAN,Moskovitz Dustin A.,2025-08-21,0.09549649,0.037926774
ASLE,Fedder Judith Ann,2025-08-13,0,0,0,0,0,0,0,0,0,0,0,1,0,0,0,0,0,1,0,0,0,0,0,0,0,1,0,0,0,0,0,0,0,0,0,0,0,0,0,0,1,ASLE,Fedder Judith Ann,2025-08-13,0.8603104,0.7253216
ASUR,Drew William Carl,2025-08-05,0,0,0,0,0,0,0,0,0,0,0,1,0,0,1,0,1,0,0,0,0,1,0,0,0,0,0,0,0,0,0,0,0,0,0,0,0,0,0,0,1,ASUR,Drew William Carl,2025-08-05,0.78312737,0.5891239
ASUR,Goepel Patrick,2025-08-06,1,0,0,0,0,0,0,0,0,0,0,0,0,0,1,0,1,0,0,0,0,1,0,0,0,0,0,0,0,0,0,0,0,0,0,0,0,0,0,0,1,ASUR,Goepel Patrick,2025-08-06,0.8810711,0.8748794
ATEX,Gray Timothy,2025-08-19,0,1,0,0,0,0,0,0,0,0,0,0,0,0,0,0,0,1,0,0,0,0,0,0,0,0,0,0,0,1,0,0,0,0,0,0,0,0,0,0,1,ATEX,Gray Timothy,2025-08-19,0.59271777,0.27095902
AUB,Ellett Frank Russell,2025-08-05,0,0,0,0,0,0,0,0,0,0,0,1,0,0,0,0,0,0,1,0,0,0,0,0,0,0,0,0,0,0,0,0,0,0,0,0,0,0,0,0,1,AUB,Ellett Frank Russell,2025-08-05,0.85446745,0.30947772
AUB,Ellett Frank Russell,2025-08-06,0,0,0,0,0,0,0,0,0,0,0,1,0,0,0,0,0,0,1,0,0,0,0,0,0,0,0,0,0,0,0,0,0,0,0,0,0,0,0,0,1,AUB,Ellett Frank Russell,2025-08-06,0.85446745,0.30947772
AUB,Ellett Frank Russell,2025-08-07,0,0,0,0,0,0,0,0,0,0,0,1,0,0,0,0,0,0,1,0,0,0,0,0,0,0,0,0,0,0,0,0,0,0,0,0,0,0,0,0,1,AUB,Ellett Frank Russell,2025-08-07,0.85446745,0.30947772
AUB,Ellett Frank Russell,2025-08-08,0,0,0,0,0,0,0,0,0,0,0,1,0,0,0,0,0,0,1,0,0,0,0,0,0,0,0,0,0,0,0,0,0,0,0,0,0,0,0,0,1,AUB,Ellett Frank Russell,2025-08-08,0.85446745,0.30947772
AUPH,TANG KEVIN,2025-08-04,0,0,0,0,0,0,0,0,0,0,0,1,0,0,1,0,0,1,0,0,0,0,1,0,0,0,0,0,0,0,0,0,0,0,0,1,0,0,0,1,1,AUPH,TANG KEVIN,2025-08-04,0.9696184,0.9220823
AUR,Donahoe John J,2025-08-06,0,0,0,0,0,0,0,0,0,0,0,1,0,0,0,0,0,0,0,1,0,1,0,0,0,0,0,0,0,0,0,0,0,0,0,0,0,0,0,1,1,AUR,Donahoe John J,2025-08-06,0.3995584,0.2700728
AVNS,BLACKFORD GARY,2025-08-13,0,0,0,0,0,0,0,0,0,0,0,1,0,1,0,0,0,1,0,0,0,0,1,0,0,0,0,0,0,0,0,0,0,0,0,0,0,0,0,1,0,AVNS,BLACKFORD GARY,2025-08-13,0.954527,0.85510933
AVTR,SUMME GREGORY L,2025-08-21,0,0,0,0,0,0,0,0,0,0,0,1,0,0,1,0,0,0,1,0,0,0,1,0,0,0,0,0,0,0,0,0,0,0,0,0,0,0,0,1,1,AVTR,SUMME GREGORY L,2025-08-21,0.9706113,0.9600141
AXON,Partovi Hadi,2025-08-13,0,0,0,0,0,0,0,0,0,0,0,1,0,0,0,0,0,0,0,1,0,0,0,0,0,1,0,0,0,0,0,0,0,0,0,0,0,0,0,0,1,AXON,Partovi Hadi,2025-08-13,0.5890834,0.21938926
BA,Buckley Mortimer J,2025-08-19,0,0,0,0,0,0,0,0,0,0,0,1,0,0,0,0,0,0,0,1,0,0,0,0,0,1,0,0,0,0,0,0,0,0,0,0,0,0,0,0,1,BA,Buckley Mortimer J,2025-08-19,0.5890834,0.21938926
BDX,HAYES GREGORY,2025-08-11,0,0,0,0,0,0,0,0,0,0,0,1,0,0,0,0,0,0,0,1,0,0,1,0,0,0,0,0,0,0,0,0,0,0,0,0,0,0,0,0,1,BDX,HAYES GREGORY,2025-08-11,0.72546595,0.24089564
BFC,Stayer-Suprick Michael S,2025-08-19,0,0,0,0,0,0,0,0,0,0,0,1,0,0,0,0,0,1,0,0,0,0,0,0,0,0,0,0,0,0,0,0,0,0,0,0,0,0,0,0,1,BFC,Stayer-Suprick Michael S,2025-08-19,0.4636908,0.09681982
BFLY,Cashman Steve,2025-08-25,0,0,0,0,0,1,0,0,0,0,0,0,0,0,1,0,0,1,0,0,0,0,1,0,0,0,0,0,0,0,0,0,0,0,0,0,0,0,0,0,1,BFLY,Cashman Steve,2025-08-25,0.7589261,0.8734878
BG,Mahoney Christopher,2025-08-18,0,0,0,0,0,0,0,0,0,0,0,1,0,0,0,0,0,0,0,1,0,0,0,0,0,0,0,0,0,0,0,0,0,0,0,0,0,0,0,0,1,BG,Mahoney Christopher,2025-08-18,0.18356258,0.01857031
BJ,Ortega Steven L,2025-08-26,0,0,0,0,0,0,0,0,0,0,0,1,0,0,0,0,0,0,0,1,0,0,0,0,0,0,0,0,0,0,0,0,0,0,0,0,0,0,0,0,1,BJ,Ortega Steven L,2025-08-26,0.18356258,0.01857031
BL,HENSHALL DAVID J,2025-08-08,0,0,0,0,0,0,0,0,0,0,0,1,0,0,1,0,0,0,1,0,0,1,0,0,0,0,0,0,0,0,0,0,0,0,0,0,0,0,0,0,1,BL,HENSHALL DAVID J,2025-08-08,0.9453456,0.81200427
BLFY,Kinzler Patrick H.,2025-08-01,0,0,0,0,0,0,0,0,0,0,0,1,0,0,1,0,1,0,0,0,0,0,0,0,0,0,0,0,0,0,0,0,0,0,0,1,0,1,0,1,0,BLFY,Kinzler Patrick H.,2025-08-01,0.502566,0.045237944
BLFY,Kinzler Patrick H.,2025-08-04,0,0,0,0,0,0,0,0,0,0,0,1,0,0,0,0,1,0,0,0,0,0,0,0,0,0,0,0,0,0,0,0,0,0,0,1,0,1,0,1,0,BLFY,Kinzler Patrick H.,2025-08-04,0.53172225,0.054355748
BLFY,Malkiman Aleksandr,2025-08-01,0,0,0,0,0,0,0,0,1,0,0,0,0,0,0,0,1,0,0,0,0,0,0,0,0,0,0,0,0,0,0,0,0,0,0,0,0,1,1,0,0,BLFY,Malkiman Aleksandr,2025-08-01,0.12672395,0.13354193
BLFY,Malkiman Aleksandr,2025-08-04,0,0,0,0,0,0,0,0,1,0,0,0,0,0,0,0,1,0,0,0,0,0,0,0,0,0,0,0,0,0,0,0,0,0,0,0,0,1,1,0,0,BLFY,Malkiman Aleksandr,2025-08-04,0.12672395,0.13354193
BPRN,TUCHMAN MARTIN,2025-08-06,0,0,0,0,0,0,0,0,0,0,0,1,0,0,1,0,1,0,0,0,0,0,0,0,0,0,0,0,0,0,0,0,0,0,0,1,0,0,0,0,1,BPRN,TUCHMAN MARTIN,2025-08-06,0.8346229,0.43657923
BPRN,TUCHMAN MARTIN,2025-08-07,0,0,0,0,0,0,0,0,0,0,0,1,0,0,1,0,1,0,0,0,0,0,0,0,0,0,0,0,0,0,0,0,0,0,0,1,0,0,0,0,1,BPRN,TUCHMAN MARTIN,2025-08-07,0.8346229,0.43657923
BPRN,TUCHMAN MARTIN,2025-08-19,0,0,0,0,0,0,0,0,0,0,0,1,0,0,1,0,1,0,0,0,0,0,0,0,0,0,0,0,0,0,0,0,0,0,0,1,0,0,0,0,1,BPRN,TUCHMAN MARTIN,2025-08-19,0.8346229,0.43657923
BPRN,TUCHMAN MARTIN,2025-08-20,0,0,0,0,0,0,0,0,0,0,0,1,0,0,1,0,1,0,0,0,0,0,0,0,0,0,0,0,0,0,0,0,0,0,0,1,0,0,0,0,1,BPRN,TUCHMAN MARTIN,2025-08-20,0.8346229,0.43657923
BRBR,CONWAY SHAWN,2025-08-06,0,0,0,0,0,0,0,0,0,0,0,1,0,0,0,0,0,0,1,0,0,0,0,0,0,0,0,0,0,0,0,0,0,1,0,0,0,0,0,0,1,BRBR,CONWAY SHAWN,2025-08-06,0.3408379,0.10365074
BRBR,ROSENTHAL CRAIG L,2025-08-06,0,0,0,0,0,0,0,0,0,0,0,0,0,0,0,0,0,0,1,0,0,0,0,0,0,0,0,0,0,0,0,0,0,1,0,0,0,0,0,0,1,BRBR,ROSENTHAL CRAIG L,2025-08-06,0.31686506,0.14053603
BRBR,STEIN ELLIOT JR,2025-08-06,0,0,0,0,0,0,0,0,0,0,0,1,0,0,0,0,0,0,1,0,0,0,0,0,0,0,0,0,0,0,0,0,0,1,0,0,0,0,0,0,1,BRBR,STEIN ELLIOT JR,2025-08-06,0.3408379,0.10365074
BRCC,Taslitz Steven,2025-08-08,0,0,0,0,0,0,0,0,0,0,0,1,0,0,1,0,1,0,0,0,0,0,0,0,0,0,0,0,0,0,0,0,0,0,0,1,0,0,0,0,1,BRCC,Taslitz Steven,2025-08-08,0.8346229,0.43657923
BRO,KRUMP PAUL J,2025-08-08,0,0,0,0,0,0,0,0,0,0,0,1,0,0,0,0,0,0,0,1,0,0,0,0,0,0,0,0,0,0,0,0,0,0,0,0,0,0,0,0,1,BRO,KRUMP PAUL J,2025-08-08,0.18356258,0.01857031
BRO,Masojada Bronislaw Edmund,2025-08-06,0,0,0,0,0,0,0,0,0,0,0,1,0,0,0,0,0,0,0,1,0,0,0,0,0,0,0,0,0,0,0,0,0,0,0,0,0,0,0,1,0,BRO,Masojada Bronislaw Edmund,2025-08-06,0.1762277,0.032674287
BRT,GOULD INVESTORS L P,2025-08-11,0,0,0,0,0,0,0,0,0,0,1,0,0,0,1,0,1,0,0,0,0,0,0,0,0,0,0,1,0,0,0,0,0,1,0,1,0,1,0,0,1,BRT,GOULD INVESTORS L P,2025-08-11,0.928707,0.5860898
BRT,GOULD INVESTORS L P,2025-08-12,0,0,0,0,0,0,0,0,0,0,1,0,0,0,1,0,1,0,0,0,0,0,0,0,0,0,0,1,0,0,0,0,0,1,0,1,0,1,0,0,1,BRT,GOULD INVESTORS L P,2025-08-12,0.928707,0.5860898
BRT,GOULD JEFFREY,2025-08-11,1,0,0,0,0,0,0,0,0,0,0,0,0,0,1,0,1,0,0,0,0,0,0,0,0,0,0,1,0,0,0,0,0,1,0,1,0,1,0,1,1,BRT,GOULD JEFFREY,2025-08-11,0.78815824,0.4942136
BRT,GOULD JEFFREY,2025-08-12,1,0,0,0,0,0,0,0,0,0,0,0,0,0,1,0,1,0,0,0,0,0,0,0,0,0,0,1,0,0,0,0,0,1,0,1,0,1,0,1,1,BRT,GOULD JEFFREY,2025-08-12,0.78815824,0.4942136
BRT,GOULD MATTHEW J,2025-08-11,0,0,0,0,0,0,0,1,0,0,0,0,0,0,1,0,1,0,0,0,0,0,0,0,0,0,0,1,0,0,0,0,0,1,0,1,0,1,0,1,1,BRT,GOULD MATTHEW J,2025-08-11,0.84883755,0.44205058
BRT,GOULD MATTHEW J,2025-08-12,0,0,0,0,0,0,0,1,0,0,0,0,0,0,1,0,1,0,0,0,0,0,0,0,0,0,0,1,0,0,0,0,0,1,0,1,0,1,0,1,1,BRT,GOULD MATTHEW J,2025-08-12,0.84883755,0.44205058
BSM,Carter Thomas L Jr,2025-08-19,1,0,0,0,0,0,0,0,0,0,0,0,0,0,0,0,0,0,1,0,0,0,0,0,1,0,0,0,0,0,0,0,0,0,0,0,0,0,0,0,1,BSM,Carter Thomas L Jr,2025-08-19,0.61642843,0.6039196
BSM,Carter Thomas L Jr,2025-08-20,1,0,0,0,0,0,0,0,0,0,0,0,0,0,0,0,0,0,1,0,0,0,0,0,1,0,0,0,0,0,0,0,0,0,0,0,0,0,0,0,1,BSM,Carter Thomas L Jr,2025-08-20,0.61642843,0.6039196
BX,Porat Ruth,2025-08-11,0,0,0,0,0,0,0,0,0,0,0,1,0,0,0,0,0,0,0,0,1,0,0,0,0,0,0,0,0,0,0,0,0,0,0,0,0,1,0,1,0,BX,Porat Ruth,2025-08-11,0.16601479,0.20866519
BY,KISTNER WILLIAM G,2025-08-08,0,0,0,0,0,0,0,0,0,0,0,1,0,0,0,0,0,1,0,0,0,0,0,0,0,0,0,0,0,0,0,0,0,0,0,0,0,0,0,0,1,BY,KISTNER WILLIAM G,2025-08-08,0.4636908,0.09681982
CAPL,Reilly John B. III,2025-08-12,0,0,0,0,0,0,0,0,0,0,0,1,0,0,0,0,0,1,0,0,0,0,0,0,1,0,0,0,0,0,0,0,0,0,0,0,0,1,0,1,1,CAPL,Reilly John B. III,2025-08-12,0.14561835,0.05732343
CAPL,Topper Joseph V. Jr.,2025-08-12,0,0,0,0,0,0,0,0,0,0,0,1,0,0,0,0,0,1,0,0,0,0,0,0,1,0,0,0,0,0,0,0,0,0,0,0,0,1,0,1,1,CAPL,Topper Joseph V. Jr.,2025-08-12,0.14561835,0.05732343
CASS,Normile Michael James,2025-08-01,0,1,0,0,0,0,0,0,0,0,0,0,0,0,0,0,0,1,0,0,0,0,0,0,0,1,0,0,0,0,0,0,0,0,0,0,0,0,0,1,0,CASS,Normile Michael James,2025-08-01,0.6917819,0.23871893
CASS,Resch Martin H.,2025-08-01,1,0,0,0,0,0,0,0,0,0,0,0,0,0,0,0,0,1,0,0,0,0,0,0,0,1,0,0,0,0,0,0,0,0,0,0,0,0,0,1,0,CASS,Resch Martin H.,2025-08-01,0.4677245,0.45402247
CBAN,Bateman Leonard H JR,2025-08-19,0,0,0,0,0,0,0,0,1,0,0,0,0,0,1,0,1,0,0,0,0,0,0,0,0,0,0,0,0,0,0,0,0,0,0,0,0,1,0,1,0,CBAN,Bateman Leonard H JR,2025-08-19,0.15644287,0.08477199
CBAN,Canup Edward G,2025-08-15,0,0,0,0,0,0,0,0,0,0,0,0,0,0,0,0,1,0,0,0,0,0,0,0,0,0,0,0,0,0,0,0,0,0,0,0,0,0,0,1,0,CBAN,Canup Edward G,2025-08-15,0.45548218,0.11232727
CBZ,Lakhia Brad S.,2025-08-04,0,1,0,0,0,0,0,0,0,0,0,0,0,0,0,0,0,0,1,0,0,0,0,0,0,1,0,0,0,0,0,0,0,0,0,0,0,0,0,0,1,CBZ,Lakhia Brad S.,2025-08-04,0.87950695,0.8012414
CBZ,YOUNG RODNEY A,2025-08-08,0,0,0,0,0,0,0,0,0,0,0,1,0,0,0,0,0,0,1,0,0,0,0,0,0,1,0,0,0,0,0,0,0,0,0,0,0,0,0,0,1,CBZ,YOUNG RODNEY A,2025-08-08,0.9714906,0.8643921
CDE,Das Paramita,2025-08-14,0,0,0,0,0,0,0,0,0,0,0,1,0,0,0,0,0,0,1,0,0,0,0,0,0,0,0,0,1,0,0,0,0,0,0,0,0,0,0,0,1,CDE,Das Paramita,2025-08-14,0.9837675,0.8420274
CHD,McChesney Lee B,2025-08-08,0,1,0,0,0,0,0,0,0,0,0,0,0,0,0,0,0,0,0,1,0,0,0,0,0,0,0,0,0,0,0,0,0,1,0,0,0,0,1,0,0,CHD,McChesney Lee B,2025-08-08,0.50183827,0.13119131
CHE,WALSH GEORGE J III,2025-08-04,0,0,0,0,0,0,0,0,0,0,0,1,0,0,0,0,0,0,1,0,0,0,1,0,0,0,0,0,0,0,0,0,0,0,0,0,0,0,0,0,1,CHE,WALSH GEORGE J III,2025-08-04,0.97539526,0.8827977
CHMG,COLE LOREN D,2025-08-05,0,0,0,0,1,0,0,0,0,0,0,0,0,0,1,0,1,0,0,0,0,0,0,0,0,0,0,0,0,0,0,0,0,0,0,0,0,1,0,0,0,CHMG,COLE LOREN D,2025-08-05,0.19474445,0.16607906
CION,Reisner Michael A,2025-08-12,1,0,0,0,0,0,0,0,0,0,0,0,0,0,0,0,0,1,0,0,0,0,0,0,0,0,0,0,0,0,0,0,0,0,0,0,0,0,0,1,0,CION,Reisner Michael A,2025-08-12,0.21191895,0.1792006
CIVB,Weaks Nathan E,2025-08-18,0,0,0,0,0,0,0,0,0,0,0,1,0,0,0,0,0,1,0,0,0,0,0,0,0,0,0,0,0,0,0,0,0,0,0,0,0,0,0,0,1,CIVB,Weaks Nathan E,2025-08-18,0.4636908,0.09681982
CIVB,Weaks Nathan E,2025-08-21,0,0,0,0,0,0,0,0,0,0,0,1,0,0,0,0,0,1,0,0,0,0,0,0,0,0,0,0,0,0,0,0,0,0,0,0,0,0,0,0,1,CIVB,Weaks Nathan E,2025-08-21,0.4636908,0.09681982
CIVB,Whinnem Ian,2025-08-05,0,1,0,0,0,0,0,0,0,0,0,0,0,0,0,0,0,1,0,0,0,0,0,0,0,0,0,0,0,0,0,0,0,0,0,0,0,0,0,0,1,CIVB,Whinnem Ian,2025-08-05,0.29915747,0.10321346
CLH,Battles Michael Louis,2025-08-01,1,0,0,0,0,0,0,0,0,0,0,0,0,0,0,0,0,0,0,1,0,0,0,0,0,1,0,0,0,0,0,0,0,0,0,0,0,0,0,0,1,CLH,Battles Michael Louis,2025-08-01,0.35263625,0.35208783
CLOV,Loengard Anna U,2025-08-13,0,0,0,0,0,0,0,0,0,0,0,1,0,0,0,0,0,1,0,0,0,0,1,0,0,0,0,0,0,0,0,0,0,0,0,0,0,0,0,1,0,CLOV,Loengard Anna U,2025-08-13,0.9284012,0.702025
CLPR,BISTRICER DAVID,2025-08-21,1,0,0,0,0,0,0,0,0,0,0,0,0,0,1,0,1,0,0,0,0,0,0,0,0,0,0,1,0,0,0,0,0,0,0,0,0,0,0,1,1,CLPR,BISTRICER DAVID,2025-08-21,0.8476106,0.6261722
CMPO,Moriarty Kevin M,2025-08-13,0,0,0,0,0,0,0,0,0,0,0,1,0,0,1,0,0,1,0,0,0,0,0,0,0,1,0,0,0,0,0,0,0,0,0,0,0,0,0,0,1,CMPO,Moriarty Kevin M,2025-08-13,0.8361498,0.84418875
COLM,Bragdon Peter J,2025-08-11,0,0,0,0,0,0,0,0,1,0,0,0,0,0,0,0,0,0,1,0,0,0,0,1,0,0,0,0,0,0,0,0,0,0,0,0,0,0,0,1,0,COLM,Bragdon Peter J,2025-08-11,0.8529892,0.9240392
COTY,Mercier Laurent,2025-08-25,0,1,0,0,0,0,0,0,0,0,0,0,0,0,0,0,0,0,1,0,0,0,0,0,0,0,0,0,0,0,0,0,0,1,0,0,0,0,0,0,1,COTY,Mercier Laurent,2025-08-25,0.20516394,0.08742078
COTY,Mercier Laurent,2025-08-26,0,1,0,0,0,0,0,0,0,0,0,0,0,0,0,0,0,0,1,0,0,0,0,0,0,0,0,0,0,0,0,0,0,1,0,0,0,0,0,0,1,COTY,Mercier Laurent,2025-08-26,0.20516394,0.08742078
COTY,Nabi Sue,2025-08-22,1,0,0,0,0,0,0,0,0,0,0,0,0,0,1,0,0,0,1,0,0,0,0,0,0,0,0,0,0,0,0,0,0,1,0,0,0,0,0,0,1,COTY,Nabi Sue,2025-08-22,0.49763232,0.2413782
COTY,Srinivasan Priya,2025-08-22,0,0,0,0,0,0,0,0,0,0,0,0,0,0,0,0,0,0,1,0,0,0,0,0,0,0,0,0,0,0,0,0,0,1,0,0,0,0,0,0,1,COTY,Srinivasan Priya,2025-08-22,0.31686506,0.14053603
CRSP,Treco Douglas A,2025-08-06,0,0,0,0,0,0,0,0,0,0,0,1,0,0,1,0,0,0,1,0,0,0,1,0,0,0,0,0,0,0,0,0,0,0,0,0,0,0,0,1,1,CRSP,Treco Douglas A,2025-08-06,0.9706113,0.9600141
CSR,Olson Anne,2025-08-08,1,0,0,0,0,0,0,0,0,0,0,0,0,0,0,0,0,1,0,0,0,0,0,0,0,0,0,1,0,0,0,0,0,1,0,0,0,0,0,0,1,CSR,Olson Anne,2025-08-08,0.6101692,0.60341495
CSR,Patel Bhairav,2025-08-08,0,1,0,0,0,0,0,0,0,0,0,0,0,0,0,0,0,1,0,0,0,0,0,0,0,0,0,1,0,0,0,0,0,1,0,0,0,0,0,0,1,CSR,Patel Bhairav,2025-08-08,0.77637,0.35862902
CSR,Schissel John A,2025-08-08,0,0,0,0,0,0,0,0,0,0,0,1,0,0,0,0,0,1,0,0,0,0,0,0,0,0,0,1,0,0,0,0,0,1,0,0,0,0,0,0,1,CSR,Schissel John A,2025-08-08,0.72451544,0.31257492
CVBF,Borba George A Jr,2025-08-04,0,0,0,0,0,0,0,0,0,0,0,1,0,0,1,0,0,0,1,0,0,0,0,0,0,0,0,0,0,0,0,0,0,0,0,0,0,0,0,1,1,CVBF,Borba George A Jr,2025-08-04,0.8551979,0.7109274
CWBC,LOKEY JAMES W,2025-08-15,0,0,0,0,0,0,0,0,0,0,0,1,0,0,0,0,0,1,0,0,0,0,0,0,0,0,0,0,0,0,0,0,0,0,0,0,0,1,0,0,0,CWBC,LOKEY JAMES W,2025-08-15,0.13733543,0.14466555
CWBC,STOVESAND KIRK,2025-08-15,0,0,0,0,0,0,0,0,0,0,0,1,0,0,0,0,0,1,0,0,0,0,0,0,0,0,0,0,0,0,0,0,0,0,0,0,0,1,0,0,0,CWBC,STOVESAND KIRK,2025-08-15,0.13733543,0.14466555
CZNC,Pellegrino Frank G,2025-08-08,0,0,0,0,0,0,0,0,0,0,0,1,0,0,0,0,1,0,0,0,0,0,0,0,0,0,0,0,0,0,0,0,0,0,0,0,0,0,0,1,0,CZNC,Pellegrino Frank G,2025-08-08,0.7224027,0.16012307
CZNC,Shattuck Katherine W,2025-08-08,0,0,0,0,0,0,0,0,0,0,0,1,0,0,0,0,1,0,0,0,0,0,0,0,0,0,0,0,0,0,0,0,0,0,0,0,0,0,0,1,0,CZNC,Shattuck Katherine W,2025-08-08,0.7224027,0.16012307
DGICA,DONEGAL MUTUAL INSURANCE CO,2025-08-26,0,0,0,0,0,0,0,0,0,0,1,0,0,0,1,0,0,1,0,0,0,0,0,0,0,0,0,0,0,0,0,0,0,0,0,1,0,0,0,0,1,DGICA,DONEGAL MUTUAL INSURANCE CO,2025-08-26,0.81905705,0.55197245
DGICA,DONEGAL MUTUAL INSURANCE CO,2025-08-27,0,0,0,0,0,0,0,0,0,0,1,0,0,0,1,0,0,1,0,0,0,0,0,0,0,0,0,0,0,0,0,0,0,0,0,1,0,0,0,0,1,DGICA,DONEGAL MUTUAL INSURANCE CO,2025-08-27,0.81905705,0.55197245
DIN,Chang Vance YuWen,2025-08-21,0,1,0,0,0,0,0,0,0,0,0,0,0,0,1,0,0,1,0,0,0,0,0,1,0,0,0,0,0,0,0,0,0,0,0,0,0,0,0,0,1,DIN,Chang Vance YuWen,2025-08-21,0.69154984,0.42331833
DIN,Peyton John W.,2025-08-19,1,0,0,0,0,0,0,0,0,0,0,0,0,0,1,0,0,1,0,0,0,0,0,1,0,0,0,0,0,0,0,0,0,0,0,0,0,0,0,0,1,DIN,Peyton John W.,2025-08-19,0.72661567,0.8233494
DOC,Brinker Scott M,2025-08-04,1,0,0,0,0,0,0,0,0,0,0,0,0,0,0,0,0,0,0,1,0,0,0,0,0,0,0,1,0,0,0,0,0,0,0,0,0,0,0,0,1,DOC,Brinker Scott M,2025-08-04,0.2594229,0.16695194
DTM,Jewell Jeffrey A,2025-08-07,0,1,0,0,0,0,0,0,0,0,0,0,0,0,0,0,0,0,0,1,0,0,0,0,1,0,0,0,0,0,0,0,0,0,0,0,0,0,0,0,1,DTM,Jewell Jeffrey A,2025-08-07,0.10749103,0.054175414
DVAX,Myers Scott Dunseth,2025-08-22,0,0,0,0,0,0,0,0,0,0,0,1,0,0,0,0,0,1,0,0,0,0,1,0,0,0,0,0,0,0,0,0,0,0,0,0,0,0,0,1,0,DVAX,Myers Scott Dunseth,2025-08-22,0.9284012,0.702025
EBC,Antonakes Steven Louis,2025-08-27,0,0,0,0,0,0,0,0,0,0,0,0,0,0,0,0,0,0,1,0,0,0,0,0,0,0,0,0,0,0,0,0,0,1,0,0,0,1,0,0,0,EBC,Antonakes Steven Louis,2025-08-27,0.11947882,0.3165505
EBC,Henry Kathleen Cloherty,2025-08-27,0,0,0,0,0,0,0,0,0,0,0,0,0,0,0,0,0,0,1,0,0,0,0,0,0,0,0,0,0,0,0,0,0,1,0,0,0,1,0,0,0,EBC,Henry Kathleen Cloherty,2025-08-27,0.11947882,0.3165505
EBC,Miller Quincy Lee,2025-08-27,0,0,0,0,0,0,0,1,0,0,0,0,0,0,0,0,0,0,1,0,0,0,0,0,0,0,0,0,0,0,0,0,0,1,0,0,0,1,0,0,0,EBC,Miller Quincy Lee,2025-08-27,0.11947882,0.3165505
EBC,Rivers Robert Francis,2025-08-25,0,0,0,0,0,0,0,0,0,0,0,0,0,0,1,0,0,0,1,0,0,0,0,0,0,0,0,0,0,0,0,0,0,1,0,0,0,1,0,1,0,EBC,Rivers Robert Francis,2025-08-25,0.16285866,0.2958268
EBC,SHEAHAN DENIS K,2025-08-25,1,0,0,0,0,0,0,0,0,0,0,0,0,0,1,0,0,0,1,0,0,0,0,0,0,0,0,0,0,0,0,0,0,1,0,0,0,0,0,1,0,EBC,SHEAHAN DENIS K,2025-08-25,0.381649,0.2527135
EHAB,Solomon Ryan,2025-08-08,0,1,0,0,0,0,0,0,0,0,0,0,0,0,1,0,0,1,0,0,0,0,1,0,0,0,0,0,0,0,0,0,0,0,0,0,0,0,0,0,1,EHAB,Solomon Ryan,2025-08-08,0.7172164,0.685786
EIG,Pedraja Michael,2025-08-05,0,1,0,0,0,0,0,0,0,0,0,0,0,0,1,0,0,1,0,0,0,0,0,0,0,0,0,0,0,0,0,0,0,0,0,0,0,0,0,0,1,EIG,Pedraja Michael,2025-08-05,0.32693473,0.1256269
ELA,DeLuca John Garrett,2025-08-19,0,1,0,0,0,0,0,0,0,0,0,0,0,0,0,0,1,0,0,0,0,0,0,1,0,0,0,0,0,0,0,0,0,0,0,0,0,0,0,0,1,ELA,DeLuca John Garrett,2025-08-19,0.8696728,0.55162525
ELV,DeVore Susan D.,2025-08-19,0,0,0,0,0,0,0,0,0,0,0,1,0,0,0,0,0,0,0,1,0,0,1,0,0,0,0,0,0,0,0,0,0,0,0,0,0,0,0,0,1,ELV,DeVore Susan D.,2025-08-19,0.72546595,0.24089564
EMN,Audia Damon J,2025-08-27,0,0,0,0,0,0,0,0,0,0,0,1,0,0,0,0,0,0,1,0,0,0,0,0,0,0,0,0,1,0,0,0,0,1,0,0,0,0,0,0,1,EMN,Audia Damon J,2025-08-27,0.8674313,0.7935482
EMN,BEGEMANN BRETT D,2025-08-27,0,0,0,0,0,0,0,0,0,0,0,1,0,0,0,0,0,0,1,0,0,0,0,0,0,0,0,0,1,0,0,0,0,1,0,0,0,0,0,0,1,EMN,BEGEMANN BRETT D,2025-08-27,0.8674313,0.7935482
EMN,BUTLER ERIC L,2025-08-27,0,0,0,0,0,0,0,0,0,0,0,1,0,0,0,0,0,0,1,0,0,0,0,0,0,0,0,0,1,0,0,0,0,1,0,0,0,0,0,0,1,EMN,BUTLER ERIC L,2025-08-27,0.8674313,0.7935482
EMN,Costa Mark J,2025-08-27,1,0,0,0,0,0,0,0,0,0,0,0,0,0,0,0,0,0,1,0,0,0,0,0,0,0,0,0,1,0,0,0,0,1,0,0,0,0,0,0,1,EMN,Costa Mark J,2025-08-27,0.8436984,0.76316
EMN,Holder Julie Fasone,2025-08-27,0,0,0,0,0,0,0,0,0,0,0,1,0,0,0,0,0,0,1,0,0,0,0,0,0,0,0,0,1,0,0,0,0,1,0,0,0,0,0,0,1,EMN,Holder Julie Fasone,2025-08-27,0.8674313,0.7935482
EMN,LICH BRAD A,2025-08-27,0,0,0,0,0,0,0,0,1,0,0,0,0,0,0,0,0,0,1,0,0,0,0,0,0,0,0,0,1,0,0,0,0,1,0,0,0,0,0,0,1,EMN,LICH BRAD A,2025-08-27,0.8512631,0.8218668
EMN,McAlindon Julie A.,2025-08-27,0,0,0,0,0,0,0,0,0,0,0,0,0,0,0,0,0,0,1,0,0,0,0,0,0,0,0,0,1,0,0,0,0,1,0,0,0,0,0,0,1,EMN,McAlindon Julie A.,2025-08-27,0.8512631,0.8218668
EMN,McLain William Thomas Jr.,2025-08-27,0,1,0,0,0,0,0,0,0,0,0,0,0,0,0,0,0,0,1,0,0,0,0,0,0,0,0,0,1,0,0,0,0,1,0,0,0,0,0,1,0,EMN,McLain William Thomas Jr.,2025-08-27,0.7684403,0.8642505
EMN,Mink Kim Ann,2025-08-27,0,0,0,0,0,0,0,0,0,0,0,1,0,0,0,0,0,0,1,0,0,0,0,0,0,0,0,0,1,0,0,0,1,1,0,0,0,0,0,0,1,EMN,Mink Kim Ann,2025-08-27,0.8674313,0.7935482
EMN,OBRIEN JAMES J /KY,2025-08-27,0,0,0,0,0,0,0,0,0,0,0,1,0,0,0,0,0,0,1,0,0,0,0,0,0,0,0,0,1,0,0,0,0,1,0,0,0,0,0,0,1,EMN,OBRIEN JAMES J /KY,2025-08-27,0.8674313,0.7935482
EMN,SMITH BRIAN TRAVIS,2025-08-27,0,0,0,0,0,0,0,0,1,0,0,0,0,0,0,0,0,0,1,0,0,0,0,0,0,0,0,0,1,0,0,0,0,1,0,0,0,0,0,1,0,EMN,SMITH BRIAN TRAVIS,2025-08-27,0.76570994,0.8731337
ENOV,BERRY PHILLIP BENJAMIN (BEN),2025-08-20,0,1,0,0,0,0,0,0,0,0,0,0,0,0,0,0,0,1,0,0,0,0,1,0,0,0,0,0,0,0,0,0,0,1,0,0,0,0,0,0,1,ENOV,BERRY PHILLIP BENJAMIN (BEN),2025-08-20,0.9258716,0.9014865
ENOV,PRYOR DANIEL A,2025-08-13,0,0,0,0,0,0,0,0,1,0,0,0,0,0,1,0,0,1,0,0,0,0,1,0,0,0,0,0,0,0,0,0,0,0,0,0,0,0,0,0,1,ENOV,PRYOR DANIEL A,2025-08-13,0.7589261,0.8734878
ENOV,Tandy Bradley J,2025-08-22,0,0,0,0,0,0,0,0,0,0,0,0,0,0,0,0,0,1,0,0,0,0,1,0,0,0,0,0,0,0,0,0,0,0,0,0,0,0,0,0,1,ENOV,Tandy Bradley J,2025-08-22,0.8449797,0.89683384
ESAB,Cummings Melissa,2025-08-11,0,0,0,0,0,0,0,0,0,0,0,1,0,0,0,0,0,0,1,0,0,0,0,0,0,1,0,0,0,0,0,0,0,0,0,0,0,0,0,1,0,ESAB,Cummings Melissa,2025-08-11,0.95298946,0.94283825
ETN,Johnson Gerald,2025-08-11,0,0,0,0,0,0,0,0,0,0,0,1,0,0,0,0,0,0,0,1,0,0,0,0,0,1,0,0,0,0,0,0,0,0,0,0,0,0,0,0,1,ETN,Johnson Gerald,2025-08-11,0.5890834,0.21938926
EXE,DELL'OSSO DOMENIC J JR,2025-08-15,1,0,0,0,0,0,0,0,0,0,0,0,0,0,0,0,0,0,0,1,0,0,0,0,1,0,0,0,0,0,0,0,0,0,0,0,0,0,0,0,1,EXE,DELL'OSSO DOMENIC J JR,2025-08-15,0.088805474,0.11798662
EXE,Viets Joshua J.,2025-08-18,0,0,1,0,0,0,0,0,0,0,0,0,0,0,0,0,0,0,0,1,0,0,0,0,1,0,0,0,0,0,0,0,0,0,0,0,0,0,0,0,1,EXE,Viets Joshua J.,2025-08-18,0.1357149,0.08130281
FCBC,Brown David D,2025-08-01,0,1,0,0,0,0,0,0,0,0,0,0,0,0,0,0,0,1,0,0,0,0,0,0,0,0,0,0,0,0,0,0,0,0,0,0,0,1,0,1,0,FCBC,Brown David D,2025-08-01,0.09852805,0.08984575
FCF,BRICE TODD D,2025-08-04,0,0,0,0,0,0,0,0,0,0,0,1,0,0,0,0,0,1,0,0,0,0,0,0,0,0,0,0,0,0,0,0,0,0,0,0,0,0,0,0,1,FCF,BRICE TODD D,2025-08-04,0.4636908,0.09681982
FCNCA,NIX CRAIG L,2025-08-04,0,1,0,0,0,0,0,0,0,0,0,0,0,0,0,0,0,0,0,1,0,0,0,0,0,0,0,0,0,0,0,0,0,1,0,0,0,0,0,0,1,FCNCA,NIX CRAIG L,2025-08-04,0.46835202,0.107359074
FFAI,Jia Yueting,2025-08-25,1,0,0,0,0,0,0,0,0,0,0,0,0,0,1,0,1,0,0,0,0,0,0,1,0,0,0,0,0,0,0,0,0,0,0,0,0,1,0,0,1,FFAI,Jia Yueting,2025-08-25,0.4362974,0.26163143
FFAI,Wang Jiawei,2025-08-25,0,0,0,0,0,0,0,1,0,0,0,0,0,0,1,0,1,0,0,0,0,0,0,1,0,0,0,0,0,0,0,0,0,0,0,0,0,1,0,0,1,FFAI,Wang Jiawei,2025-08-25,0.39896867,0.22179323
FIVN,Burdiek Michael J,2025-08-12,0,0,0,0,0,0,0,0,0,0,0,1,0,0,0,0,0,0,1,0,0,1,0,0,0,0,0,0,0,0,0,0,0,0,0,0,0,0,0,0,1,FIVN,Burdiek Michael J,2025-08-12,0.94684815,0.79190034
FLD,Young Bracebridge H Jr,2025-08-26,0,0,0,0,0,0,0,0,0,0,0,1,0,0,1,0,1,0,0,0,0,0,0,0,0,0,0,0,0,0,0,0,0,0,0,1,0,0,0,1,1,FLD,Young Bracebridge H Jr,2025-08-26,0.81745267,0.40079772
FOUR,Isaacman Jared,2025-08-08,0,0,0,0,0,0,1,0,0,0,0,0,0,1,0,0,0,0,1,0,0,1,0,0,0,0,0,0,0,0,0,0,0,0,0,1,0,0,0,0,1,FOUR,Isaacman Jared,2025-08-08,0.95294034,0.9356583
FOUR,Isaacman Jared,2025-08-11,0,0,0,0,0,0,1,0,0,0,0,0,0,1,0,0,0,0,1,0,0,1,0,0,0,0,0,0,0,0,0,0,0,0,0,1,0,0,0,0,1,FOUR,Isaacman Jared,2025-08-11,0.95294034,0.9356583
FRAF,Duffey Gregory A,2025-08-27,0,0,0,0,0,0,0,0,0,0,0,1,0,0,0,0,1,0,0,0,0,0,0,0,0,0,0,0,0,0,0,0,0,0,0,0,0,1,0,1,0,FRAF,Duffey Gregory A,2025-08-27,0.3102791,0.1462822
FRST,GARRETT F L III,2025-08-05,0,0,0,0,0,0,0,0,0,0,0,1,0,0,0,0,1,0,0,0,0,0,0,0,0,0,0,0,0,0,0,0,0,0,0,0,0,0,0,1,1,FRST,GARRETT F L III,2025-08-05,0.5820641,0.099128075
FRST,GARRETT F L III,2025-08-06,0,0,0,0,0,0,0,0,0,0,0,1,0,0,0,0,1,0,0,0,0,0,0,0,0,0,0,0,0,0,0,0,0,0,0,0,0,0,0,1,1,FRST,GARRETT F L III,2025-08-06,0.5820641,0.099128075
FSK,Adams Barbara,2025-08-15,0,0,0,0,0,0,0,0,0,0,0,1,0,0,0,0,0,0,1,0,0,0,0,0,0,0,0,0,0,0,0,0,0,0,0,0,0,1,0,0,0,FSK,Adams Barbara,2025-08-15,0.1639771,0.59397364
FTV,Okerstrom Mark D,2025-08-01,0,1,0,0,0,0,0,0,0,0,0,0,0,0,0,0,0,0,0,1,0,1,0,0,0,0,0,0,0,0,0,0,0,0,0,0,0,0,1,0,1,FTV,Okerstrom Mark D,2025-08-01,0.22226754,0.28854966
FUN,Hoffman Steven E,2025-08-07,0,0,0,0,0,0,0,0,0,0,0,1,0,0,1,0,0,0,1,0,0,0,0,1,0,0,0,0,0,0,0,0,0,0,0,0,0,0,0,0,1,FUN,Hoffman Steven E,2025-08-07,0.9573659,0.882503
FVR,FRANK ELIZABETH F,2025-08-15,0,0,0,0,0,0,0,0,0,0,0,1,0,0,1,0,1,0,0,0,0,0,0,0,0,0,0,1,0,0,0,0,0,1,0,0,0,0,0,0,1,FVR,FRANK ELIZABETH F,2025-08-15,0.9483016,0.87395114
FVR,Green Robert S.,2025-08-21,0,0,0,0,0,0,0,0,0,0,0,1,0,0,1,0,1,0,0,0,0,0,0,0,0,0,0,1,0,0,0,0,0,1,0,0,0,0,0,1,1,FVR,Green Robert S.,2025-08-21,0.9565464,0.8195726
FVR,Preston Stephen,2025-08-20,1,0,0,0,0,0,0,0,0,0,0,0,0,0,1,0,1,0,0,0,0,0,0,0,0,0,0,1,0,0,0,0,0,1,0,0,0,0,0,0,1,FVR,Preston Stephen,2025-08-20,0.9261344,0.9174776
FXNC,Schwartz Brad E,2025-08-07,0,1,0,0,0,0,0,0,0,0,0,0,0,0,1,0,1,0,0,0,0,0,0,0,0,0,0,0,0,0,0,0,0,0,0,0,0,0,0,0,1,FXNC,Schwartz Brad E,2025-08-07,0.67360926,0.18939026
GABC,Bawel Zachary W,2025-08-15,0,0,0,0,0,0,0,0,0,0,0,1,0,0,0,0,0,1,0,0,0,0,0,0,0,0,0,0,0,0,0,0,0,1,0,0,0,1,0,0,0,GABC,Bawel Zachary W,2025-08-15,0.40906262,0.4033931
GABC,Ellspermann Susan J,2025-08-15,0,0,0,0,0,0,0,0,0,0,0,1,0,0,0,0,0,1,0,0,0,0,0,0,0,0,0,0,0,0,0,0,0,1,0,0,0,1,0,0,0,GABC,Ellspermann Susan J,2025-08-15,0.40906262,0.4033931
GABC,Medley Diane B,2025-08-04,0,0,0,0,0,0,0,0,0,0,0,1,0,0,0,0,0,1,0,0,0,0,0,0,0,0,0,0,0,0,0,0,0,0,0,0,0,0,0,0,1,GABC,Medley Diane B,2025-08-04,0.4636908,0.09681982
GABC,Ryan Christina M,2025-08-15,0,0,0,0,0,0,0,0,0,0,0,1,0,0,0,0,0,1,0,0,0,0,0,0,0,0,0,0,0,0,0,0,0,1,0,0,0,1,0,0,0,GABC,Ryan Christina M,2025-08-15,0.40906262,0.4033931
GABC,SHEIDLER JACK,2025-08-15,0,0,0,0,0,0,0,0,0,0,0,1,0,0,0,0,0,1,0,0,0,0,0,0,0,0,0,0,0,0,0,0,0,1,0,0,0,1,0,0,0,GABC,SHEIDLER JACK,2025-08-15,0.40906262,0.4033931
GABC,Seger Andrew M,2025-08-15,0,0,0,0,0,0,0,0,0,0,0,1,0,0,0,0,0,1,0,0,0,0,0,0,0,0,0,0,0,0,0,0,0,1,0,0,0,1,0,0,0,GABC,Seger Andrew M,2025-08-15,0.40906262,0.4033931
GBLI,BROWN JOSEPH W,2025-08-11,1,0,0,0,0,0,0,0,0,0,0,0,0,0,1,0,0,1,0,0,0,0,0,0,0,0,0,0,0,0,0,0,0,1,0,1,0,0,0,0,1,GBLI,BROWN JOSEPH W,2025-08-11,0.8666963,0.5031889
GBLI,BROWN JOSEPH W,2025-08-12,1,0,0,0,0,0,0,0,0,0,0,0,0,0,0,0,0,1,0,0,0,0,0,0,0,0,0,0,0,0,0,0,0,1,0,1,0,0,0,0,1,GBLI,BROWN JOSEPH W,2025-08-12,0.834003,0.4058753
GBLI,BROWN JOSEPH W,2025-08-20,1,0,0,0,0,0,0,0,0,0,0,0,0,0,1,0,0,1,0,0,0,0,0,0,0,0,0,0,0,0,0,0,0,0,0,0,0,0,0,0,1,GBLI,BROWN JOSEPH W,2025-08-20,0.34264177,0.60519326
GBLI,Balderston William V,2025-08-13,0,0,0,0,0,0,0,0,0,0,0,0,0,0,0,0,0,1,0,0,0,0,0,0,0,0,0,0,0,0,0,0,0,1,0,0,0,0,0,0,1,GBLI,Balderston William V,2025-08-13,0.59284973,0.32586694
GBLI,FOX SAUL A,2025-08-08,0,0,0,0,0,0,0,0,0,0,0,1,0,0,1,0,0,1,0,0,0,0,0,0,0,0,0,0,0,0,0,0,0,1,0,0,0,0,0,1,1,GBLI,FOX SAUL A,2025-08-08,0.72459567,0.20540124
GBLI,Kasowitz Evan Jacob,2025-08-11,0,0,0,0,0,0,0,1,0,0,0,0,0,0,0,0,0,1,0,0,0,0,0,0,0,0,0,0,0,0,0,0,0,1,0,0,0,0,0,0,1,GBLI,Kasowitz Evan Jacob,2025-08-11,0.59284973,0.32586694
GBLI,Reddy Praveen Kotha,2025-08-08,1,0,0,0,0,0,0,0,0,0,0,0,0,0,1,0,0,1,0,0,0,0,0,0,0,0,0,0,0,0,0,0,0,1,0,0,0,0,0,0,1,GBLI,Reddy Praveen Kotha,2025-08-08,0.62183464,0.57765037
GBLI,Reilly Nicole Francois,2025-08-12,0,0,0,0,0,0,0,1,0,0,0,0,0,0,0,0,0,1,0,0,0,0,0,0,0,0,0,0,0,0,0,0,0,1,0,0,0,0,0,0,1,GBLI,Reilly Nicole Francois,2025-08-12,0.59284973,0.32586694
GBX,Huffines James R,2025-08-08,0,0,0,0,0,0,0,0,0,0,0,1,0,0,0,0,0,1,0,0,0,0,0,0,0,1,0,0,0,0,0,0,0,0,0,0,0,0,1,0,1,GBX,Huffines James R,2025-08-08,0.6681235,0.56631476
GEN,Chrystal John C,2025-08-13,0,0,0,0,0,0,0,0,0,0,0,1,0,0,0,0,0,0,0,1,0,1,0,0,0,0,0,0,0,0,0,0,0,0,0,0,0,0,0,1,0,GEN,Chrystal John C,2025-08-13,0.44849676,0.4842076
GLIBA,MALONE JOHN C,2025-08-18,0,0,0,0,0,0,0,0,0,0,0,1,0,1,0,0,0,1,0,0,0,0,0,0,0,0,0,0,0,1,0,0,0,0,0,1,0,0,0,0,1,GLIBA,MALONE JOHN C,2025-08-18,0.97284085,0.6669441
GLIBA,MALONE JOHN C,2025-08-19,0,0,0,0,0,0,0,0,0,0,0,1,0,1,0,0,0,1,0,0,0,0,0,0,0,0,0,0,0,1,0,0,0,0,0,1,0,0,0,0,1,GLIBA,MALONE JOHN C,2025-08-19,0.97284085,0.6669441
GLIBA,MALONE JOHN C,2025-08-20,0,0,0,0,0,0,0,0,0,0,0,1,0,1,0,0,0,1,0,0,0,0,0,0,0,0,0,0,0,1,0,0,0,0,0,1,0,0,0,0,1,GLIBA,MALONE JOHN C,2025-08-20,0.97284085,0.6669441
GLIBA,MALONE JOHN C,2025-08-21,0,0,0,0,0,0,0,0,0,0,0,1,0,0,1,0,0,1,0,0,0,0,0,0,0,0,0,0,0,1,0,0,0,0,0,1,0,0,0,1,1,GLIBA,MALONE JOHN C,2025-08-21,0.8363851,0.59715164
GLIBK,MALONE JOHN C,2025-08-18,0,0,0,0,0,0,0,0,0,0,0,1,0,1,0,0,0,1,0,0,0,0,0,0,0,0,0,0,0,1,0,0,0,0,0,1,0,0,0,0,1,GLIBK,MALONE JOHN C,2025-08-18,0.97284085,0.6669441
GLIBK,MALONE JOHN C,2025-08-19,0,0,0,0,0,0,0,0,0,0,0,1,0,1,0,0,0,1,0,0,0,0,0,0,0,0,0,0,0,1,0,0,0,0,0,1,0,0,0,0,1,GLIBK,MALONE JOHN C,2025-08-19,0.97284085,0.6669441
GLIBK,MALONE JOHN C,2025-08-20,0,0,0,0,0,0,0,0,0,0,0,1,0,1,0,0,0,1,0,0,0,0,0,0,0,0,0,0,0,1,0,0,0,0,0,1,0,0,0,0,1,GLIBK,MALONE JOHN C,2025-08-20,0.97284085,0.6669441
GLIBK,MALONE JOHN C,2025-08-21,0,0,0,0,0,0,0,0,0,0,0,1,0,0,1,0,0,1,0,0,0,0,0,0,0,0,0,0,0,1,0,0,0,0,0,1,0,0,0,1,1,GLIBK,MALONE JOHN C,2025-08-21,0.8363851,0.59715164
GLP,Global GP LLC,2025-08-12,0,0,0,0,0,0,0,0,0,0,0,0,0,0,1,0,0,1,0,0,0,0,0,0,1,0,0,0,0,0,0,0,0,0,0,1,0,0,1,0,1,GLP,Global GP LLC,2025-08-12,0.12221244,0.64648604
GLP,Global GP LLC,2025-08-13,0,0,0,0,0,0,0,0,0,0,0,0,0,0,1,0,0,1,0,0,0,0,0,0,1,0,0,0,0,0,0,0,0,0,0,1,0,0,1,0,1,GLP,Global GP LLC,2025-08-13,0.12221244,0.64648604
GLP,Global GP LLC,2025-08-14,0,0,0,0,0,0,0,0,0,0,0,0,0,0,1,0,0,1,0,0,0,0,0,0,1,0,0,0,0,0,0,0,0,0,0,1,0,0,1,0,1,GLP,Global GP LLC,2025-08-14,0.12221244,0.64648604
GLP,Global GP LLC,2025-08-18,0,0,0,0,0,0,0,0,0,0,0,0,0,0,1,0,0,1,0,0,0,0,0,0,1,0,0,0,0,0,0,0,0,0,0,1,0,0,1,0,1,GLP,Global GP LLC,2025-08-18,0.12221244,0.64648604
GLP,Global GP LLC,2025-08-19,0,0,0,0,0,0,0,0,0,0,0,0,0,0,1,0,0,1,0,0,0,0,0,0,1,0,0,0,0,0,0,0,0,0,0,1,0,0,1,0,1,GLP,Global GP LLC,2025-08-19,0.12221244,0.64648604
GLP,Global GP LLC,2025-08-20,0,0,0,0,0,0,0,0,0,0,0,0,0,0,1,0,0,1,0,0,0,0,0,0,1,0,0,0,0,0,0,0,0,0,0,1,0,0,1,0,1,GLP,Global GP LLC,2025-08-20,0.12221244,0.64648604
GLP,Global GP LLC,2025-08-21,0,0,0,0,0,0,0,0,0,0,0,0,0,0,1,0,0,1,0,0,0,0,0,0,1,0,0,0,0,0,0,0,0,0,0,1,0,0,1,0,1,GLP,Global GP LLC,2025-08-21,0.12221244,0.64648604
GLP,Global GP LLC,2025-08-26,0,0,0,0,0,0,0,0,0,0,0,0,0,0,1,0,0,1,0,0,0,0,0,0,1,0,0,0,0,0,0,0,0,0,0,1,0,0,1,0,1,GLP,Global GP LLC,2025-08-26,0.12221244,0.64648604
GLP,Global GP LLC,2025-08-27,0,0,0,0,0,0,0,0,0,0,0,0,0,0,1,0,0,1,0,0,0,0,0,0,1,0,0,0,0,0,0,0,0,0,0,1,0,0,1,0,1,GLP,Global GP LLC,2025-08-27,0.12221244,0.64648604
GLP,Global GP LLC,2025-08-28,0,0,0,0,0,0,0,0,0,0,0,0,0,0,1,0,0,1,0,0,0,0,0,0,1,0,0,0,0,0,0,0,0,0,0,1,0,0,1,0,1,GLP,Global GP LLC,2025-08-28,0.12221244,0.64648604
GMGI,Christensen Richard,2025-08-26,0,1,0,0,0,0,0,0,0,0,0,0,0,0,1,0,1,0,0,0,0,0,0,0,0,0,0,0,0,1,0,0,0,0,0,0,0,0,0,0,1,GMGI,Christensen Richard,2025-08-26,0.8261521,0.36526784
GMRE,Cypher Matthew,2025-08-26,0,0,0,0,0,0,0,0,0,0,0,1,0,0,0,0,0,1,0,0,0,0,0,0,0,0,0,1,0,0,0,0,0,0,0,0,0,0,0,0,1,GMRE,Cypher Matthew,2025-08-26,0.76847017,0.28336844
GMRE,Decker Mark Okey Jr,2025-08-15,1,0,0,0,0,0,0,0,0,0,0,0,0,0,1,0,0,1,0,0,0,0,0,0,0,0,0,1,0,0,0,0,0,0,0,0,0,0,0,0,1,GMRE,Decker Mark Okey Jr,2025-08-15,0.62297094,0.83637315
GOGO,Moore Christopher John,2025-08-08,1,0,0,0,0,0,0,0,0,0,0,0,0,0,0,0,0,1,0,0,0,0,0,0,0,0,0,0,0,1,0,0,0,0,0,0,0,0,0,0,1,GOGO,Moore Christopher John,2025-08-08,0.421152,0.63649964
GRNT,Everard Michele J,2025-08-12,0,0,0,0,0,0,0,0,0,0,0,1,0,0,0,0,0,1,0,0,0,0,0,0,1,0,0,0,0,0,0,0,0,1,0,0,0,0,0,0,1,GRNT,Everard Michele J,2025-08-12,0.4704262,0.34829012
GRNT,MCCARTNEY JOHN,2025-08-12,0,0,0,0,0,0,0,0,0,0,0,1,0,0,0,0,0,1,0,0,0,0,0,0,1,0,0,0,0,0,0,0,0,1,0,0,0,0,0,0,1,GRNT,MCCARTNEY JOHN,2025-08-12,0.4704262,0.34829012
GRNT,MCCARTNEY JOHN,2025-08-15,0,0,0,0,0,0,0,0,0,0,0,1,0,0,0,0,0,1,0,0,0,0,0,0,1,0,0,0,0,0,0,0,0,1,0,0,0,0,0,0,1,GRNT,MCCARTNEY JOHN,2025-08-15,0.4704262,0.34829012
GRNT,MCCARTNEY JOHN,2025-08-18,0,0,0,0,0,0,0,0,0,0,0,1,0,0,0,0,0,1,0,0,0,0,0,0,1,0,0,0,0,0,0,0,0,1,0,0,0,0,0,0,1,GRNT,MCCARTNEY JOHN,2025-08-18,0.4704262,0.34829012
GRNT,MCCARTNEY JOHN,2025-08-21,0,0,0,0,0,0,0,0,0,0,0,1,0,0,0,0,0,1,0,0,0,0,0,0,1,0,0,0,0,0,0,0,0,0,0,0,0,0,0,0,1,GRNT,MCCARTNEY JOHN,2025-08-21,0.4681652,0.27796018
GRNT,Miller Matthew Reade,2025-08-12,0,0,0,0,0,0,0,0,0,0,0,1,0,0,1,0,0,1,0,0,0,0,0,0,1,0,0,0,0,0,0,0,0,1,0,0,0,0,0,0,1,GRNT,Miller Matthew Reade,2025-08-12,0.6578545,0.5325613
HNRG,Wesley Charles Ray IV,2025-08-19,0,0,0,0,0,0,0,0,0,0,0,1,0,0,1,0,0,1,0,0,0,0,0,0,1,0,0,0,0,0,0,0,0,0,0,0,0,0,0,1,0,HNRG,Wesley Charles Ray IV,2025-08-19,0.53584456,0.41494834
HR,Bohjalian Thomas N,2025-08-13,0,0,0,0,0,0,0,0,0,0,0,1,0,0,0,0,0,0,1,0,0,0,0,0,0,0,0,1,0,0,0,0,0,0,0,0,0,0,0,0,1,HR,Bohjalian Thomas N,2025-08-13,0.9408395,0.5824635
HRTG,WHITING PAUL L,2025-08-08,0,0,0,0,0,0,0,0,0,0,0,1,0,0,0,0,0,1,0,0,0,0,0,0,0,0,0,0,0,0,0,0,0,0,0,0,0,0,0,1,0,HRTG,WHITING PAUL L,2025-08-08,0.6017341,0.15268178
HSIC,DANIEL WILLIAM K,2025-08-07,0,0,0,0,0,0,0,0,0,0,0,1,0,0,0,0,0,0,1,0,0,0,1,0,0,0,0,0,0,0,0,0,0,0,0,0,0,0,0,0,1,HSIC,DANIEL WILLIAM K,2025-08-07,0.97539526,0.8827977
HTBK,SA THOMAS A,2025-08-01,0,0,1,0,0,0,0,0,0,0,0,0,0,0,1,0,0,1,0,0,0,0,0,0,0,0,0,0,0,0,0,0,0,0,0,0,0,0,0,0,1,HTBK,SA THOMAS A,2025-08-01,0.3425079,0.31504497
HTH,SOBEL JONATHAN S,2025-08-26,0,0,0,0,0,0,1,0,0,0,0,0,0,0,1,0,0,0,1,0,0,0,0,0,0,0,0,0,0,0,0,0,0,0,0,1,0,0,0,0,1,HTH,SOBEL JONATHAN S,2025-08-26,0.8153274,0.45402157
HTH,SOBEL JONATHAN S,2025-08-27,0,0,0,0,0,0,1,0,0,0,0,0,0,0,1,0,0,0,1,0,0,0,0,0,0,0,0,0,0,0,0,0,0,0,0,1,0,0,0,0,1,HTH,SOBEL JONATHAN S,2025-08-27,0.8153274,0.45402157
HTLD,GERDIN MICHAEL J,2025-08-14,1,0,0,0,0,0,0,0,0,0,0,0,0,0,0,0,0,1,0,0,0,0,0,0,0,1,0,0,0,0,0,0,0,0,0,1,0,0,1,1,1,HTLD,GERDIN MICHAEL J,2025-08-14,0.4414302,0.7269964
HTLD,GERDIN MICHAEL J,2025-08-15,1,0,0,0,0,0,0,0,0,0,0,0,0,0,0,0,0,1,0,0,0,0,0,0,0,1,0,0,0,0,0,0,0,0,0,1,0,0,1,1,1,HTLD,GERDIN MICHAEL J,2025-08-15,0.4414302,0.7269964
HTLD,GERDIN MICHAEL J,2025-08-18,1,0,0,0,0,0,0,0,0,0,0,0,0,0,1,0,0,1,0,0,0,0,0,0,0,1,0,0,0,0,0,0,0,0,0,1,0,0,1,1,1,HTLD,GERDIN MICHAEL J,2025-08-18,0.28588483,0.7835302
IBCP,Mohr Gavin A.,2025-08-05,0,0,0,0,0,0,0,1,0,0,0,0,0,0,0,0,0,1,0,0,0,0,0,0,0,0,0,0,0,0,0,0,0,0,0,0,0,0,0,0,1,IBCP,Mohr Gavin A.,2025-08-05,0.29515752,0.18769118
ICHR,Haugen Marc,2025-08-07,0,0,0,0,0,0,0,0,0,0,0,1,0,0,0,0,0,1,0,0,0,1,0,0,0,0,0,0,0,0,0,0,1,0,0,0,0,0,0,0,1,ICHR,Haugen Marc,2025-08-07,0.73709106,0.63649344
ICHR,Haugen Marc,2025-08-08,0,0,0,0,0,0,0,0,0,0,0,1,0,0,0,0,0,1,0,0,0,1,0,0,0,0,0,0,0,0,0,0,0,0,0,0,0,0,0,0,1,ICHR,Haugen Marc,2025-08-08,0.73709106,0.63649344
ICUI,Greenberg David C.,2025-08-27,0,0,0,0,0,0,0,0,0,0,0,1,0,0,0,0,0,0,1,0,0,0,1,0,0,0,0,0,0,0,0,0,0,0,0,0,0,0,0,0,1,ICUI,Greenberg David C.,2025-08-27,0.97539526,0.8827977
ICUI,Jain Vivek,2025-08-14,1,0,0,0,0,0,0,0,0,0,0,0,0,0,1,0,0,0,1,0,0,0,1,0,0,0,0,0,0,0,0,0,0,0,0,0,0,0,0,0,1,ICUI,Jain Vivek,2025-08-14,0.9441876,0.9492971
IEX,Helmkamp Katrina L,2025-08-07,0,0,0,0,0,0,0,0,0,0,0,1,0,0,0,0,0,0,0,1,0,0,0,0,0,1,0,0,0,0,0,0,0,0,0,0,0,0,0,0,1,IEX,Helmkamp Katrina L,2025-08-07,0.5890834,0.21938926
IFF,FRIBOURG PAUL J,2025-08-07,0,0,0,0,0,0,0,0,0,0,0,1,0,0,0,0,0,0,0,1,0,0,0,0,0,0,0,0,1,0,0,0,0,0,0,0,0,0,0,1,1,IFF,FRIBOURG PAUL J,2025-08-07,0.59906214,0.1602908
IFF,Fyrwald J Erik,2025-08-07,1,0,0,0,0,0,0,0,0,0,0,0,0,0,0,0,0,0,0,1,0,0,0,0,0,0,0,0,1,0,0,0,0,0,0,0,0,0,0,0,1,IFF,Fyrwald J Erik,2025-08-07,0.53764856,0.32959026
INR,Arnold Zack David,2025-08-22,0,0,0,0,0,0,0,0,0,0,0,0,0,0,1,0,1,0,0,0,0,0,0,0,1,0,0,0,0,0,0,0,0,0,0,0,0,0,0,0,1,INR,Arnold Zack David,2025-08-22,0.74845505,0.7507025
INR,GRAY STEVEN D,2025-08-20,0,0,0,0,0,0,0,0,0,0,0,1,0,1,0,0,1,0,0,0,0,0,0,0,1,0,0,0,0,0,0,0,0,1,0,1,0,0,0,1,1,INR,GRAY STEVEN D,2025-08-20,0.9499793,0.9663241
INR,GRAY STEVEN D,2025-08-21,0,0,0,0,0,0,0,0,0,0,0,1,0,1,0,0,1,0,0,0,0,0,0,0,1,0,0,0,0,0,0,0,0,1,0,1,0,0,0,1,1,INR,GRAY STEVEN D,2025-08-21,0.9499793,0.9663241
INR,GRAY STEVEN D,2025-08-22,0,0,0,0,0,0,0,0,0,0,0,1,0,1,0,0,1,0,0,0,0,0,0,0,1,0,0,0,0,0,0,0,0,0,0,1,0,0,0,1,1,INR,GRAY STEVEN D,2025-08-22,0.90634215,0.89606714
INR,Poole David P,2025-08-14,0,0,0,0,0,0,0,0,0,0,0,1,0,0,1,0,1,0,0,0,0,0,0,0,1,0,0,0,0,0,0,0,0,0,0,0,0,0,0,0,1,INR,Poole David P,2025-08-14,0.5782237,0.5571774
ISBA,Bourland Jill,2025-08-18,0,0,0,0,0,0,0,0,0,0,0,1,0,0,0,0,1,0,0,0,0,0,0,0,0,0,0,0,0,0,0,0,0,0,0,0,0,0,0,0,1,ISBA,Bourland Jill,2025-08-18,0.5931266,0.079702005
IT,GUTIERREZ JOSE M,2025-08-18,0,0,0,0,0,0,0,0,0,0,0,1,0,0,0,0,0,0,0,1,0,1,0,0,0,0,0,0,0,0,0,0,0,0,0,0,0,0,0,0,1,IT,GUTIERREZ JOSE M,2025-08-18,0.39148414,0.21483807
JBHT,McGee Eric,2025-08-04,0,0,0,0,0,0,0,0,1,0,0,0,0,0,0,0,0,0,0,1,0,0,0,0,0,1,0,0,0,0,0,0,0,0,0,0,0,0,0,0,1,JBHT,McGee Eric,2025-08-04,0.5281211,0.28335482
JYNT,Grandpre Christopher M,2025-08-18,0,0,0,0,0,0,0,0,0,0,0,1,0,0,1,0,1,0,0,0,0,0,1,0,0,0,0,0,0,0,0,0,0,0,0,1,0,0,0,0,1,JYNT,Grandpre Christopher M,2025-08-18,0.9603073,0.881711
JYNT,Grandpre Christopher M,2025-08-20,0,0,0,0,0,0,0,0,0,0,0,1,0,1,0,0,1,0,0,0,0,0,1,0,0,0,0,0,0,0,0,0,0,0,0,1,0,0,0,0,1,JYNT,Grandpre Christopher M,2025-08-20,0.9875853,0.9293252
KFRC,Brooks Derrick Dewan,2025-08-06,0,0,0,0,0,0,0,0,0,0,0,1,0,0,0,0,0,1,0,0,0,0,0,0,0,1,0,0,0,0,0,0,0,0,0,0,0,0,1,0,0,KFRC,Brooks Derrick Dewan,2025-08-06,0.6369168,0.42081225
KFS,Fitzgerald John Taylor Maloney,2025-08-18,1,0,0,0,0,0,0,0,0,0,0,0,0,0,0,0,0,1,0,0,0,0,0,1,0,0,0,0,0,0,0,0,0,0,0,0,0,0,1,1,0,KFS,Fitzgerald John Taylor Maloney,2025-08-18,0.5069026,0.48459908
KFS,Hansen Kent A,2025-08-18,0,1,0,0,0,0,0,0,0,0,0,0,0,0,0,0,0,1,0,0,0,0,0,1,0,0,0,0,0,0,0,0,0,0,0,0,0,0,1,1,0,KFS,Hansen Kent A,2025-08-18,0.5438881,0.2713045
KMPR,Canida Teresa Alvarez,2025-08-07,0,0,0,0,0,0,0,0,0,0,0,1,0,0,0,0,0,0,1,0,0,0,0,0,0,0,0,0,0,0,0,0,0,1,0,0,0,0,0,0,1,KMPR,Canida Teresa Alvarez,2025-08-07,0.3408379,0.10365074
KMPR,Flint Christopher Wade,2025-08-07,0,0,0,0,0,0,0,1,0,0,0,0,0,0,0,0,0,0,1,0,0,0,0,0,0,0,0,0,0,0,0,0,0,1,0,0,0,0,0,0,1,KMPR,Flint Christopher Wade,2025-08-07,0.31686506,0.14053603
KMPR,Gorevic Jason N,2025-08-07,0,0,0,0,0,0,0,0,0,0,0,1,0,0,0,0,0,0,1,0,0,0,0,0,0,0,0,0,0,0,0,0,0,1,0,0,0,0,0,0,1,KMPR,Gorevic Jason N,2025-08-07,0.3408379,0.10365074
KMPR,LADERMAN GERALD,2025-08-07,0,0,0,0,0,0,0,0,0,0,0,1,0,0,0,0,0,0,1,0,0,0,0,0,0,0,0,0,0,0,0,0,0,1,0,0,0,0,0,0,1,KMPR,LADERMAN GERALD,2025-08-07,0.3408379,0.10365074
KODK,CONTINENZA JAMES V,2025-08-14,1,0,0,0,0,0,0,0,0,0,0,0,0,0,1,0,0,1,0,0,0,0,0,0,0,1,0,0,0,0,0,0,0,0,0,0,0,1,0,1,1,KODK,CONTINENZA JAMES V,2025-08-14,0.19878258,0.19933434
KODK,Katz Philippe D,2025-08-14,0,0,0,0,0,0,0,0,0,0,0,1,0,0,1,0,0,1,0,0,0,0,0,0,0,1,0,0,0,0,0,0,0,0,0,0,0,0,1,1,0,KODK,Katz Philippe D,2025-08-14,0.5074654,0.3915367
KRNY,Wong-Zaza Melvina,2025-08-01,0,0,0,0,0,0,0,0,0,0,0,1,0,0,0,0,0,1,0,0,0,0,0,0,0,0,0,0,0,0,0,0,0,0,0,0,0,0,0,0,1,KRNY,Wong-Zaza Melvina,2025-08-01,0.4636908,0.09681982
KRO,McCoy Kristin B,2025-08-15,0,0,0,0,0,0,0,0,0,0,0,0,0,0,0,0,0,1,0,0,0,0,0,0,0,0,0,0,1,0,0,0,0,1,0,0,0,0,0,0,1,KRO,McCoy Kristin B,2025-08-15,0.9479118,0.9277763
KRO,NACE ANDREW B,2025-08-13,0,0,0,0,0,0,0,1,0,0,0,0,0,0,0,0,0,1,0,0,0,0,0,0,0,0,0,0,1,0,0,0,0,1,0,0,0,0,0,0,1,KRO,NACE ANDREW B,2025-08-13,0.9479118,0.9277763
LAB,"Casdin Partners Master Fund, L",2025-08-14,0,0,0,0,0,0,0,0,0,0,0,1,0,0,1,0,0,1,0,0,0,0,1,0,0,0,0,0,0,0,0,0,0,0,0,1,0,1,0,1,1,LAB,"Casdin Partners Master Fund, L",2025-08-14,0.83133656,0.12192883
LAB,"Casdin Partners Master Fund, L",2025-08-15,0,0,0,0,0,0,0,0,0,0,0,1,0,0,1,0,0,1,0,0,0,0,1,0,0,0,0,0,0,0,0,0,0,0,0,1,0,1,0,1,1,LAB,"Casdin Partners Master Fund, L",2025-08-15,0.83133656,0.12192883
LAB,"Casdin Partners Master Fund, L",2025-08-22,0,0,0,0,0,0,0,0,0,0,0,1,0,0,1,0,0,1,0,0,0,0,1,0,0,0,0,0,0,0,0,0,0,0,0,1,0,1,0,1,1,LAB,"Casdin Partners Master Fund, L",2025-08-22,0.83133656,0.12192883
LAB,"Casdin Partners Master Fund, L",2025-08-25,0,0,0,0,0,0,0,0,0,0,0,1,0,0,1,0,0,1,0,0,0,0,1,0,0,0,0,0,0,0,0,0,0,0,0,1,0,1,0,1,1,LAB,"Casdin Partners Master Fund, L",2025-08-25,0.83133656,0.12192883
LAB,"Casdin Partners Master Fund, L",2025-08-26,0,0,0,0,0,0,0,0,0,0,0,1,0,0,1,0,0,1,0,0,0,0,1,0,0,0,0,0,0,0,0,0,0,0,0,1,0,1,0,1,1,LAB,"Casdin Partners Master Fund, L",2025-08-26,0.83133656,0.12192883
LCNB,Mulligan Lawrence P Jr.,2025-08-20,0,0,0,0,0,0,0,1,0,0,0,0,0,0,0,0,1,0,0,0,0,0,0,0,0,0,0,0,0,0,0,0,0,0,0,0,0,0,0,0,1,LCNB,Mulligan Lawrence P Jr.,2025-08-20,0.6845285,0.21187146
LINE,Marchetti Kevin Patrick,2025-08-08,0,0,0,0,0,0,1,0,0,0,0,0,0,0,0,0,0,0,0,1,0,0,0,0,0,0,0,1,0,0,0,0,0,0,0,0,0,0,0,1,1,LINE,Marchetti Kevin Patrick,2025-08-08,0.3208038,0.09355203
LINE,Marchetti Kevin Patrick,2025-08-19,0,0,0,0,0,0,1,0,0,0,0,0,0,0,0,0,0,0,0,1,0,0,0,0,0,0,0,1,0,0,0,0,0,0,0,0,0,0,0,1,1,LINE,Marchetti Kevin Patrick,2025-08-19,0.3208038,0.09355203
LINE,Thattai Sudarsan V,2025-08-08,0,0,0,0,0,0,0,0,0,0,0,0,0,0,0,0,0,0,0,1,0,0,0,0,0,0,0,1,0,0,0,0,0,0,0,0,0,0,0,0,1,LINE,Thattai Sudarsan V,2025-08-08,0.4251368,0.11985161
LKQ,CLARKE ANDREW C,2025-08-27,0,0,0,0,0,0,0,0,0,0,0,1,0,0,0,0,0,0,1,0,0,0,0,1,0,0,0,0,0,0,0,0,0,1,0,0,0,0,0,0,1,LKQ,CLARKE ANDREW C,2025-08-27,0.67488897,0.40750644
LKQ,Jude Justin L,2025-08-27,1,0,0,0,0,0,0,0,0,0,0,0,0,0,0,0,0,0,1,0,0,0,0,1,0,0,0,0,0,0,0,0,0,1,0,0,0,0,0,0,1,LKQ,Jude Justin L,2025-08-27,0.6635883,0.3313137
LKQ,Urbain Xavier,2025-08-28,0,0,0,0,0,0,0,0,0,0,0,1,0,0,0,0,0,0,1,0,0,0,0,1,0,0,0,0,0,0,0,0,0,1,0,0,0,0,0,0,1,LKQ,Urbain Xavier,2025-08-28,0.67488897,0.40750644
LLY,Alvarez Ralph,2025-08-13,0,0,0,0,0,0,0,0,0,0,0,1,0,0,0,0,0,0,0,0,1,0,1,0,0,0,0,0,0,0,0,0,0,1,0,0,0,0,0,1,0,LLY,Alvarez Ralph,2025-08-13,0.9593307,0.950497
LLY,Montarce Lucas,2025-08-15,0,1,0,0,0,0,0,0,0,0,0,0,0,0,0,0,0,0,0,0,1,0,1,0,0,0,0,0,0,0,0,0,0,1,0,0,0,0,0,0,1,LLY,Montarce Lucas,2025-08-15,0.9275821,0.95546913
LNW,McLennan Hamish,2025-08-12,0,0,0,0,0,0,0,0,0,0,0,1,0,0,0,0,0,0,1,0,0,0,0,1,0,0,0,0,0,0,0,0,1,1,0,0,0,0,0,1,0,LNW,McLennan Hamish,2025-08-12,0.5294816,0.5740272
LNW,Odell Jamie,2025-08-11,0,0,0,0,0,0,0,0,0,0,0,1,0,0,0,0,0,0,1,0,0,0,0,1,0,0,0,0,0,0,0,0,1,1,0,0,0,0,0,1,0,LNW,Odell Jamie,2025-08-11,0.5294816,0.5740272
LNW,Throsby Timothy,2025-08-14,0,0,0,0,0,0,0,0,0,0,0,1,0,0,1,0,0,0,1,0,0,0,0,1,0,0,0,0,0,0,0,0,0,1,0,0,0,0,0,1,1,LNW,Throsby Timothy,2025-08-14,0.76289654,0.50458866
LUV,Feinberg Sarah,2025-08-05,0,0,0,0,0,0,0,0,0,0,0,1,0,0,0,0,0,0,0,1,0,0,0,0,0,1,0,0,0,0,0,0,0,0,0,0,0,0,0,0,1,LUV,Feinberg Sarah,2025-08-05,0.5890834,0.21938926
LUV,SARETSKY GREGG A,2025-08-06,0,0,0,0,0,0,0,0,0,0,0,1,0,0,0,0,0,0,0,1,0,0,0,0,0,1,0,0,0,0,0,0,0,0,0,0,0,0,0,0,1,LUV,SARETSKY GREGG A,2025-08-06,0.5890834,0.21938926
MASI,Brennan Michelle,2025-08-12,0,0,0,0,0,0,1,0,0,0,0,0,0,0,0,0,0,0,1,0,0,0,1,0,0,0,0,0,0,0,0,0,0,0,0,0,0,0,0,1,0,MASI,Brennan Michelle,2025-08-12,0.93998295,0.96807915
MASI,Jellison William R,2025-08-11,0,0,0,0,0,0,0,0,0,0,0,1,0,0,0,0,0,0,1,0,0,0,1,0,0,0,0,0,0,0,0,0,0,0,0,0,0,0,0,0,1,MASI,Jellison William R,2025-08-11,0.97539526,0.8827977
MAX,VRABECK KATHY P,2025-08-12,0,0,0,0,0,0,0,0,0,0,0,1,0,0,1,0,0,1,0,0,0,0,0,0,0,0,0,0,0,1,0,0,0,0,0,0,0,0,0,0,1,MAX,VRABECK KATHY P,2025-08-12,0.6044833,0.45533165
MBIN,Sievers Sean A.,2025-08-01,0,1,0,0,0,0,0,0,0,0,0,0,0,0,0,0,0,1,0,0,0,0,0,0,0,0,0,0,0,0,0,0,0,0,0,0,0,0,0,1,0,MBIN,Sievers Sean A.,2025-08-01,0.34515584,0.06693481
MBIN,Thomas Darin L.,2025-08-22,0,0,0,0,0,0,0,0,0,0,0,0,0,0,0,0,0,1,0,0,0,0,0,0,0,0,0,0,0,0,0,0,0,0,0,0,0,0,0,0,1,MBIN,Thomas Darin L.,2025-08-22,0.29515752,0.18769118
MBWM,RAMAKER DAVID B,2025-08-18,0,0,0,0,0,0,0,0,0,0,0,1,0,0,0,0,0,1,0,0,0,0,0,0,0,0,0,0,0,0,0,0,0,0,0,0,0,0,0,0,1,MBWM,RAMAKER DAVID B,2025-08-18,0.4636908,0.09681982
MDGL,BAKER BROS. ADVISORS LP,2025-08-20,0,0,0,0,0,0,0,0,0,0,0,1,0,1,0,0,0,0,1,0,0,0,1,0,0,0,0,0,0,0,0,0,0,0,0,1,0,0,1,1,1,MDGL,BAKER BROS. ADVISORS LP,2025-08-20,0.9789676,0.9760835
MDT,Jellison William R,2025-08-25,0,0,0,0,0,0,0,0,0,0,0,1,0,0,0,0,0,0,0,1,0,0,1,0,0,0,0,0,0,0,0,0,0,0,0,0,0,0,0,1,0,MDT,Jellison William R,2025-08-25,0.68131465,0.21979593
MDU,Vollmer Jason L,2025-08-19,0,1,0,0,0,0,0,0,0,0,0,0,0,0,0,0,0,0,1,0,0,0,0,0,0,1,0,0,0,0,0,0,0,0,0,0,0,0,0,1,0,MDU,Vollmer Jason L,2025-08-19,0.86134183,0.8750736
MEC,Lehr Rachele Marie,2025-08-08,0,1,0,0,0,0,0,0,0,0,0,0,0,0,0,0,1,0,0,0,0,0,0,0,0,1,0,0,0,0,0,0,0,1,0,0,0,1,0,1,0,MEC,Lehr Rachele Marie,2025-08-08,0.8990774,0.95318377
MEC,Leuba Sean P,2025-08-11,0,0,0,0,0,0,0,0,0,0,0,0,0,0,0,0,1,0,0,0,0,0,0,0,0,1,0,0,0,0,0,0,0,1,0,0,0,1,0,1,1,MEC,Leuba Sean P,2025-08-11,0.73281944,0.59377897
MEC,Reddy Jagadeesh A,2025-08-07,1,0,0,0,0,0,0,0,0,0,0,0,0,0,1,0,1,0,0,0,0,0,0,0,0,1,0,0,0,0,0,0,0,1,0,0,0,1,0,1,1,MEC,Reddy Jagadeesh A,2025-08-07,0.7983339,0.65256834
MERC,WELTY LINDA J,2025-08-18,0,0,0,0,0,0,0,0,0,0,0,1,0,0,1,0,1,0,0,0,0,0,0,0,0,0,0,0,1,0,0,0,0,0,0,0,0,0,0,0,1,MERC,WELTY LINDA J,2025-08-18,0.9233502,0.66152585
MGEE,Berbee James G,2025-08-15,0,0,0,0,0,0,0,0,0,0,0,1,0,0,0,0,0,0,1,0,0,0,0,0,0,0,1,0,0,0,0,0,0,0,0,0,0,1,0,0,0,MGEE,Berbee James G,2025-08-15,0.1639771,0.7477227
MITT,Jozoff Matthew,2025-08-20,0,0,0,0,0,0,0,0,0,0,0,1,0,0,1,0,1,0,0,0,0,0,0,0,0,0,0,1,0,0,0,0,0,0,0,1,0,0,0,1,0,MITT,Jozoff Matthew,2025-08-20,0.95621204,0.5530246
MITT,Jozoff Matthew,2025-08-21,0,0,0,0,0,0,0,0,0,0,0,1,0,1,0,0,1,0,0,0,0,0,0,0,0,0,0,1,0,0,0,0,0,0,0,1,0,0,0,1,1,MITT,Jozoff Matthew,2025-08-21,0.96425325,0.7683148
MLP,CASE STEPHEN M,2025-08-19,0,0,0,0,0,0,0,0,0,0,0,1,0,0,1,0,0,1,0,0,0,0,0,0,0,0,0,1,0,0,0,0,0,0,0,1,0,0,0,1,1,MLP,CASE STEPHEN M,2025-08-19,0.9289788,0.72290784
MLP,CASE STEPHEN M,2025-08-20,0,0,0,0,0,0,0,0,0,0,0,1,0,0,1,0,0,1,0,0,0,0,0,0,0,0,0,1,0,0,0,0,0,0,0,1,0,0,0,1,1,MLP,CASE STEPHEN M,2025-08-20,0.9289788,0.72290784
MLP,CASE STEPHEN M,2025-08-21,0,0,0,0,0,0,0,0,0,0,0,1,0,0,1,0,0,1,0,0,0,0,0,0,0,0,0,1,0,0,0,0,0,0,0,1,0,0,0,1,1,MLP,CASE STEPHEN M,2025-08-21,0.9289788,0.72290784
MLP,CASE STEPHEN M,2025-08-22,0,0,0,0,0,0,0,0,0,0,0,1,0,0,1,0,0,1,0,0,0,0,0,0,0,0,0,1,0,0,0,0,0,0,0,1,0,0,0,1,1,MLP,CASE STEPHEN M,2025-08-22,0.9289788,0.72290784
MLP,CASE STEPHEN M,2025-08-25,0,0,0,0,0,0,0,0,0,0,0,1,0,0,1,0,0,1,0,0,0,0,0,0,0,0,0,1,0,0,0,0,0,0,0,1,0,0,0,1,1,MLP,CASE STEPHEN M,2025-08-25,0.9289788,0.72290784
MLP,CASE STEPHEN M,2025-08-26,0,0,0,0,0,0,0,0,0,0,0,1,0,0,0,0,0,1,0,0,0,0,0,0,0,0,0,1,0,0,0,0,0,0,0,1,0,0,0,1,1,MLP,CASE STEPHEN M,2025-08-26,0.95369273,0.7091393
MLP,CASE STEPHEN M,2025-08-27,0,0,0,0,0,0,0,0,0,0,0,1,0,0,0,0,0,1,0,0,0,0,0,0,0,0,0,1,0,0,0,0,0,0,0,1,0,0,0,1,0,MLP,CASE STEPHEN M,2025-08-27,0.9686534,0.6472161
MMI,MARTIN LAURALEE,2025-08-11,0,0,0,0,0,0,0,0,0,0,0,1,0,0,0,0,0,1,0,0,0,0,0,0,0,0,0,1,0,0,0,0,0,0,0,0,0,0,0,0,1,MMI,MARTIN LAURALEE,2025-08-11,0.76847017,0.28336844
MNR,McMullen William Wallace,2025-08-11,0,0,0,0,0,0,0,0,0,0,0,1,0,0,0,0,0,1,0,0,0,0,0,0,1,0,0,0,0,0,0,0,0,0,0,0,0,0,0,1,0,MNR,McMullen William Wallace,2025-08-11,0.57319707,0.33325782
MOFG,Hauschildt Jennifer Leigh,2025-08-13,0,0,0,0,0,0,0,0,0,0,0,1,0,0,0,0,0,1,0,0,0,0,0,0,0,0,0,0,0,0,0,0,0,0,0,0,0,0,0,1,0,MOFG,Hauschildt Jennifer Leigh,2025-08-13,0.6017341,0.15268178
MOFG,McCormick Tracy S,2025-08-04,0,0,0,0,0,0,0,0,0,0,0,1,0,0,0,0,0,1,0,0,0,0,0,0,0,0,0,0,0,0,0,0,0,1,0,0,0,0,0,0,1,MOFG,McCormick Tracy S,2025-08-04,0.4867425,0.152111
MRBK,Imbesi Anthony Mark,2025-08-27,0,0,0,0,0,0,0,0,0,0,0,1,0,0,0,0,1,0,0,0,0,0,0,0,0,0,0,0,0,0,0,0,0,0,0,0,0,0,0,0,1,MRBK,Imbesi Anthony Mark,2025-08-27,0.5931266,0.079702005
MTCH,Rascoff Spencer M,2025-08-26,1,0,0,0,0,0,0,0,0,0,0,0,0,0,0,0,0,0,1,0,0,0,0,0,0,0,0,0,0,1,0,0,0,0,0,0,0,0,0,0,1,MTCH,Rascoff Spencer M,2025-08-26,0.76187116,0.56880635
MTDR,Foran Joseph Wm,2025-08-01,1,0,0,0,0,0,0,0,0,0,0,0,0,0,0,0,0,0,1,0,0,0,0,0,1,0,0,0,0,0,0,0,0,0,0,0,0,0,0,1,1,MTDR,Foran Joseph Wm,2025-08-01,0.61039114,0.8098599
MTDR,Foran Joseph Wm,2025-08-19,1,0,0,0,0,0,0,0,0,0,0,0,0,0,0,0,0,0,1,0,0,0,0,0,1,0,0,0,0,0,0,0,0,0,0,0,0,0,0,1,0,MTDR,Foran Joseph Wm,2025-08-19,0.52033955,0.8292251
MUSA,MURPHY ROBERT MADISON,2025-08-05,0,0,0,0,0,0,0,0,0,0,0,1,0,0,1,0,0,0,1,0,0,0,0,1,0,0,0,0,0,0,0,0,0,0,0,0,0,0,0,0,1,MUSA,MURPHY ROBERT MADISON,2025-08-05,0.9573659,0.882503
NAMS,Topper James N,2025-08-11,0,0,0,0,0,0,0,0,0,0,0,1,0,0,0,0,0,0,1,0,0,0,1,0,0,0,0,0,0,0,0,0,0,0,0,0,0,0,0,1,1,NAMS,Topper James N,2025-08-11,0.9809152,0.9584747
NBBK,Darcey William,2025-08-11,0,0,0,0,0,0,0,0,0,0,0,1,0,0,1,0,0,1,0,0,0,0,0,0,0,0,0,0,0,0,0,0,0,0,0,0,0,0,0,1,0,NBBK,Darcey William,2025-08-11,0.5708965,0.20362684
NEWT,SALUTE RICHARD J,2025-08-01,0,0,0,0,0,0,0,0,0,0,0,1,0,0,0,0,1,0,0,0,0,0,0,0,0,0,0,0,0,0,0,0,0,0,0,0,0,0,0,0,1,NEWT,SALUTE RICHARD J,2025-08-01,0.5931266,0.079702005
NGS,HOLLEY JEAN K,2025-08-14,0,0,0,0,0,0,0,0,0,0,0,1,0,0,1,0,0,1,0,0,0,0,0,0,1,0,0,0,0,0,0,0,0,0,0,0,0,0,0,1,0,NGS,HOLLEY JEAN K,2025-08-14,0.53584456,0.41494834
NRGV,Ertel Thomas R,2025-08-28,0,0,0,0,0,0,0,0,0,0,0,1,0,0,0,0,1,0,0,0,0,0,0,0,0,0,1,0,0,0,0,0,0,1,0,0,0,0,0,1,0,NRGV,Ertel Thomas R,2025-08-28,0.9094263,0.93176514
NRGV,Hixon Dylan,2025-08-29,0,0,0,0,0,0,0,0,0,0,0,1,0,0,1,0,1,0,0,0,0,0,0,0,0,0,1,0,0,0,0,0,0,1,0,0,0,0,0,1,0,NRGV,Hixon Dylan,2025-08-29,0.945964,0.9425134
NRGV,Piconi Robert,2025-08-29,1,0,0,0,0,0,0,0,0,0,0,0,0,0,1,0,1,0,0,0,0,0,0,0,0,0,1,0,0,0,0,0,0,1,0,1,0,0,0,1,1,NRGV,Piconi Robert,2025-08-29,0.912352,0.9481088
NSP,CLIFFORD TIM,2025-08-15,0,0,0,0,0,0,0,0,0,0,0,1,0,0,0,0,0,1,0,0,0,0,0,0,0,1,0,0,0,0,0,0,0,0,0,0,0,0,0,0,1,NSP,CLIFFORD TIM,2025-08-15,0.8603104,0.7253216
NSP,Ramchand Latha,2025-08-06,0,0,0,0,0,0,0,0,0,0,0,1,0,0,0,0,0,1,0,0,0,0,0,0,0,1,0,0,0,0,0,0,0,1,0,0,0,0,0,0,1,NSP,Ramchand Latha,2025-08-06,0.8792121,0.8071198
NWBI,Hunter Timothy M,2025-08-06,0,0,0,0,0,0,0,0,0,0,0,1,0,0,0,0,0,1,0,0,0,0,0,0,0,0,0,0,0,0,0,0,0,0,0,0,0,0,0,1,0,NWBI,Hunter Timothy M,2025-08-06,0.6017341,0.15268178
NWBI,Paup Mark A,2025-08-01,0,0,0,0,0,0,0,0,0,0,0,1,0,0,0,0,0,1,0,0,0,0,0,0,0,0,0,0,0,0,0,0,0,0,0,0,0,0,0,1,0,NWBI,Paup Mark A,2025-08-01,0.6017341,0.15268178
NWFL,Donnelly James O,2025-08-06,1,0,0,0,0,0,0,0,0,0,0,0,0,0,0,0,1,0,0,0,0,0,0,0,0,0,0,0,0,0,0,0,0,1,0,0,0,0,1,0,0,NWFL,Donnelly James O,2025-08-06,0.51656747,0.73805124
NWFL,McCaffery John Martin JR,2025-08-01,0,1,0,0,0,0,0,0,0,0,0,0,0,0,0,0,1,0,0,0,0,0,0,0,0,0,0,0,0,0,0,0,0,1,0,0,0,0,1,0,0,NWFL,McCaffery John Martin JR,2025-08-01,0.6728511,0.6442627
NWFL,Schmalzle Ronald R,2025-08-05,0,0,0,0,0,0,0,0,0,0,0,1,0,0,0,0,1,0,0,0,0,0,0,0,0,0,0,0,0,0,0,0,1,1,0,0,0,0,1,0,0,NWFL,Schmalzle Ronald R,2025-08-05,0.7903511,0.62525344
NXG,Mullins Andrea,2025-08-20,0,0,0,0,0,0,0,0,0,0,0,1,0,0,1,0,1,0,0,0,0,0,0,0,0,0,0,0,0,0,0,1,0,1,0,0,0,0,0,1,0,NXG,Mullins Andrea,2025-08-20,0.9781894,0.94993
NXG,Nelson Blake,2025-08-20,0,1,0,0,0,0,0,0,0,0,0,0,0,0,0,0,1,0,0,0,0,0,0,0,0,0,0,0,0,0,0,1,0,1,0,0,0,0,0,1,0,NXG,Nelson Blake,2025-08-20,0.9410871,0.9204971
NXG,Sunderland Todd,2025-08-20,0,0,1,0,0,0,0,0,0,0,0,0,0,0,0,0,1,0,0,0,0,0,0,0,0,0,0,0,0,0,0,1,0,1,0,0,0,1,0,1,0,NXG,Sunderland Todd,2025-08-20,0.8548294,0.93023676
OI,ABRAHAMS DARROW A,2025-08-05,0,0,0,0,0,0,0,0,0,0,0,0,0,0,0,0,0,0,1,0,0,0,0,1,0,0,0,0,0,0,0,0,0,1,0,0,0,0,0,0,1,OI,ABRAHAMS DARROW A,2025-08-05,0.67780477,0.47068983
OI,Hardie Gordon,2025-08-05,1,0,0,0,0,0,0,0,0,0,0,0,0,0,0,0,0,0,1,0,0,0,0,1,0,0,0,0,0,0,0,0,0,1,0,0,0,0,0,0,1,OI,Hardie Gordon,2025-08-05,0.6635883,0.3313137
OI,Haudrich John,2025-08-05,0,1,0,0,0,0,0,0,0,0,0,0,0,0,0,0,0,0,1,0,0,0,0,1,0,0,0,0,0,0,0,0,0,1,0,0,0,0,0,0,1,OI,Haudrich John,2025-08-05,0.52960026,0.34053636
OMI,"Coliseum Capital Management, L",2025-08-12,0,0,0,0,0,0,0,0,0,0,1,0,1,0,0,0,0,1,0,0,0,0,1,0,0,0,0,0,0,0,0,0,0,0,0,1,0,0,0,1,1,OMI,"Coliseum Capital Management, L",2025-08-12,0.98471534,0.43292877
ONL,GILYARD REGINALD HAROLD,2025-08-27,0,0,0,0,0,0,0,0,0,0,0,1,0,0,1,0,1,0,0,0,0,0,0,0,0,0,0,1,0,0,0,0,0,0,0,0,0,0,0,1,0,ONL,GILYARD REGINALD HAROLD,2025-08-27,0.88735425,0.4264197
OPAL,Comora Adam,2025-08-15,1,0,0,0,0,0,0,0,0,0,0,0,0,0,1,0,0,1,0,0,0,0,0,0,0,0,1,0,0,0,0,0,0,0,0,1,0,0,0,0,1,OPAL,Comora Adam,2025-08-15,0.6929895,0.7189915
OPAL,Comora Adam,2025-08-18,1,0,0,0,0,0,0,0,0,0,0,0,0,0,1,0,0,1,0,0,0,0,0,0,0,0,1,0,0,0,0,0,0,0,0,1,0,0,0,0,1,OPAL,Comora Adam,2025-08-18,0.6929895,0.7189915
OPCH,GOLDING DAVID W,2025-08-21,0,0,0,0,0,0,0,0,0,0,0,1,0,0,0,0,0,0,1,0,0,0,1,0,0,0,0,0,0,0,0,0,0,1,0,0,0,0,0,0,1,OPCH,GOLDING DAVID W,2025-08-21,0.8362292,0.738452
OPCH,KRAEMER HARRY M JANSEN JR,2025-08-20,0,0,0,0,0,0,0,0,0,0,0,1,0,0,1,0,0,0,1,0,0,0,1,0,0,0,0,0,0,0,0,0,0,1,0,0,0,0,0,0,1,OPCH,KRAEMER HARRY M JANSEN JR,2025-08-20,0.8493434,0.7950503
OPCH,Pate R Carter,2025-08-20,0,0,0,0,0,0,0,0,0,0,0,1,0,0,0,0,0,0,1,0,0,0,1,0,0,0,0,0,0,0,0,0,0,1,0,0,0,0,0,0,1,OPCH,Pate R Carter,2025-08-20,0.8362292,0.738452
OPCH,SULLIVAN TIMOTHY P,2025-08-21,0,0,0,0,0,0,0,0,0,0,0,1,0,0,1,0,0,0,1,0,0,0,1,0,0,0,0,0,0,0,0,0,0,1,0,0,0,0,0,0,1,OPCH,SULLIVAN TIMOTHY P,2025-08-21,0.8493434,0.7950503
OPK,FROST PHILLIP MD ET AL,2025-08-08,1,0,0,0,0,0,0,0,0,0,0,0,0,0,1,0,0,1,0,0,0,0,1,0,0,0,0,0,0,0,0,0,0,0,0,0,0,0,0,1,0,OPK,FROST PHILLIP MD ET AL,2025-08-08,0.80481255,0.8116232
OSBC,Lyons Billy J Jr.,2025-08-04,0,0,0,0,0,0,0,0,0,0,0,1,0,0,0,0,0,1,0,0,0,0,0,0,0,0,0,0,0,0,0,0,0,0,0,0,0,0,0,1,0,OSBC,Lyons Billy J Jr.,2025-08-04,0.6017341,0.15268178
OVBC,BARNITZ ANNA P,2025-08-11,0,0,0,0,0,0,0,0,0,0,0,1,0,0,0,0,1,0,0,0,0,0,0,0,0,0,0,0,0,0,0,0,0,0,0,0,0,1,0,1,0,OVBC,BARNITZ ANNA P,2025-08-11,0.3102791,0.1462822
OVBC,Michael Seth Isaac,2025-08-11,0,0,0,0,0,0,0,0,0,0,0,1,0,0,0,0,1,0,0,0,0,0,0,0,0,0,0,0,0,0,0,0,0,0,0,0,0,1,0,1,0,OVBC,Michael Seth Isaac,2025-08-11,0.3102791,0.1462822
OVLY,Haidlen Erich A,2025-08-08,0,0,0,0,0,0,0,0,0,0,0,1,0,0,0,0,1,0,0,0,0,0,0,0,0,0,0,0,0,0,0,0,0,1,0,0,0,1,0,0,0,OVLY,Haidlen Erich A,2025-08-08,0.7878264,0.86998963
OVLY,LAFFERTY ALLISON,2025-08-01,0,0,0,0,0,0,0,0,0,0,0,1,0,0,0,0,1,0,0,0,0,0,0,0,0,0,0,0,0,0,0,0,0,1,0,0,0,0,0,0,1,OVLY,LAFFERTY ALLISON,2025-08-01,0.84366596,0.5945692
OVLY,Leonard Daniel J,2025-08-01,0,0,0,0,0,0,0,0,0,0,0,1,0,0,1,0,1,0,0,0,0,0,0,0,0,0,0,0,0,0,0,0,0,1,0,0,0,0,0,0,1,OVLY,Leonard Daniel J,2025-08-01,0.9065058,0.7966358
OVLY,WITHROW TERRANCE P,2025-08-08,0,0,0,0,0,0,0,0,0,0,0,1,0,0,0,0,1,0,0,0,0,0,0,0,0,0,0,0,0,0,0,0,0,1,0,0,0,1,0,0,0,OVLY,WITHROW TERRANCE P,2025-08-08,0.7878264,0.86998963
PCB,LEE SANG YOUNG,2025-08-20,0,0,0,0,0,0,0,0,0,0,0,1,0,0,0,0,1,0,0,0,0,0,0,0,0,0,0,0,0,0,0,0,0,0,0,1,0,0,0,0,1,PCB,LEE SANG YOUNG,2025-08-20,0.9089075,0.28125787
PCB,LEE SANG YOUNG,2025-08-21,0,0,0,0,0,0,0,0,0,0,0,1,0,1,0,0,1,0,0,0,0,0,0,0,0,0,0,0,0,0,0,0,0,0,0,1,0,0,0,0,1,PCB,LEE SANG YOUNG,2025-08-21,0.9466346,0.5678146
PCB,RHEE DON,2025-08-01,0,0,0,0,0,0,0,0,0,0,0,1,0,0,1,0,1,0,0,0,0,0,0,0,0,0,0,0,0,0,0,0,0,0,0,0,0,0,0,0,1,PCB,RHEE DON,2025-08-01,0.5565015,0.21433057
PEW,Cox Chris W.,2025-08-19,0,0,0,0,0,0,0,0,0,0,0,1,0,0,1,0,1,0,0,0,0,0,0,0,0,1,0,0,0,0,0,0,0,1,0,0,0,0,0,1,1,PEW,Cox Chris W.,2025-08-19,0.9824086,0.9496727
PEW,Nemati Marc A.,2025-08-20,1,0,0,0,0,0,0,0,0,0,0,0,0,0,1,0,1,0,0,0,0,0,0,0,0,1,0,0,0,0,0,0,0,1,0,0,0,0,0,0,1,PEW,Nemati Marc A.,2025-08-20,0.973884,0.9788695
PEW,Reisdorf Kelly L,2025-08-19,0,0,0,0,0,0,0,0,0,0,0,1,0,0,1,0,1,0,0,0,0,0,0,0,0,1,0,0,0,0,0,0,0,1,0,0,0,0,0,0,1,PEW,Reisdorf Kelly L,2025-08-19,0.98427826,0.9784495
PFIS,LOCHEN RICHARD S JR,2025-08-06,0,0,0,0,0,0,0,0,0,0,0,1,0,0,0,0,0,1,0,0,0,0,0,0,0,0,0,0,0,0,0,0,0,0,0,0,0,1,0,1,0,PFIS,LOCHEN RICHARD S JR,2025-08-06,0.22339262,0.17111863
PFIS,LOCHEN RICHARD S JR,2025-08-15,0,0,0,0,0,0,0,0,0,0,0,1,0,0,0,0,0,1,0,0,0,0,0,0,0,0,0,0,0,0,0,0,0,0,0,0,0,0,0,0,1,PFIS,LOCHEN RICHARD S JR,2025-08-15,0.4636908,0.09681982
PGEN,AGEE NANCY H,2025-08-28,0,0,0,0,0,0,0,0,0,0,0,1,0,0,0,0,0,1,0,0,0,0,1,0,0,0,0,0,0,0,0,0,0,0,0,0,0,0,0,0,1,PGEN,AGEE NANCY H,2025-08-28,0.8903533,0.6832072
PINE,Albright John P,2025-08-06,1,0,0,0,0,0,0,0,0,0,0,0,0,0,1,0,1,0,0,0,0,0,0,0,0,0,0,1,0,0,0,0,0,1,0,0,0,0,0,1,1,PINE,Albright John P,2025-08-06,0.912265,0.87171966
PINE,"CTO Realty Growth, Inc.",2025-08-01,0,0,0,0,0,0,0,0,0,0,1,0,0,1,0,0,1,0,0,0,0,0,0,0,0,0,0,1,0,0,0,0,0,1,0,1,0,1,0,1,1,PINE,"CTO Realty Growth, Inc.",2025-08-01,0.62115675,0.3553403
PINE,"CTO Realty Growth, Inc.",2025-08-05,0,0,0,0,0,0,0,0,0,0,1,0,0,0,1,0,1,0,0,0,0,0,0,0,0,0,0,1,0,0,0,0,0,1,0,1,0,1,0,1,1,PINE,"CTO Realty Growth, Inc.",2025-08-05,0.85483336,0.42655784
PINE,Greathouse Steven Robert,2025-08-06,0,0,0,0,0,0,0,0,0,0,0,0,0,0,1,0,1,0,0,0,0,0,0,0,0,0,0,1,0,0,0,0,0,1,0,0,0,0,0,1,0,PINE,Greathouse Steven Robert,2025-08-06,0.94833165,0.8916345
PINE,Smith Daniel Earl,2025-08-06,0,0,0,0,0,0,0,0,0,0,0,0,0,0,1,0,1,0,0,0,0,0,0,0,0,0,0,1,0,0,0,0,0,1,0,0,0,0,0,1,1,PINE,Smith Daniel Earl,2025-08-06,0.93820906,0.856667
PKOH,CRAWFORD MATTHEW V,2025-08-13,1,0,0,0,0,0,0,0,0,0,0,0,0,0,1,0,1,0,0,0,0,0,0,0,0,1,0,0,0,0,0,0,0,0,0,1,0,0,0,1,0,PKOH,CRAWFORD MATTHEW V,2025-08-13,0.8773361,0.6216819
PKOH,CRAWFORD MATTHEW V,2025-08-14,1,0,0,0,0,0,0,0,0,0,0,0,0,0,1,0,1,0,0,0,0,0,0,0,0,1,0,0,0,0,0,0,0,0,0,1,0,0,0,1,0,PKOH,CRAWFORD MATTHEW V,2025-08-14,0.8773361,0.6216819
PLMR,Notaras Martha,2025-08-07,0,0,0,0,0,0,0,0,0,0,0,1,0,0,0,0,0,0,1,0,0,0,0,0,0,0,0,0,0,0,0,0,0,0,0,0,0,0,0,0,1,PLMR,Notaras Martha,2025-08-07,0.85446745,0.30947772
PLMR,Taketa Richard H,2025-08-18,0,0,0,0,0,0,0,0,0,0,0,1,0,0,0,0,0,0,1,0,0,0,0,0,0,0,0,0,0,0,0,0,0,0,0,0,0,0,0,0,1,PLMR,Taketa Richard H,2025-08-18,0.85446745,0.30947772
PLMR,Taketa Richard H,2025-08-19,0,0,0,0,0,0,0,0,0,0,0,1,0,0,0,0,0,0,1,0,0,0,0,0,0,0,0,0,0,0,0,0,0,0,0,0,0,0,0,0,1,PLMR,Taketa Richard H,2025-08-19,0.85446745,0.30947772
PMTS,Riley H Sanford,2025-08-12,0,0,0,0,0,0,1,0,0,0,0,0,0,0,1,0,1,0,0,0,0,0,0,0,0,0,0,0,0,0,0,0,0,0,0,0,0,0,0,0,1,PMTS,Riley H Sanford,2025-08-12,0.7261236,0.39275634
PNFP,BURNS GREGORY L,2025-08-15,0,0,0,0,0,0,0,0,0,0,0,1,0,0,0,0,0,0,1,0,0,0,0,0,0,0,0,0,0,0,0,0,0,0,0,0,0,0,0,0,1,PNFP,BURNS GREGORY L,2025-08-15,0.85446745,0.30947772
PNFP,INGRAM DAVID B,2025-08-07,0,0,0,0,0,0,0,0,0,0,0,1,0,0,1,0,0,0,1,0,0,0,0,0,0,0,0,0,0,0,0,0,0,1,0,0,0,0,0,1,1,PNFP,INGRAM DAVID B,2025-08-07,0.45735386,0.2180004
PNFP,THOMPSON G KENNEDY,2025-08-01,0,0,0,0,0,0,0,0,0,0,0,1,0,0,1,0,0,0,1,0,0,0,0,0,0,0,0,0,0,0,0,0,0,1,0,0,0,0,0,1,0,PNFP,THOMPSON G KENNEDY,2025-08-01,0.37410128,0.3033477
POST,STIRITZ WILLIAM P,2025-08-19,0,0,0,0,0,0,0,0,0,0,0,1,0,1,0,0,0,0,1,0,0,0,0,0,0,0,0,0,0,0,0,0,0,0,0,0,0,0,0,0,1,POST,STIRITZ WILLIAM P,2025-08-19,0.9312217,0.5518418
PRCT,MOLL FREDERIC H,2025-08-13,0,0,0,0,0,0,0,0,0,0,0,1,0,0,1,0,0,0,1,0,0,0,1,0,0,0,0,0,0,0,0,0,0,0,0,0,0,0,0,0,1,PRCT,MOLL FREDERIC H,2025-08-13,0.95622575,0.9159635
PRGO,Bezerra Eduardo Guarita,2025-08-18,0,1,0,0,0,0,0,0,0,0,0,0,0,0,0,0,0,0,1,0,0,0,1,0,0,0,0,0,0,0,0,0,0,1,0,0,0,0,0,0,1,PRGO,Bezerra Eduardo Guarita,2025-08-18,0.7707033,0.80030245
PRGO,Lockwood-Taylor Patrick,2025-08-08,1,0,0,0,0,0,0,0,0,0,0,0,0,0,0,0,0,0,1,0,0,0,1,0,0,0,0,0,0,0,0,0,0,0,0,0,0,0,0,0,1,PRGO,Lockwood-Taylor Patrick,2025-08-08,0.9561184,0.94125926
PRGO,Parker Geoffrey M.,2025-08-18,0,0,0,0,0,0,0,0,0,0,0,1,0,0,0,0,0,0,1,0,0,0,1,0,0,0,0,0,0,0,0,0,0,1,0,0,0,0,0,1,0,PRGO,Parker Geoffrey M.,2025-08-18,0.79063815,0.8005806
PRGO,Willis Robert,2025-08-22,0,0,0,0,0,0,0,0,1,0,0,0,0,0,0,0,0,0,1,0,0,0,1,0,0,0,0,0,0,0,0,0,0,1,0,0,0,0,0,0,1,PRGO,Willis Robert,2025-08-22,0.8719343,0.879676
PRGS,Gawlick Rainer,2025-08-12,0,0,0,0,0,0,0,0,0,0,0,1,0,0,0,0,0,1,0,0,0,1,0,0,0,0,0,0,0,0,0,0,0,0,0,0,0,0,0,0,1,PRGS,Gawlick Rainer,2025-08-12,0.73709106,0.63649344
PRMB,Cramer Michael John,2025-08-14,0,0,0,0,0,0,0,0,0,0,0,1,0,0,0,0,0,0,1,0,0,0,0,0,0,0,0,0,0,0,0,0,0,1,0,0,0,0,0,0,1,PRMB,Cramer Michael John,2025-08-14,0.3408379,0.10365074
PRMB,Rietbroek Robbert,2025-08-13,1,0,0,0,0,0,0,0,0,0,0,0,0,0,0,0,0,0,1,0,0,0,0,0,0,0,0,0,0,0,0,0,0,1,0,0,0,0,0,0,1,PRMB,Rietbroek Robbert,2025-08-13,0.3004056,0.11096974
PRMB,STANBROOK STEVEN P,2025-08-12,0,0,0,0,0,0,0,0,0,0,0,1,0,0,0,0,0,0,1,0,0,0,0,0,0,0,0,0,0,0,0,0,0,1,0,0,0,0,0,0,1,PRMB,STANBROOK STEVEN P,2025-08-12,0.3408379,0.10365074
PRSU,Bright Jill,2025-08-26,0,0,0,0,0,0,0,0,0,0,0,1,0,0,0,0,0,1,0,0,0,0,0,1,0,0,0,0,0,0,0,0,0,0,0,0,0,0,0,0,1,PRSU,Bright Jill,2025-08-26,0.7956817,0.46125263
PSA,PETHERBRIDGE LUKE J,2025-08-08,0,0,0,0,0,0,0,0,0,0,0,1,0,0,0,0,0,0,0,1,0,0,0,0,0,0,0,1,0,0,0,0,0,0,0,0,0,0,0,0,1,PSA,PETHERBRIDGE LUKE J,2025-08-08,0.48606583,0.06340119
PSX,HAYES GREGORY,2025-08-14,0,0,0,0,0,0,0,0,0,0,0,1,0,0,0,0,0,0,0,1,0,0,0,0,1,0,0,0,0,0,0,0,0,0,0,0,0,0,0,1,0,PSX,HAYES GREGORY,2025-08-14,0.12384474,0.052110862
PTLO,Osanloo Michael,2025-08-08,1,0,0,0,0,0,0,0,0,0,0,0,0,0,1,0,0,1,0,0,0,0,0,1,0,0,0,0,0,0,0,0,0,1,0,1,0,0,0,0,1,PTLO,Osanloo Michael,2025-08-08,0.95919013,0.5557874
PUMP,Weatherl Caleb Lyle,2025-08-01,0,1,0,0,0,0,0,0,0,0,0,0,0,0,0,0,0,1,0,0,0,0,0,0,1,0,0,0,0,0,0,0,0,0,0,0,0,0,0,1,0,PUMP,Weatherl Caleb Lyle,2025-08-01,0.34273967,0.18377283
RAL,MOORTHY GANESH,2025-08-13,0,0,0,0,0,0,0,0,0,0,0,1,0,0,0,0,0,0,1,0,0,1,0,0,0,0,0,0,0,0,0,0,0,0,0,0,0,0,0,0,1,RAL,MOORTHY GANESH,2025-08-13,0.94684815,0.79190034
RAMP,Dillard Lauren R,2025-08-13,0,1,0,0,0,0,0,0,0,0,0,0,0,0,1,0,0,1,0,0,0,1,0,0,0,0,0,0,0,0,0,0,0,0,0,0,0,0,0,0,1,RAMP,Dillard Lauren R,2025-08-13,0.6260471,0.6141581
RCEL,McNamara Robert,2025-08-28,0,0,0,0,0,0,0,0,0,0,0,1,0,0,1,0,1,0,0,0,0,0,1,0,0,0,0,0,0,0,0,0,0,0,0,0,0,0,0,1,0,RCEL,McNamara Robert,2025-08-28,0.8859246,0.6042146
RCEL,O'Toole David D,2025-08-26,0,1,0,0,0,0,0,0,0,0,0,0,0,0,0,0,1,0,0,0,0,0,1,0,0,0,0,0,0,0,0,0,0,0,0,0,0,0,0,0,1,RCEL,O'Toole David D,2025-08-26,0.9256289,0.8289814
RCKT,Bjork Elisabeth,2025-08-27,0,0,0,0,0,0,0,0,0,0,0,1,0,0,0,0,0,1,0,0,0,0,1,0,0,0,0,0,0,0,0,0,0,0,0,0,0,0,0,1,0,RCKT,Bjork Elisabeth,2025-08-27,0.9284012,0.702025
RDW,Edmunds Chris,2025-08-11,0,0,0,0,0,0,0,0,0,0,0,0,0,0,0,0,0,1,0,0,0,0,0,0,0,1,0,0,0,0,0,0,0,0,0,0,0,0,0,0,1,RDW,Edmunds Chris,2025-08-11,0.7523561,0.79226714
REYN,Hawkesby Duncan,2025-08-26,0,0,0,0,0,0,0,0,0,0,0,1,0,0,1,0,0,0,1,0,0,0,0,1,0,0,0,0,0,0,0,0,0,0,0,1,0,0,0,1,0,REYN,Hawkesby Duncan,2025-08-26,0.9476155,0.91251224
REZI,"CD&R Channel Holdings II, L.P.",2025-08-12,0,0,0,0,0,0,0,0,0,0,1,0,0,1,0,0,0,0,1,0,0,0,0,0,0,1,0,0,0,0,0,0,0,0,0,1,0,0,0,1,1,REZI,"CD&R Channel Holdings II, L.P.",2025-08-12,0.95028764,0.9665286
REZI,"CD&R Channel Holdings II, L.P.",2025-08-14,0,0,0,0,0,0,0,0,0,0,1,0,0,1,0,0,0,0,1,0,0,0,0,0,0,1,0,0,0,0,0,0,0,0,0,1,0,0,0,1,1,REZI,"CD&R Channel Holdings II, L.P.",2025-08-14,0.95028764,0.9665286
REZI,"CD&R Channel Holdings II, L.P.",2025-08-15,0,0,0,0,0,0,0,0,0,0,1,0,0,1,0,0,0,0,1,0,0,0,0,0,0,1,0,0,0,0,0,0,0,0,0,1,0,0,0,1,1,REZI,"CD&R Channel Holdings II, L.P.",2025-08-15,0.95028764,0.9665286
REZI,"CD&R Channel Holdings II, L.P.",2025-08-18,0,0,0,0,0,0,0,0,0,0,1,0,0,0,1,0,0,0,1,0,0,0,0,0,0,1,0,0,0,0,0,0,0,0,0,1,0,0,0,1,1,REZI,"CD&R Channel Holdings II, L.P.",2025-08-18,0.9160536,0.9271491
REZI,"CD&R Channel Holdings II, L.P.",2025-08-19,0,0,0,0,0,0,0,0,0,0,1,0,0,1,0,0,0,0,1,0,0,0,0,0,0,1,0,0,0,0,0,0,0,0,0,1,0,0,0,1,1,REZI,"CD&R Channel Holdings II, L.P.",2025-08-19,0.95028764,0.9665286
REZI,"CD&R Channel Holdings II, L.P.",2025-08-20,0,0,0,0,0,0,0,0,0,0,1,0,0,1,0,0,0,0,1,0,0,0,0,0,0,1,0,0,0,0,0,0,0,0,0,1,0,0,0,1,1,REZI,"CD&R Channel Holdings II, L.P.",2025-08-20,0.95028764,0.9665286
REZI,"CD&R Channel Holdings II, L.P.",2025-08-21,0,0,0,0,0,0,0,0,0,0,1,0,0,1,0,0,0,0,1,0,0,0,0,0,0,1,0,0,0,0,0,0,0,0,0,1,0,0,0,1,1,REZI,"CD&R Channel Holdings II, L.P.",2025-08-21,0.95028764,0.9665286
REZI,"CD&R Channel Holdings II, L.P.",2025-08-22,0,0,0,0,0,0,0,0,0,0,1,0,0,0,1,0,0,0,1,0,0,0,0,0,0,1,0,0,0,0,0,0,0,0,0,1,0,0,0,1,1,REZI,"CD&R Channel Holdings II, L.P.",2025-08-22,0.9160536,0.9271491
REZI,"CD&R Channel Holdings II, L.P.",2025-08-25,0,0,0,0,0,0,0,0,0,0,1,0,0,0,1,0,0,0,1,0,0,0,0,0,0,1,0,0,0,0,0,0,0,0,0,1,0,0,0,1,1,REZI,"CD&R Channel Holdings II, L.P.",2025-08-25,0.9160536,0.9271491
RF,Jenkins Roger W.,2025-08-13,0,0,0,0,0,0,0,0,0,0,0,1,0,0,0,0,0,0,0,1,0,0,0,0,0,0,0,0,0,0,0,0,0,0,0,0,0,0,0,0,1,RF,Jenkins Roger W.,2025-08-13,0.18356258,0.01857031
RGEN,Madaus Martin D,2025-08-08,0,0,0,0,0,0,0,0,0,0,0,1,0,0,0,0,0,0,1,0,0,0,1,0,0,0,0,0,0,0,0,0,0,0,0,0,0,0,0,0,1,RGEN,Madaus Martin D,2025-08-08,0.97539526,0.8827977
RGR,Pettet Bruce T.,2025-08-11,0,0,0,0,0,0,0,0,0,0,0,1,0,0,0,0,0,1,0,0,0,0,0,0,0,1,0,0,0,0,0,0,0,0,0,0,0,0,0,0,1,RGR,Pettet Bruce T.,2025-08-11,0.8603104,0.7253216
RHP,BOLTON H ERIC JR,2025-08-14,0,0,0,0,0,0,0,0,0,0,0,1,0,0,0,0,0,0,1,0,0,0,0,0,0,0,0,1,0,0,0,0,0,0,0,0,0,0,0,0,1,RHP,BOLTON H ERIC JR,2025-08-14,0.9408395,0.5824635
RHP,REED COLIN V,2025-08-13,0,0,0,0,0,0,1,0,0,0,0,0,0,0,1,0,0,0,1,0,0,0,0,0,0,0,0,1,0,0,0,0,0,0,0,0,0,0,0,1,1,RHP,REED COLIN V,2025-08-13,0.907706,0.8812821
RICK,LANGAN ERIC SCOTT,2025-08-18,1,0,0,0,0,0,0,0,0,0,0,0,0,0,1,0,0,1,0,0,0,0,0,1,0,0,0,0,0,0,0,0,0,0,0,0,0,0,0,0,1,RICK,LANGAN ERIC SCOTT,2025-08-18,0.72661567,0.8233494
RNST,LEVY JONATHAN A,2025-08-01,0,0,0,0,0,0,0,0,0,0,0,1,0,0,0,0,0,0,1,0,0,0,0,0,0,0,0,0,0,0,0,0,0,0,0,0,0,0,0,0,1,RNST,LEVY JONATHAN A,2025-08-01,0.85446745,0.30947772
RPD,"JANA Partners Management, LP",2025-08-12,0,0,0,0,0,0,0,0,0,0,0,1,0,1,0,0,0,1,0,0,0,1,0,0,0,0,0,0,0,0,0,0,0,0,0,1,0,0,0,1,1,RPD,"JANA Partners Management, LP",2025-08-12,0.9653751,0.9687838
RPD,"JANA Partners Management, LP",2025-08-13,0,0,0,0,0,0,0,0,0,0,0,1,0,1,0,0,0,1,0,0,0,1,0,0,0,0,0,0,0,0,0,0,0,0,0,1,0,0,0,1,1,RPD,"JANA Partners Management, LP",2025-08-13,0.9653751,0.9687838
RRBI,Price Teddy Ray,2025-08-04,0,0,0,0,0,0,0,0,0,0,0,1,0,0,1,0,0,1,0,0,0,0,0,0,0,0,0,0,0,0,0,0,0,0,0,0,0,0,0,1,1,RRBI,Price Teddy Ray,2025-08-04,0.52020305,0.16662842
SAFT,Langwell Dennis J.,2025-08-11,0,0,0,0,0,0,0,0,0,0,0,1,0,0,1,0,0,1,0,0,0,0,0,0,0,0,0,0,0,0,0,0,0,0,0,0,0,0,0,0,1,SAFT,Langwell Dennis J.,2025-08-11,0.42001262,0.2193412
SBH,Perelman Debra Golding,2025-08-13,0,0,0,0,0,0,0,0,0,0,0,1,0,0,0,0,0,1,0,0,0,0,0,1,0,0,0,0,0,0,0,0,0,1,0,0,0,0,0,1,0,SBH,Perelman Debra Golding,2025-08-13,0.87266403,0.65039414
SD,INTRIERI VINCENT J,2025-08-18,0,0,0,0,0,0,0,0,0,0,0,1,0,0,1,0,0,1,0,0,0,0,0,0,1,0,0,0,0,0,0,0,0,0,0,0,0,0,0,0,1,SD,INTRIERI VINCENT J,2025-08-18,0.42740065,0.50223935
SF,ZEMLYAK JAMES M,2025-08-07,0,0,0,0,0,0,0,1,0,0,0,0,0,0,0,0,0,0,0,1,0,0,0,0,0,0,0,0,0,0,0,0,0,0,0,0,0,1,0,1,0,SF,ZEMLYAK JAMES M,2025-08-07,0.033426587,0.057971798
SF,ZEMLYAK JAMES M,2025-08-11,0,0,0,0,0,0,0,1,0,0,0,0,0,0,0,0,0,0,0,1,0,0,0,0,0,0,0,0,0,0,0,0,0,0,0,0,0,1,0,1,0,SF,ZEMLYAK JAMES M,2025-08-11,0.033426587,0.057971798
SF,ZEMLYAK JAMES M,2025-08-12,0,0,0,0,0,0,0,1,0,0,0,0,0,0,0,0,0,0,0,1,0,0,0,0,0,0,0,0,0,0,0,0,0,0,0,0,0,1,0,1,0,SF,ZEMLYAK JAMES M,2025-08-12,0.033426587,0.057971798
SF,ZEMLYAK JAMES M,2025-08-13,0,0,0,0,0,0,0,1,0,0,0,0,0,0,0,0,0,0,0,1,0,0,0,0,0,0,0,0,0,0,0,0,0,0,0,0,0,1,0,1,0,SF,ZEMLYAK JAMES M,2025-08-13,0.033426587,0.057971798
SFNC,TEUBNER RUSSELL WILLIAM,2025-08-07,0,0,0,0,0,0,0,0,0,0,0,1,0,0,0,0,0,0,1,0,0,0,0,0,0,0,0,0,0,0,0,0,0,0,0,0,0,0,0,1,0,SFNC,TEUBNER RUSSELL WILLIAM,2025-08-07,0.8418798,0.81369454
SHEN,"ECP ControlCo, LLC",2025-08-04,0,0,0,0,0,0,0,0,0,0,1,0,0,0,1,0,0,1,0,0,0,0,0,0,0,0,0,0,0,1,0,0,0,1,0,1,0,1,0,1,1,SHEN,"ECP ControlCo, LLC",2025-08-04,0.8128201,0.036003936
SHEN,"ECP ControlCo, LLC",2025-08-07,0,0,0,0,0,0,0,0,0,0,1,0,0,0,1,0,0,1,0,0,0,0,0,0,0,0,0,0,0,1,0,0,0,1,0,1,0,1,0,1,1,SHEN,"ECP ControlCo, LLC",2025-08-07,0.8128201,0.036003936
SHEN,"ECP ControlCo, LLC",2025-08-08,0,0,0,0,0,0,0,0,0,0,1,0,0,0,1,0,0,1,0,0,0,0,0,0,0,0,0,0,0,1,0,0,0,1,0,1,0,1,0,1,1,SHEN,"ECP ControlCo, LLC",2025-08-08,0.8128201,0.036003936
SHEN,"ECP ControlCo, LLC",2025-08-12,0,0,0,0,0,0,0,0,0,0,1,0,0,0,1,0,0,1,0,0,0,0,0,0,0,0,0,0,0,1,0,0,0,1,0,1,0,1,0,1,1,SHEN,"ECP ControlCo, LLC",2025-08-12,0.8128201,0.036003936
SHEN,"ECP ControlCo, LLC",2025-08-18,0,0,0,0,0,0,0,0,0,0,1,0,0,0,1,0,0,1,0,0,0,0,0,0,0,0,0,0,0,1,0,0,0,1,0,1,0,0,0,1,1,SHEN,"ECP ControlCo, LLC",2025-08-18,0.9538535,0.713699
SHEN,"ECP ControlCo, LLC",2025-08-19,0,0,0,0,0,0,0,0,0,0,1,0,0,0,1,0,0,1,0,0,0,0,0,0,0,0,0,0,0,1,0,0,0,0,0,1,0,0,0,1,1,SHEN,"ECP ControlCo, LLC",2025-08-19,0.74400467,0.59631175
SHEN,"ECP ControlCo, LLC",2025-08-20,0,0,0,0,0,0,0,0,0,0,1,0,0,0,1,0,0,1,0,0,0,0,0,0,0,0,0,0,0,1,0,0,0,0,0,1,0,0,0,1,1,SHEN,"ECP ControlCo, LLC",2025-08-20,0.74400467,0.59631175
SHEN,"ECP ControlCo, LLC",2025-08-21,0,0,0,0,0,0,0,0,0,0,1,0,0,0,1,0,0,1,0,0,0,0,0,0,0,0,0,0,0,1,0,0,0,0,0,1,0,0,0,1,1,SHEN,"ECP ControlCo, LLC",2025-08-21,0.74400467,0.59631175
SHEN,"ECP ControlCo, LLC",2025-08-22,0,0,0,0,0,0,0,0,0,0,1,0,0,0,0,0,0,1,0,0,0,0,0,0,0,0,0,0,0,1,0,0,0,0,0,1,0,0,0,1,1,SHEN,"ECP ControlCo, LLC",2025-08-22,0.8006103,0.56221855
SHEN,"ECP ControlCo, LLC",2025-08-25,0,0,0,0,0,0,0,0,0,0,1,0,0,0,0,0,0,1,0,0,0,0,0,0,0,0,0,0,0,1,0,0,0,0,0,1,0,0,0,1,1,SHEN,"ECP ControlCo, LLC",2025-08-25,0.8006103,0.56221855
SHEN,"ECP ControlCo, LLC",2025-08-26,0,0,0,0,0,0,0,0,0,0,1,0,0,0,1,0,0,1,0,0,0,0,0,0,0,0,0,0,0,1,0,0,0,0,0,1,0,0,0,1,1,SHEN,"ECP ControlCo, LLC",2025-08-26,0.74400467,0.59631175
SHEN,"ECP ControlCo, LLC",2025-08-27,0,0,0,0,0,0,0,0,0,0,1,0,0,0,0,0,0,1,0,0,0,0,0,0,0,0,0,0,0,1,0,0,0,0,0,1,0,0,0,1,1,SHEN,"ECP ControlCo, LLC",2025-08-27,0.8006103,0.56221855
SHEN,"ECP Fiber Holdings GP, LLC",2025-08-04,0,0,0,0,0,0,0,0,0,0,1,0,0,0,1,0,0,1,0,0,0,0,0,0,0,0,0,0,0,1,0,0,0,1,0,1,0,1,0,1,1,SHEN,"ECP Fiber Holdings GP, LLC",2025-08-04,0.8128201,0.036003936
SHEN,"ECP Fiber Holdings GP, LLC",2025-08-07,0,0,0,0,0,0,0,0,0,0,1,0,0,0,1,0,0,1,0,0,0,0,0,0,0,0,0,0,0,1,0,0,0,1,0,1,0,1,0,1,1,SHEN,"ECP Fiber Holdings GP, LLC",2025-08-07,0.8128201,0.036003936
SHEN,"ECP Fiber Holdings GP, LLC",2025-08-08,0,0,0,0,0,0,0,0,0,0,1,0,0,0,1,0,0,1,0,0,0,0,0,0,0,0,0,0,0,1,0,0,0,1,0,1,0,1,0,1,1,SHEN,"ECP Fiber Holdings GP, LLC",2025-08-08,0.8128201,0.036003936
SHEN,"ECP Fiber Holdings GP, LLC",2025-08-12,0,0,0,0,0,0,0,0,0,0,1,0,0,0,1,0,0,1,0,0,0,0,0,0,0,0,0,0,0,1,0,0,0,1,0,1,0,1,0,1,1,SHEN,"ECP Fiber Holdings GP, LLC",2025-08-12,0.8128201,0.036003936
SHEN,"ECP Fiber Holdings GP, LLC",2025-08-18,0,0,0,0,0,0,0,0,0,0,1,0,0,0,1,0,0,1,0,0,0,0,0,0,0,0,0,0,0,1,0,0,0,1,0,1,0,0,0,1,1,SHEN,"ECP Fiber Holdings GP, LLC",2025-08-18,0.9538535,0.713699
SHEN,"ECP Fiber Holdings GP, LLC",2025-08-19,0,0,0,0,0,0,0,0,0,0,1,0,0,0,1,0,0,1,0,0,0,0,0,0,0,0,0,0,0,1,0,0,0,0,0,1,0,0,0,1,1,SHEN,"ECP Fiber Holdings GP, LLC",2025-08-19,0.74400467,0.59631175
SHEN,"ECP Fiber Holdings GP, LLC",2025-08-20,0,0,0,0,0,0,0,0,0,0,1,0,0,0,1,0,0,1,0,0,0,0,0,0,0,0,0,0,0,1,0,0,0,0,0,1,0,0,0,1,1,SHEN,"ECP Fiber Holdings GP, LLC",2025-08-20,0.74400467,0.59631175
SHEN,"ECP Fiber Holdings GP, LLC",2025-08-21,0,0,0,0,0,0,0,0,0,0,1,0,0,0,1,0,0,1,0,0,0,0,0,0,0,0,0,0,0,1,0,0,0,0,0,1,0,0,0,1,1,SHEN,"ECP Fiber Holdings GP, LLC",2025-08-21,0.74400467,0.59631175
SHEN,"ECP Fiber Holdings GP, LLC",2025-08-22,0,0,0,0,0,0,0,0,0,0,1,0,0,0,0,0,0,1,0,0,0,0,0,0,0,0,0,0,0,1,0,0,0,0,0,1,0,0,0,1,1,SHEN,"ECP Fiber Holdings GP, LLC",2025-08-22,0.8006103,0.56221855
SHEN,"ECP Fiber Holdings GP, LLC",2025-08-25,0,0,0,0,0,0,0,0,0,0,1,0,0,0,0,0,0,1,0,0,0,0,0,0,0,0,0,0,0,1,0,0,0,0,0,1,0,0,0,1,1,SHEN,"ECP Fiber Holdings GP, LLC",2025-08-25,0.8006103,0.56221855
SHEN,"ECP Fiber Holdings GP, LLC",2025-08-26,0,0,0,0,0,0,0,0,0,0,1,0,0,0,1,0,0,1,0,0,0,0,0,0,0,0,0,0,0,1,0,0,0,0,0,1,0,0,0,1,1,SHEN,"ECP Fiber Holdings GP, LLC",2025-08-26,0.74400467,0.59631175
SHEN,"ECP Fiber Holdings GP, LLC",2025-08-27,0,0,0,0,0,0,0,0,0,0,1,0,0,0,0,0,0,1,0,0,0,0,0,0,0,0,0,0,0,1,0,0,0,0,0,1,0,0,0,1,1,SHEN,"ECP Fiber Holdings GP, LLC",2025-08-27,0.8006103,0.56221855
SIGI,DOHERTY ROBERT KELLY,2025-08-01,0,0,0,0,0,0,0,0,0,0,0,1,0,0,0,0,0,0,1,0,0,0,0,0,0,0,0,0,0,0,0,0,0,1,0,0,0,0,0,1,0,SIGI,DOHERTY ROBERT KELLY,2025-08-01,0.24805614,0.25128418
SIRI,BERKSHIRE HATHAWAY INC,2025-08-01,0,0,0,0,0,0,0,0,0,0,1,0,1,0,0,0,0,0,1,0,0,0,0,0,0,0,0,0,0,1,0,0,0,0,0,1,0,0,0,1,1,SIRI,BERKSHIRE HATHAWAY INC,2025-08-01,0.82463115,0.23712966
SIRI,BERKSHIRE HATHAWAY INC,2025-08-04,0,0,0,0,0,0,0,0,0,0,1,0,0,1,0,0,0,0,1,0,0,0,0,0,0,0,0,0,0,1,0,0,0,0,0,1,0,0,0,1,1,SIRI,BERKSHIRE HATHAWAY INC,2025-08-04,0.8970072,0.8992211
SMRT,Bohjalian Thomas N,2025-08-18,0,0,0,0,0,0,0,0,0,0,0,1,0,0,1,0,1,0,0,0,0,1,0,0,0,0,0,0,0,0,0,0,0,1,0,1,0,0,0,0,1,SMRT,Bohjalian Thomas N,2025-08-18,0.98716927,0.9624484
SMRT,Bohjalian Thomas N,2025-08-19,0,0,0,0,0,0,0,0,0,0,0,1,0,0,1,0,1,0,0,0,0,1,0,0,0,0,0,0,0,0,0,0,0,1,0,1,0,0,0,0,1,SMRT,Bohjalian Thomas N,2025-08-19,0.98716927,0.9624484
SMRT,DORMAN JOHN C,2025-08-18,0,0,0,0,0,0,0,0,0,0,0,1,0,0,1,0,1,0,0,0,0,1,0,0,0,0,0,0,0,0,0,0,0,1,0,0,0,0,0,0,1,SMRT,DORMAN JOHN C,2025-08-18,0.9658721,0.9201417
SMRT,Pinczuk Ana G.,2025-08-22,0,0,0,0,0,0,0,0,0,0,0,1,0,0,1,0,1,0,0,0,0,1,0,0,0,0,0,0,0,0,0,0,0,1,0,0,0,0,0,0,1,SMRT,Pinczuk Ana G.,2025-08-22,0.9658721,0.9201417
SNV,Bentsen Tim E,2025-08-04,0,0,0,0,0,0,0,0,0,0,0,1,0,0,0,0,0,0,1,0,0,0,0,0,0,0,0,0,0,0,0,0,0,1,0,0,0,0,0,0,1,SNV,Bentsen Tim E,2025-08-04,0.3408379,0.10365074
SNV,Creson Shellie,2025-08-05,0,0,0,0,0,0,0,0,1,0,0,0,0,0,0,0,0,0,1,0,0,0,0,0,0,0,0,0,0,0,0,0,0,1,0,0,0,0,0,0,1,SNV,Creson Shellie,2025-08-05,0.31686506,0.14053603
SNV,Dierdorff Thomas T,2025-08-28,0,0,0,0,0,0,0,0,1,0,0,0,0,0,0,0,0,0,1,0,0,0,0,0,0,0,0,0,0,0,0,0,0,0,0,0,0,0,0,1,1,SNV,Dierdorff Thomas T,2025-08-28,0.60328865,0.59671843
SPG,STEWART MARTA R,2025-08-14,0,0,0,0,0,0,0,0,0,0,0,1,0,0,0,0,0,0,0,1,0,0,0,0,0,0,0,1,0,0,0,0,0,0,0,0,0,0,0,0,1,SPG,STEWART MARTA R,2025-08-14,0.48606583,0.06340119
SSB,SMITH G STACY,2025-08-01,0,0,0,0,0,0,0,0,0,0,0,1,0,0,0,0,0,0,1,0,0,0,0,0,0,0,0,0,0,0,0,0,0,0,0,0,0,0,0,0,1,SSB,SMITH G STACY,2025-08-01,0.85446745,0.30947772
SSSS,Klein Mark D,2025-08-11,1,0,0,0,0,0,0,0,0,0,0,0,0,0,1,0,1,0,0,0,0,0,0,0,0,0,0,0,0,0,0,0,0,0,0,1,0,0,1,0,1,SSSS,Klein Mark D,2025-08-11,0.30526882,0.58019596
SSSS,Klein Mark D,2025-08-12,1,0,0,0,0,0,0,0,0,0,0,0,0,0,1,0,1,0,0,0,0,0,0,0,0,0,0,0,0,0,0,0,0,0,0,1,0,0,1,0,1,SSSS,Klein Mark D,2025-08-12,0.30526882,0.58019596
STRW,Gubin Moishe,2025-08-25,1,0,0,0,0,0,0,0,0,0,0,0,0,0,0,0,0,1,0,0,0,0,0,0,0,0,0,1,0,0,0,0,0,0,0,0,0,0,0,0,1,STRW,Gubin Moishe,2025-08-25,0.4732355,0.6474517
STRZ,Hirsch Jeffrey,2025-08-19,0,0,0,0,0,0,0,0,0,0,0,0,0,0,1,0,1,0,0,0,0,0,0,0,0,0,0,0,0,1,0,0,0,1,0,0,0,0,1,0,1,STRZ,Hirsch Jeffrey,2025-08-19,0.84233093,0.9075876
STRZ,Mann Bruce,2025-08-19,0,0,0,0,0,0,0,0,0,0,0,1,0,0,1,0,1,0,0,0,0,0,0,0,0,0,0,0,0,1,0,0,0,1,0,0,0,0,0,0,1,STRZ,Mann Bruce,2025-08-19,0.95178396,0.8999258
STRZ,SLOAN HARRY,2025-08-19,0,0,0,0,0,0,0,0,0,0,0,1,0,0,1,0,1,0,0,0,0,0,0,0,0,0,0,0,0,1,0,0,0,1,0,1,0,0,1,1,0,STRZ,SLOAN HARRY,2025-08-19,0.917862,0.8941231
STRZ,SLOAN HARRY,2025-08-20,0,0,0,0,0,0,0,0,0,0,0,1,0,0,1,0,1,0,0,0,0,0,0,0,0,0,0,0,0,1,0,0,0,1,0,1,0,0,1,1,0,STRZ,SLOAN HARRY,2025-08-20,0.917862,0.8941231
STRZ,SLOAN HARRY,2025-08-21,0,0,0,0,0,0,0,0,0,0,0,1,0,0,1,0,1,0,0,0,0,0,0,0,0,0,0,0,0,1,0,0,0,1,0,1,0,0,1,1,0,STRZ,SLOAN HARRY,2025-08-21,0.917862,0.8941231
SWIM,DELLAQUILA FRANK J,2025-08-22,0,0,0,0,0,0,0,0,0,0,0,1,0,0,0,0,0,1,0,0,0,0,0,0,0,1,0,0,0,0,0,0,0,0,0,0,0,0,0,0,1,SWIM,DELLAQUILA FRANK J,2025-08-22,0.8603104,0.7253216
SXT,Manning Paul,2025-08-11,1,0,0,0,0,0,0,0,0,0,0,0,0,0,0,0,0,0,1,0,0,0,0,0,0,0,0,0,1,0,0,0,0,0,0,0,0,0,1,1,0,SXT,Manning Paul,2025-08-11,0.8627909,0.9280908
TEAD,Krindel Yaffa,2025-08-11,0,0,0,0,0,0,0,0,0,0,0,1,0,0,0,0,1,0,0,0,0,0,0,0,0,0,0,0,0,1,0,0,0,0,0,0,0,0,0,1,0,TEAD,Krindel Yaffa,2025-08-11,0.843649,0.28817576
TEAD,Krindel Yaffa,2025-08-14,0,0,0,0,0,0,0,0,0,0,0,1,0,0,0,0,1,0,0,0,0,0,0,0,0,0,0,0,0,1,0,0,0,0,0,0,0,0,0,1,0,TEAD,Krindel Yaffa,2025-08-14,0.843649,0.28817576
TEAD,Krindel Yaffa,2025-08-25,0,0,0,0,0,0,0,0,0,0,0,1,0,0,0,0,1,0,0,0,0,0,0,0,0,0,0,0,0,1,0,0,0,0,0,0,0,0,0,1,0,TEAD,Krindel Yaffa,2025-08-25,0.843649,0.28817576
TEAD,Krindel Yaffa,2025-08-26,0,0,0,0,0,0,0,0,0,0,0,1,0,0,0,0,1,0,0,0,0,0,0,0,0,0,0,0,0,1,0,0,0,0,0,0,0,0,0,1,0,TEAD,Krindel Yaffa,2025-08-26,0.843649,0.28817576
TEAM,Belsky Scott,2025-08-28,0,0,0,0,0,0,0,0,0,0,0,1,0,0,0,0,0,0,0,1,0,1,0,0,0,0,0,0,0,0,0,0,0,0,0,0,0,1,0,1,0,TEAM,Belsky Scott,2025-08-28,0.19783352,0.55540276
TFX,HAGGERTY GRETCHEN R,2025-08-06,0,0,0,0,0,0,0,0,0,0,0,1,0,0,0,0,0,0,1,0,0,0,1,0,0,0,0,0,0,0,0,0,0,1,0,0,0,0,0,0,1,TFX,HAGGERTY GRETCHEN R,2025-08-06,0.8362292,0.738452
TFX,Kelly Liam,2025-08-05,1,0,0,0,0,0,0,0,0,0,0,0,0,0,0,0,0,0,1,0,0,0,1,0,0,0,0,0,0,0,0,0,0,1,0,0,0,0,0,0,1,TFX,Kelly Liam,2025-08-05,0.88202065,0.855416
TFX,Krakauer Andrew A,2025-08-05,0,0,0,0,0,0,0,0,0,0,0,1,0,0,0,0,0,0,1,0,0,0,1,0,0,0,0,0,0,0,0,0,0,1,0,0,0,0,0,0,1,TFX,Krakauer Andrew A,2025-08-05,0.8362292,0.738452
TFX,RANDLE STUART A,2025-08-05,0,0,0,0,0,0,0,0,0,0,0,1,0,0,0,0,0,0,1,0,0,0,1,0,0,0,0,0,0,0,0,0,0,1,0,0,0,0,0,0,1,TFX,RANDLE STUART A,2025-08-05,0.8362292,0.738452
TFX,Ryu Jaewon,2025-08-05,0,0,0,0,0,0,0,0,0,0,0,1,0,0,0,0,0,0,1,0,0,0,1,0,0,0,0,0,0,0,0,0,0,1,0,0,0,0,0,0,1,TFX,Ryu Jaewon,2025-08-05,0.8362292,0.738452
THRY,Slater John,2025-08-25,0,0,0,0,0,0,0,0,0,0,0,1,0,0,0,0,0,1,0,0,0,0,0,0,0,0,0,0,0,1,0,0,0,0,0,0,0,0,0,0,1,THRY,Slater John,2025-08-25,0.7080754,0.23988776
THRY,Walsh Joe,2025-08-01,1,0,0,0,0,0,0,0,0,0,0,0,0,0,1,0,0,1,0,0,0,0,0,0,0,0,0,0,0,1,0,0,0,0,0,0,0,0,0,0,1,THRY,Walsh Joe,2025-08-01,0.482663,0.8381781
TMDX,Hassanein Waleed H,2025-08-06,1,0,0,0,0,0,0,0,0,0,0,0,0,0,1,0,0,0,1,0,0,0,1,0,0,0,0,0,0,0,0,0,0,0,0,1,0,0,0,0,1,TMDX,Hassanein Waleed H,2025-08-06,0.96823096,0.90790117
TMDX,Hassanein Waleed H,2025-08-07,1,0,0,0,0,0,0,0,0,0,0,0,0,0,1,0,0,0,1,0,0,0,1,0,0,0,0,0,0,0,0,0,0,0,0,1,0,0,0,0,1,TMDX,Hassanein Waleed H,2025-08-07,0.96823096,0.90790117
TNL,Brown Michael Dean,2025-08-01,0,0,0,0,0,0,0,0,0,0,0,0,0,0,0,0,0,0,1,0,0,0,0,1,0,0,0,0,0,0,0,0,0,0,0,0,0,0,0,1,1,TNL,Brown Michael Dean,2025-08-01,0.87106496,0.91180074
TPL,HORIZON KINETICS ASSET MANAGEM,2025-08-07,0,0,0,0,0,0,0,0,0,0,1,0,0,0,0,0,0,0,0,1,0,0,0,0,1,0,0,0,0,0,0,0,0,0,0,0,0,0,0,1,0,TPL,HORIZON KINETICS ASSET MANAGEM,2025-08-07,0.28435588,0.043852735
TPL,HORIZON KINETICS ASSET MANAGEM,2025-08-08,0,0,0,0,0,0,0,0,0,0,1,0,0,0,0,0,0,0,0,1,0,0,0,0,1,0,0,0,0,0,0,0,0,0,0,0,0,0,0,1,0,TPL,HORIZON KINETICS ASSET MANAGEM,2025-08-08,0.28435588,0.043852735
TPL,HORIZON KINETICS ASSET MANAGEM,2025-08-11,0,0,0,0,0,0,0,0,0,0,1,0,0,0,0,0,0,0,0,1,0,0,0,0,1,0,0,0,0,0,0,0,0,0,0,0,0,0,0,1,0,TPL,HORIZON KINETICS ASSET MANAGEM,2025-08-11,0.28435588,0.043852735
TPL,HORIZON KINETICS ASSET MANAGEM,2025-08-12,0,0,0,0,0,0,0,0,0,0,1,0,0,0,0,0,0,0,0,1,0,0,0,0,1,0,0,0,0,0,0,0,0,0,0,0,0,0,0,1,0,TPL,HORIZON KINETICS ASSET MANAGEM,2025-08-12,0.28435588,0.043852735
TPL,HORIZON KINETICS ASSET MANAGEM,2025-08-13,0,0,0,0,0,0,0,0,0,0,1,0,0,0,0,0,0,0,0,1,0,0,0,0,1,0,0,0,0,0,0,0,0,0,0,0,0,0,0,1,0,TPL,HORIZON KINETICS ASSET MANAGEM,2025-08-13,0.28435588,0.043852735
TPL,HORIZON KINETICS ASSET MANAGEM,2025-08-14,0,0,0,0,0,0,0,0,0,0,1,0,0,0,0,0,0,0,0,1,0,0,0,0,1,0,0,0,0,0,0,0,0,0,0,0,0,0,0,1,0,TPL,HORIZON KINETICS ASSET MANAGEM,2025-08-14,0.28435588,0.043852735
TPL,HORIZON KINETICS ASSET MANAGEM,2025-08-15,0,0,0,0,0,0,0,0,0,0,1,0,0,0,0,0,0,0,0,1,0,0,0,0,1,0,0,0,0,0,0,0,0,0,0,0,0,0,0,1,0,TPL,HORIZON KINETICS ASSET MANAGEM,2025-08-15,0.28435588,0.043852735
TPL,HORIZON KINETICS ASSET MANAGEM,2025-08-18,0,0,0,0,0,0,0,0,0,0,1,0,0,0,0,0,0,0,0,1,0,0,0,0,1,0,0,0,0,0,0,0,0,0,0,0,0,0,0,1,0,TPL,HORIZON KINETICS ASSET MANAGEM,2025-08-18,0.28435588,0.043852735
TPL,HORIZON KINETICS ASSET MANAGEM,2025-08-19,0,0,0,0,0,0,0,0,0,0,1,0,0,0,0,0,0,0,0,1,0,0,0,0,1,0,0,0,0,0,0,0,0,0,0,0,0,0,0,1,0,TPL,HORIZON KINETICS ASSET MANAGEM,2025-08-19,0.28435588,0.043852735
TPL,HORIZON KINETICS ASSET MANAGEM,2025-08-20,0,0,0,0,0,0,0,0,0,0,1,0,0,0,0,0,0,0,0,1,0,0,0,0,1,0,0,0,0,0,0,0,0,0,0,0,0,0,0,1,0,TPL,HORIZON KINETICS ASSET MANAGEM,2025-08-20,0.28435588,0.043852735
TPL,HORIZON KINETICS ASSET MANAGEM,2025-08-21,0,0,0,0,0,0,0,0,0,0,1,0,0,0,0,0,0,0,0,1,0,0,0,0,1,0,0,0,0,0,0,0,0,0,0,0,0,0,0,1,0,TPL,HORIZON KINETICS ASSET MANAGEM,2025-08-21,0.28435588,0.043852735
TPL,HORIZON KINETICS ASSET MANAGEM,2025-08-22,0,0,0,0,0,0,0,0,0,0,1,0,0,0,0,0,0,0,0,1,0,0,0,0,1,0,0,0,0,0,0,0,0,0,0,0,0,0,0,1,0,TPL,HORIZON KINETICS ASSET MANAGEM,2025-08-22,0.28435588,0.043852735
TPL,HORIZON KINETICS ASSET MANAGEM,2025-08-25,0,0,0,0,0,0,0,0,0,0,1,0,0,0,0,0,0,0,0,1,0,0,0,0,1,0,0,0,0,0,0,0,0,0,0,0,0,0,0,1,0,TPL,HORIZON KINETICS ASSET MANAGEM,2025-08-25,0.28435588,0.043852735
TPL,HORIZON KINETICS ASSET MANAGEM,2025-08-26,0,0,0,0,0,0,0,0,0,0,1,0,0,0,0,0,0,0,0,1,0,0,0,0,1,0,0,0,0,0,0,0,0,0,0,0,0,0,0,1,0,TPL,HORIZON KINETICS ASSET MANAGEM,2025-08-26,0.28435588,0.043852735
TPL,HORIZON KINETICS ASSET MANAGEM,2025-08-27,0,0,0,0,0,0,0,0,0,0,1,0,0,0,0,0,0,0,0,1,0,0,0,0,1,0,0,0,0,0,0,0,0,0,0,0,0,0,0,1,0,TPL,HORIZON KINETICS ASSET MANAGEM,2025-08-27,0.28435588,0.043852735
TPL,HORIZON KINETICS ASSET MANAGEM,2025-08-28,0,0,0,0,0,0,0,0,0,0,1,0,0,0,0,0,0,0,0,1,0,0,0,0,1,0,0,0,0,0,0,0,0,0,0,0,0,0,0,1,0,TPL,HORIZON KINETICS ASSET MANAGEM,2025-08-28,0.28435588,0.043852735
TPL,OLIVER ERIC L,2025-08-14,0,0,0,0,0,0,0,0,0,0,0,1,0,0,0,0,0,0,0,1,0,0,0,0,1,0,0,0,0,0,0,0,0,0,1,0,0,0,0,1,0,TPL,OLIVER ERIC L,2025-08-14,0.14045835,0.20184152
TPL,OLIVER ERIC L,2025-08-15,0,0,0,0,0,0,0,0,0,0,0,1,0,0,0,0,0,0,0,1,0,0,0,0,1,0,0,0,0,0,0,0,0,0,1,0,0,0,0,1,0,TPL,OLIVER ERIC L,2025-08-15,0.14045835,0.20184152
TPL,OLIVER ERIC L,2025-08-21,0,0,0,0,0,0,0,0,0,0,0,1,0,0,0,0,0,0,0,1,0,0,0,0,1,0,0,0,0,0,0,0,0,0,1,0,0,0,0,1,0,TPL,OLIVER ERIC L,2025-08-21,0.14045835,0.20184152
TPVG,Labe James,2025-08-11,1,0,0,0,0,0,0,0,0,0,0,0,0,1,0,0,1,0,0,0,0,0,0,0,0,0,0,0,0,0,0,0,0,0,0,1,0,1,0,1,0,TPVG,Labe James,2025-08-11,0.26836476,0.11842648
TPVG,Labe James,2025-08-12,1,0,0,0,0,0,0,0,0,0,0,0,0,0,1,0,1,0,0,0,0,0,0,0,0,0,0,0,0,0,0,0,0,0,0,1,0,1,0,1,0,TPVG,Labe James,2025-08-12,0.25881138,0.064414375
TPVG,Labe James,2025-08-20,1,0,0,0,0,0,0,0,0,0,0,0,0,1,0,0,1,0,0,0,0,0,0,0,0,0,0,0,0,0,0,0,0,0,0,1,0,1,0,1,0,TPVG,Labe James,2025-08-20,0.26836476,0.11842648
TPVG,Labe James,2025-08-21,1,0,0,0,0,0,0,0,0,0,0,0,0,1,0,0,1,0,0,0,0,0,0,0,0,0,0,0,0,0,0,0,0,0,0,1,0,1,0,1,0,TPVG,Labe James,2025-08-21,0.26836476,0.11842648
TPVG,Labe James,2025-08-22,1,0,0,0,0,0,0,0,0,0,0,0,0,1,0,0,1,0,0,0,0,0,0,0,0,0,0,0,0,0,0,0,0,0,0,1,0,1,0,1,0,TPVG,Labe James,2025-08-22,0.26836476,0.11842648
TPVG,Labe James,2025-08-25,1,0,0,0,0,0,0,0,0,0,0,0,0,1,0,0,1,0,0,0,0,0,0,0,0,0,0,0,0,0,0,0,0,0,0,1,0,1,0,1,0,TPVG,Labe James,2025-08-25,0.26836476,0.11842648
TPVG,Labe James,2025-08-26,1,0,0,0,0,0,0,0,0,0,0,0,0,0,1,0,1,0,0,0,0,0,0,0,0,0,0,0,0,0,0,0,0,0,0,1,0,1,0,1,0,TPVG,Labe James,2025-08-26,0.25881138,0.064414375
TPVG,Labe James,2025-08-27,1,0,0,0,0,0,0,0,0,0,0,0,0,1,0,0,1,0,0,0,0,0,0,0,0,0,0,0,0,0,0,0,0,0,0,1,0,1,0,1,0,TPVG,Labe James,2025-08-27,0.26836476,0.11842648
TPVG,Srivastava Sajal,2025-08-11,0,0,0,0,1,0,0,0,0,0,0,0,0,1,0,0,1,0,0,0,0,0,0,0,0,0,0,0,0,0,0,0,0,0,0,1,0,1,0,1,0,TPVG,Srivastava Sajal,2025-08-11,0.26988026,0.07350412
TPVG,Srivastava Sajal,2025-08-12,0,0,0,0,1,0,0,0,0,0,0,0,0,0,1,0,1,0,0,0,0,0,0,0,0,0,0,0,0,0,0,0,0,0,0,1,0,1,0,1,0,TPVG,Srivastava Sajal,2025-08-12,0.24390261,0.028250528
TPVG,Srivastava Sajal,2025-08-20,0,0,0,0,1,0,0,0,0,0,0,0,0,1,0,0,1,0,0,0,0,0,0,0,0,0,0,0,0,0,0,0,0,0,0,1,0,1,0,1,0,TPVG,Srivastava Sajal,2025-08-20,0.26988026,0.07350412
TPVG,Srivastava Sajal,2025-08-21,0,0,0,0,1,0,0,0,0,0,0,0,0,1,0,0,1,0,0,0,0,0,0,0,0,0,0,0,0,0,0,0,0,0,0,1,0,1,0,1,0,TPVG,Srivastava Sajal,2025-08-21,0.26988026,0.07350412
TPVG,Srivastava Sajal,2025-08-22,0,0,0,0,1,0,0,0,0,0,0,0,0,1,0,0,1,0,0,0,0,0,0,0,0,0,0,0,0,0,0,0,0,0,0,1,0,1,0,1,0,TPVG,Srivastava Sajal,2025-08-22,0.26988026,0.07350412
TPVG,Srivastava Sajal,2025-08-25,0,0,0,0,1,0,0,0,0,0,0,0,0,1,0,0,1,0,0,0,0,0,0,0,0,0,0,0,0,0,0,0,0,0,0,1,0,1,0,1,0,TPVG,Srivastava Sajal,2025-08-25,0.26988026,0.07350412
TPVG,Srivastava Sajal,2025-08-26,0,0,0,0,1,0,0,0,0,0,0,0,0,0,1,0,1,0,0,0,0,0,0,0,0,0,0,0,0,0,0,0,0,0,0,1,0,1,0,1,0,TPVG,Srivastava Sajal,2025-08-26,0.24390261,0.028250528
TPVG,Srivastava Sajal,2025-08-27,0,0,0,0,1,0,0,0,0,0,0,0,0,1,0,0,1,0,0,0,0,0,0,0,0,0,0,0,0,0,0,0,0,0,0,1,0,1,0,1,0,TPVG,Srivastava Sajal,2025-08-27,0.26988026,0.07350412
TRS,Tredwell Daniel P,2025-08-11,0,0,0,0,0,0,0,0,0,0,0,1,0,0,0,0,0,1,0,0,0,0,0,1,0,0,0,0,0,0,0,0,0,0,0,0,0,0,0,0,1,TRS,Tredwell Daniel P,2025-08-11,0.7956817,0.46125263
TTMI,Ali Wajid,2025-08-18,0,0,0,0,0,0,0,0,0,0,0,1,0,0,0,0,0,0,1,0,0,1,0,0,0,0,0,0,0,0,0,0,0,0,0,0,0,0,0,1,1,TTMI,Ali Wajid,2025-08-18,0.95496875,0.91509837
TTMI,Ali Wajid,2025-08-19,0,0,0,0,0,0,0,0,0,0,0,1,0,0,0,0,0,0,1,0,0,1,0,0,0,0,0,0,0,0,0,0,0,0,0,0,0,0,0,1,1,TTMI,Ali Wajid,2025-08-19,0.95496875,0.91509837
TWI,NARANCICH MAX,2025-08-14,0,0,1,0,0,0,0,0,0,0,0,0,0,0,1,0,0,1,0,0,0,0,0,0,0,1,0,0,0,0,0,0,0,0,0,0,0,0,0,0,1,TWI,NARANCICH MAX,2025-08-14,0.785775,0.8642519
UA,Aumen Eric J,2025-08-13,0,0,0,0,0,0,0,0,0,0,0,0,0,0,0,0,0,0,1,0,0,0,0,1,0,0,0,0,0,0,0,0,0,1,0,0,0,0,0,1,0,UA,Aumen Eric J,2025-08-13,0.5427874,0.5126954
UA,El-Erian Mohamed,2025-08-18,0,0,0,0,0,0,0,0,0,0,0,1,0,0,1,0,0,0,1,0,0,0,0,1,0,0,0,0,0,0,0,0,0,1,0,0,0,0,0,0,1,UA,El-Erian Mohamed,2025-08-18,0.8053437,0.5288671
UA,Fitzpatrick Dawn N.,2025-08-13,0,0,0,0,0,0,0,0,0,0,0,1,0,0,1,0,0,0,1,0,0,0,0,1,0,0,0,0,0,0,0,0,0,1,0,0,0,0,0,0,1,UA,Fitzpatrick Dawn N.,2025-08-13,0.8053437,0.5288671
UA,Sweeney Robert John,2025-08-21,0,0,0,0,0,0,0,0,0,0,0,1,0,0,1,0,0,0,1,0,0,0,0,1,0,0,0,0,0,0,0,0,0,0,0,0,0,0,0,0,1,UA,Sweeney Robert John,2025-08-21,0.9573659,0.882503
UAA,Aumen Eric J,2025-08-13,0,0,0,0,0,0,0,0,0,0,0,0,0,0,0,0,0,0,1,0,0,0,0,1,0,0,0,0,0,0,0,0,0,1,0,0,0,0,0,1,0,UAA,Aumen Eric J,2025-08-13,0.5427874,0.5126954
UAA,El-Erian Mohamed,2025-08-18,0,0,0,0,0,0,0,0,0,0,0,1,0,0,1,0,0,0,1,0,0,0,0,1,0,0,0,0,0,0,0,0,0,1,0,0,0,0,0,0,1,UAA,El-Erian Mohamed,2025-08-18,0.8053437,0.5288671
UAA,Fitzpatrick Dawn N.,2025-08-13,0,0,0,0,0,0,0,0,0,0,0,1,0,0,1,0,0,0,1,0,0,0,0,1,0,0,0,0,0,0,0,0,0,1,0,0,0,0,0,0,1,UAA,Fitzpatrick Dawn N.,2025-08-13,0.8053437,0.5288671
UAA,Sweeney Robert John,2025-08-21,0,0,0,0,0,0,0,0,0,0,0,1,0,0,1,0,0,0,1,0,0,0,0,1,0,0,0,0,0,0,0,0,0,0,0,0,0,0,0,0,1,UAA,Sweeney Robert John,2025-08-21,0.9573659,0.882503
UBFO,GILL JAGROOP,2025-08-07,0,0,0,0,0,0,0,0,0,0,0,1,0,1,0,0,1,0,0,0,0,0,0,0,0,0,0,0,0,0,0,0,0,0,0,0,0,0,0,0,1,UBFO,GILL JAGROOP,2025-08-07,0.74852717,0.21991079
UFCS,Martin Eric J,2025-08-11,0,1,0,0,0,0,0,0,0,0,0,0,0,0,0,0,0,1,0,0,0,0,0,0,0,0,0,0,0,0,0,0,0,0,0,0,0,0,0,0,1,UFCS,Martin Eric J,2025-08-11,0.29915747,0.10321346
UPS,TOME CAROL B,2025-08-01,1,0,0,0,0,0,0,0,0,0,0,0,0,0,0,0,0,0,0,1,0,0,0,0,0,1,0,0,0,0,0,0,0,0,0,0,0,0,0,0,1,UPS,TOME CAROL B,2025-08-01,0.35263625,0.35208783
UTI,DEVINCENZI ROBERT THOMAS,2025-08-12,0,0,0,0,0,0,0,0,0,0,0,1,0,0,1,0,0,1,0,0,0,0,0,0,0,0,0,0,0,0,0,0,0,0,0,0,0,0,0,0,1,UTI,DEVINCENZI ROBERT THOMAS,2025-08-12,0.42001262,0.2193412
UVSP,Paquin Natalye,2025-08-04,0,0,0,0,0,0,0,0,0,0,0,1,0,0,0,0,0,1,0,0,0,0,0,0,0,0,0,0,0,0,0,0,0,0,0,0,0,1,0,0,0,UVSP,Paquin Natalye,2025-08-04,0.13733543,0.14466555
VRSK,PERRY CHRISTOPHER JOHN,2025-08-13,0,0,0,0,0,0,0,0,0,0,0,1,0,0,0,0,0,0,0,1,0,0,0,0,0,1,0,0,0,0,0,0,0,0,0,0,0,0,0,0,1,VRSK,PERRY CHRISTOPHER JOHN,2025-08-13,0.5890834,0.21938926
VRTX,Kewalramani Reshma,2025-08-06,1,0,0,0,0,0,0,0,0,0,0,0,0,0,0,0,0,0,0,1,0,0,1,0,0,0,0,0,0,0,0,0,0,0,0,0,0,0,0,1,1,VRTX,Kewalramani Reshma,2025-08-06,0.7450478,0.62592816
VRTX,SACHS BRUCE I,2025-08-06,0,0,0,0,0,0,0,0,0,0,0,1,0,0,0,0,0,0,0,1,0,0,1,0,0,0,0,0,0,0,0,0,0,0,0,0,0,0,0,1,1,VRTX,SACHS BRUCE I,2025-08-06,0.7361518,0.2870384
VTRS,Smith Scott Andrew,2025-08-12,1,0,0,0,0,0,0,0,0,0,0,0,0,0,0,0,0,0,0,1,0,0,1,0,0,0,0,0,0,0,0,0,0,0,0,0,0,0,0,0,1,VTRS,Smith Scott Andrew,2025-08-12,0.72771525,0.67186034
VVV,WILLIS J KEVIN,2025-08-14,0,1,0,0,0,0,0,0,0,0,0,0,0,0,1,0,0,0,1,0,0,0,0,1,0,0,0,0,0,0,0,0,0,0,0,0,0,0,0,0,1,VVV,WILLIS J KEVIN,2025-08-14,0.88189805,0.7637933
WASH,DiMuccio Robert A,2025-08-25,0,0,0,0,0,0,0,0,0,0,0,1,0,0,1,0,0,1,0,0,0,0,0,0,0,0,0,0,0,0,0,0,0,0,0,0,0,1,0,0,0,WASH,DiMuccio Robert A,2025-08-25,0.11346857,0.21108145
WASH,Ohsberg Ronald S.,2025-08-05,0,1,0,0,0,0,0,0,0,0,0,0,0,0,1,0,0,1,0,0,0,0,0,0,0,0,0,0,0,0,0,0,0,0,0,0,0,1,0,0,0,WASH,Ohsberg Ronald S.,2025-08-05,0.07809972,0.0716831
WBD,LEVY ANTON J,2025-08-11,0,0,0,0,0,0,0,0,0,0,0,1,0,0,0,0,0,0,0,1,0,0,0,0,0,0,0,0,0,1,0,0,0,0,0,0,0,0,0,0,1,WBD,LEVY ANTON J,2025-08-11,0.317939,0.046652555
WBD,LEVY ANTON J,2025-08-12,0,0,0,0,0,0,0,0,0,0,0,1,0,0,0,0,0,0,0,1,0,0,0,0,0,0,0,0,0,1,0,0,0,0,0,0,0,0,0,0,1,WBD,LEVY ANTON J,2025-08-12,0.317939,0.046652555
WINA,SPRENGER GINA DECARO,2025-08-13,0,0,0,0,0,0,0,0,0,0,0,1,0,0,0,0,0,1,0,0,0,0,0,1,0,0,0,0,0,0,0,0,0,0,0,0,0,0,0,1,0,WINA,SPRENGER GINA DECARO,2025-08-13,0.8549694,0.51558656
WSC,Soultz Bradley Lee,2025-08-05,1,0,0,0,0,0,0,0,0,0,0,0,0,0,0,0,0,0,1,0,0,0,0,0,0,1,0,0,0,0,0,0,0,0,0,0,0,0,0,1,1,WSC,Soultz Bradley Lee,2025-08-05,0.8494596,0.8528435
WU,Cagwin Matthew,2025-08-18,0,1,0,0,0,0,0,0,0,0,0,0,0,0,0,0,0,0,1,0,0,0,0,0,0,0,0,0,0,0,0,0,0,0,0,0,0,0,0,0,1,WU,Cagwin Matthew,2025-08-18,0.52687985,0.2626547
WU,McGranahan Devin,2025-08-21,1,0,0,0,0,0,0,0,0,0,0,0,0,0,1,0,0,0,1,0,0,0,0,0,0,0,0,0,0,0,0,0,0,0,0,0,0,0,0,0,1,WU,McGranahan Devin,2025-08-21,0.73980737,0.56350756
WY,Lewis Sara Grootwassink,2025-08-11,0,0,0,0,0,0,0,0,0,0,0,1,0,0,0,0,0,0,0,1,0,0,0,0,0,0,0,1,0,0,0,0,0,0,0,0,0,0,0,1,0,WY,Lewis Sara Grootwassink,2025-08-11,0.51158494,0.105788656
XRX,Gecaj Mirlanda,2025-08-01,0,1,0,0,0,0,0,0,0,0,0,0,0,0,0,0,0,1,0,0,0,1,0,0,0,0,0,0,0,0,0,0,0,0,0,0,0,0,0,0,1,XRX,Gecaj Mirlanda,2025-08-01,0.56571805,0.70685387
ZVRA,Bode John B,2025-08-19,0,0,0,0,0,0,0,0,0,0,0,1,0,0,0,0,0,1,0,0,0,0,1,0,0,0,0,0,0,0,0,0,0,0,0,0,0,0,0,0,1,ZVRA,Bode John B,2025-08-19,0.8903533,0.6832072
