ticker,insider_name,relationship,transaction_date,transaction_type,price,shares,value,shares_total,sec_form4
DGICA,DONEGAL MUTUAL INSURANCE CO,10% Owner,2025-08-27,Buy,17.49,15509,"271,325","13,472,945",http://www.sec.gov/Archives/edgar/data/800457/000093559625000004/xslF345X05/wk-form4_1756387367.xml
DGICA,DONEGAL MUTUAL INSURANCE CO,10% Owner,2025-08-26,Buy,17.45,15815,"275,951","13,457,436",http://www.sec.gov/Archives/edgar/data/800457/000093559625000004/xslF345X05/wk-form4_1756387367.xml
WLKP,Gilson Jean-Marc,President and CEO,2025-08-21,Buy,22.02,1250,"27,530","11,708",http://www.sec.gov/Archives/edgar/data/1604665/000203003725000006/xslF345X05/ownership.xml
WLKP,Gilson Jean-Marc,President and CEO,2025-08-20,Buy,21.86,1250,"27,329","10,458",http://www.sec.gov/Archives/edgar/data/1604665/000203003725000006/xslF345X05/ownership.xml
WLKP,Gilson Jean-Marc,President and CEO,2025-08-15,Buy,21.84,4700,"102,653","9,208",http://www.sec.gov/Archives/edgar/data/1604665/000203003725000006/xslF345X05/ownership.xml
WLKP,Gilson Jean-Marc,President and CEO,2025-05-29,Buy,22.2,94,"2,081","4,508",http://www.sec.gov/Archives/edgar/data/1604665/000203003725000006/xslF345X05/ownership.xml
WLKP,Gilson Jean-Marc,President and CEO,2025-02-25,Buy,24.75,83,"2,042","4,414",http://www.sec.gov/Archives/edgar/data/1604665/000203003725000006/xslF345X05/ownership.xml
WLKP,Gilson Jean-Marc,President and CEO,2025-11-27,Buy,23.57,85,"2,002","4,332",http://www.sec.gov/Archives/edgar/data/1604665/000203003725000006/xslF345X05/ownership.xml
IRIX,Dizon Romeo R,Chief Financial Officer,2025-08-27,Buy,1.28,1000,"1,283","50,745",http://www.sec.gov/Archives/edgar/data/1006045/000095017025111774/xslF345X05/ownership.xml
RCKT,Bjork Elisabeth,Director,2025-08-27,Buy,3.41,10000,"34,100","40,000",http://www.sec.gov/Archives/edgar/data/1281895/000114036125033017/xslF345X05/form4.xml
MDBH,MARLETT CHRISTOPHER A,Co-Founder,2025-08-27,Buy,3.4,1288,"4,379","150,713",http://www.sec.gov/Archives/edgar/data/897744/000164117225025741/xslF345X05/ownership.xml
MDBH,MARLETT CHRISTOPHER A,Co-Founder,2025-08-26,Buy,3.35,1414,"4,737","149,425",http://www.sec.gov/Archives/edgar/data/897744/000164117225025741/xslF345X05/ownership.xml
MDBH,MARLETT CHRISTOPHER A,Co-Founder,2025-08-25,Buy,3.31,1232,"4,078","148,011",http://www.sec.gov/Archives/edgar/data/897744/000164117225025741/xslF345X05/ownership.xml
ICUI,Greenberg David C.,Director,2025-08-27,Buy,126.42,1200,"151,698","7,960",http://www.sec.gov/Archives/edgar/data/883984/000164586625000003/xslF345X05/edgardoc.xml
PRSU,Bright Jill,Director,2025-08-26,Buy,36.77,1000,"36,770","6,311",http://www.sec.gov/Archives/edgar/data/884219/000141588925023169/xslF345X05/form4-08272025_090812.xml
CCEL,PORTNOY DAVID,"Chairman, Co-CEO",2025-08-27,Buy,4.43,14078,"62,349","247,757",http://www.sec.gov/Archives/edgar/data/862692/000095017025111745/xslF345X05/ownership.xml
CCEL,PORTNOY DAVID,"Chairman, Co-CEO",2025-08-26,Buy,4.44,11101,"49,288","156,322",http://www.sec.gov/Archives/edgar/data/862692/000095017025111745/xslF345X05/ownership.xml
CCEL,PORTNOY DAVID,"Chairman, Co-CEO",2025-08-25,Buy,4.61,14000,"64,560","241,539",http://www.sec.gov/Archives/edgar/data/862692/000095017025111745/xslF345X05/ownership.xml
D,BLUE ROBERT M,"Chair, President and CEO",2025-08-27,Buy,60.35,4152,"250,557","161,237",http://www.sec.gov/Archives/edgar/data/715957/000122520825007493/xslF345X05/doc4.xml
MLP,CASE STEPHEN M,Director,2025-08-26,Buy,16.99,200,"3,398","11,934,145",http://www.sec.gov/Archives/edgar/data/63330/000141588925023124/xslF345X05/form4-08272025_040801.xml
MLP,CASE STEPHEN M,Director,2025-08-25,Buy,16.99,2500,"42,475","11,933,945",http://www.sec.gov/Archives/edgar/data/63330/000141588925023124/xslF345X05/form4-08272025_040801.xml
REYN,Hawkesby Duncan,Director,2025-08-26,Buy,22.99,159506,"3,667,497","334,092",http://www.sec.gov/Archives/edgar/data/1786431/000162828025041219/xslF345X05/wk-form4_1756326808.xml
DRIO,Nelson Steven Charles,President and CCO,2025-08-27,Buy,0.53,40000,"21,200","95,000",http://www.sec.gov/Archives/edgar/data/1533998/000110465925084035/xslF345X05/tm2524544-1_4seq1.xml
GPUS,AULT MILTON C III,Executive Chairman,2025-08-22,Buy,0.57,100,57,"2,450",http://www.sec.gov/Archives/edgar/data/896493/000121465925012909/xslF345X05/marketforms-70439.xml
FEAM,Ascend Global Investment Fund,Director,2025-08-25,Buy,3.5,100000,"350,000","7,830,646",http://www.sec.gov/Archives/edgar/data/1888654/000164117225025705/xslF345X05/ownership.xml
FEAM,BEP Special Situations IV LLC,Director,2025-08-25,Buy,3.5,100000,"350,000","7,597,349",http://www.sec.gov/Archives/edgar/data/1888654/000164117225025704/xslF345X05/ownership.xml
DLHC,Mink Brook Asset Management LL,10% Owner,2025-08-27,Buy,5.5,22,121,"1,838,672",http://www.sec.gov/Archives/edgar/data/785557/000078555725000094/xslF345X05/wk-form4_1756326469.xml
DLHC,Mink Brook Asset Management LL,10% Owner,2025-08-26,Buy,5.5,837,"4,604","1,838,650",http://www.sec.gov/Archives/edgar/data/785557/000078555725000094/xslF345X05/wk-form4_1756326469.xml
DLHC,Mink Brook Asset Management LL,10% Owner,2025-08-25,Buy,5.5,336,"1,848","1,837,813",http://www.sec.gov/Archives/edgar/data/785557/000078555725000094/xslF345X05/wk-form4_1756326469.xml
HSON,Coleman Richard Kenneth Jr.,Chief Operating Officer,2025-08-27,Buy,9.18,2500,"22,950","7,500",http://www.sec.gov/Archives/edgar/data/1210708/000121070825000077/xslF345X05/wk-form4_1756325929.xml
HSON,Coleman Richard Kenneth Jr.,Chief Operating Officer,2025-08-26,Buy,9.07,4313,"39,132","11,986",http://www.sec.gov/Archives/edgar/data/1210708/000121070825000077/xslF345X05/wk-form4_1756325929.xml
DLPN,O'Dowd William IV,Chief Executive Officer,2025-08-25,Buy,1.13,4400,"4,954","358,124",http://www.sec.gov/Archives/edgar/data/1282224/000107997325001389/xslF345X05/ownership.xml
PROP,Frommer Richard N.,Director,2025-08-25,Buy,2.44,3000,"7,326","128,372",http://www.sec.gov/Archives/edgar/data/1162896/000114036125032956/xslF345X05/form4.xml
FGBI,WALKER ROBERT W,Director,2025-08-25,Buy,7.84,4700,"36,848","23,632",http://www.sec.gov/Archives/edgar/data/1157292/000143774925027859/xslF345X05/rdgdoc.xml
SCWO,Estes Deanna Rene,Director,2025-08-26,Buy,0.29,30000,"8,706","106,500",http://www.sec.gov/Archives/edgar/data/933972/000165495425010095/xslF345X05/section16.xml
STRW,Gubin Moishe,CEO,2025-08-25,Buy,11.77,200,"2,354","823,648",http://www.sec.gov/Archives/edgar/data/1550934/000164117225025690/xslF345X05/ownership.xml
MDRR,KAVANAUGH FRANK,"CHAIRMAN, CEO & PRESIDENT",2025-08-27,Buy,12.43,5000,"62,150","35,121",http://www.sec.gov/Archives/edgar/data/1271775/000141588925023114/xslF345X05/form4-08272025_040801.xml
MDRR,KAVANAUGH FRANK,"CHAIRMAN, CEO & PRESIDENT",2025-08-26,Buy,12.43,3482,"43,281","30,121",http://www.sec.gov/Archives/edgar/data/1271775/000141588925023114/xslF345X05/form4-08272025_040801.xml
LKQ,CLARKE ANDREW C,Director,2025-08-27,Buy,31.95,5000,"159,773","21,172",http://www.sec.gov/Archives/edgar/data/1065696/000121465925012893/xslF345X05/marketforms-70448.xml
LKQ,Jude Justin L,President and CEO,2025-08-27,Buy,31.5,5669,"178,574","286,446",http://www.sec.gov/Archives/edgar/data/1065696/000121465925012892/xslF345X05/marketforms-70438.xml
AVBC,Cozzone Robert D,President & CEO,2025-08-26,Buy,15.08,6631,"99,999","27,088",http://www.sec.gov/Archives/edgar/data/1586267/000143774925027846/xslF345X05/rdgdoc.xml
WASH,DiMuccio Robert A,Director,2025-08-25,Buy,29.69,3000,"89,070","23,346",http://www.sec.gov/Archives/edgar/data/737468/000073746825000044/xslF345X05/primary_01.xml
PSIX,Li Xun,CFO,2025-08-25,Buy,92.82,300,"27,846",521,http://www.sec.gov/Archives/edgar/data/1137091/000095017025111647/xslF345X05/ownership.xml
THRY,Slater John,Director,2025-08-25,Buy,13.69,1000,"13,690","32,870",http://www.sec.gov/Archives/edgar/data/1482013/000162828025041210/xslF345X05/wk-form4_1756313160.xml
TPL,HORIZON KINETICS ASSET MANAGEM,10% Owner,2025-08-26,Buy,897.55,1,898,"1,163,983",http://www.sec.gov/Archives/edgar/data/1056823/000143774925027815/xslF345X05/rdgdoc.xml
IRIX,Dizon Romeo R,Chief Financial Officer,2025-08-26,Buy,1.26,1000,"1,258","49,745",http://www.sec.gov/Archives/edgar/data/1006045/000095017025111630/xslF345X05/ownership.xml
AVBC,Nelson Jonathan Michael,CFO and Treasurer,2025-08-26,Buy,15.08,6631,"99,999","16,554",http://www.sec.gov/Archives/edgar/data/2058758/000143774925027809/xslF345X05/rdgdoc.xml
AMRZ,Brouwer Roald,Chief Technology Officer,2025-08-27,Buy,51.88,2000,"103,760","5,000",http://www.sec.gov/Archives/edgar/data/2035989/000203598925000027/xslF345X05/primary_doc.xml
RCG,STAHL MURRAY,President/Co-Portfolio Manager,2025-08-26,Buy,2.65,774,"2,051","322,582",http://www.sec.gov/Archives/edgar/data/919567/000143774925027808/xslF345X05/rdgdoc.xml
RCG,STAHL MURRAY,President/Co-Portfolio Manager,2025-08-26,Buy,2.65,356,943,"105,666",http://www.sec.gov/Archives/edgar/data/919567/000143774925027808/xslF345X05/rdgdoc.xml
NRGV,Fariello Theresa M,Director,2025-08-26,Buy,1.71,5000,"8,525","158,950",http://www.sec.gov/Archives/edgar/data/1828536/000182853625000123/xslF345X05/wk-form4_1756305980.xml
RVT,CLARK CHRISTOPHER D,President,2025-08-26,Buy,15.99,1300,"20,787","40,622",http://www.sec.gov/Archives/edgar/data/804116/000090630425000191/xslF345X05/form4.xml
RGT,CLARK CHRISTOPHER D,President,2025-08-26,Buy,12.69,1600,"20,304","50,638",http://www.sec.gov/Archives/edgar/data/1514490/000090630425000190/xslF345X05/form4.xml
RMT,CLARK CHRISTOPHER D,President,2025-08-26,Buy,10.16,2100,"21,336","59,721",http://www.sec.gov/Archives/edgar/data/912147/000090630425000189/xslF345X05/form4.xml
BFLY,Cashman Steve,Chief Business Officer,2025-08-25,Buy,1.64,50000,"81,953","2,324,474",http://www.sec.gov/Archives/edgar/data/1804176/000106299325014953/xslF345X05/form4.xml
GMGI,Christensen Richard,CFO,2025-08-26,Buy,1.3,25000,"32,500","75,000",http://www.sec.gov/Archives/edgar/data/1437925/000147793225006300/xslF345X05/form4.xml
SINT,MOYES JAY M,Director,2025-08-26,Buy,3.59,3000,"10,756","3,000",http://www.sec.gov/Archives/edgar/data/1191062/000149315225012367/xslF345X05/ownership.xml
SINT,Honigblum Gregg R.,Chief Investment Officer,2025-08-26,Buy,3.7,50000,"185,000","64,000",http://www.sec.gov/Archives/edgar/data/1269026/000149315225012366/xslF345X05/ownership.xml
STSS,Monroe Jason L.,Director,2025-08-22,Buy,6.41,80000,"512,800","80,000",http://www.sec.gov/Archives/edgar/data/1737995/000164117225025605/xslF345X05/ownership.xml
STSS,Crescenzo Andrew R.,Chief Financial Officer,2025-08-22,Buy,6.41,40000,"256,400","40,000",http://www.sec.gov/Archives/edgar/data/1363902/000164117225025603/xslF345X05/ownership.xml
STSS,Hayes Robert Michael,Director,2025-08-22,Buy,6.41,100000,"641,000","100,000",http://www.sec.gov/Archives/edgar/data/1737995/000164117225025607/xslF345X05/ownership.xml
STSS,Christiansen Soren Bo,Director,2025-08-22,Buy,6.41,80000,"512,800","80,000",http://www.sec.gov/Archives/edgar/data/1737995/000164117225025608/xslF345X05/ownership.xml
STSS,Simpson Brenda Baird,Director,2025-08-22,Buy,6.41,20000,"128,200","20,000",http://www.sec.gov/Archives/edgar/data/1737995/000164117225025604/xslF345X05/ownership.xml
STSS,DANNER PAUL K,Director,2025-08-22,Buy,6.41,400000,"2,564,000","400,000",http://www.sec.gov/Archives/edgar/data/1179803/000164117225025606/xslF345X05/ownership.xml
LAB,"Casdin Partners Master Fund, L",Director,2025-08-26,Buy,1.26,125000,"157,938","60,275,000",http://www.sec.gov/Archives/edgar/data/1162194/000091957425005152/xslF345X05/ownership.xml
LAB,"Casdin Partners Master Fund, L",Director,2025-08-25,Buy,1.24,200000,"248,180","60,150,000",http://www.sec.gov/Archives/edgar/data/1162194/000091957425005152/xslF345X05/ownership.xml
LAB,"Casdin Partners Master Fund, L",Director,2025-08-22,Buy,1.26,200000,"252,680","59,950,000",http://www.sec.gov/Archives/edgar/data/1162194/000091957425005152/xslF345X05/ownership.xml
TPVG,Srivastava Sajal,President and CIO,2025-08-25,Buy,6.48,80000,"518,248","297,657",http://www.sec.gov/Archives/edgar/data/1580345/000159498625000006/xslF345X05/wk-form4_1756252900.xml
TPVG,Srivastava Sajal,President and CIO,2025-08-22,Buy,6.44,42003,"270,415","217,657",http://www.sec.gov/Archives/edgar/data/1580345/000159498625000006/xslF345X05/wk-form4_1756252900.xml
TPVG,Labe James,Chief Executive Officer,2025-08-25,Buy,6.48,80000,"518,248","297,657",http://www.sec.gov/Archives/edgar/data/1580345/000159498325000006/xslF345X05/wk-form4_1756252779.xml
TPVG,Labe James,Chief Executive Officer,2025-08-22,Buy,6.44,42003,"270,415","217,657",http://www.sec.gov/Archives/edgar/data/1580345/000159498325000006/xslF345X05/wk-form4_1756252779.xml
SST,CEE Holdings Trust,10% Owner,2025-08-22,Buy,7.32,11015,"80,630","919,555",http://www.sec.gov/Archives/edgar/data/1805833/000201259025000006/xslF345X05/wk-form4_1756252606.xml
REZI,"CD&R Channel Holdings II, L.P.",10% Owner,2025-08-25,Buy,33.95,12327,"418,526","12,862,161",http://www.sec.gov/Archives/edgar/data/1740332/000110465925083183/xslF345X05/tm2524350-1_4seq1.xml
REZI,"CD&R Channel Holdings II, L.P.",10% Owner,2025-08-22,Buy,33.41,34626,"1,156,814","12,849,834",http://www.sec.gov/Archives/edgar/data/1740332/000110465925083183/xslF345X05/tm2524350-1_4seq1.xml
COTY,Srinivasan Priya,Chief People & Purpose Officer,2025-08-22,Buy,3.84,30000,"115,200","37,509",http://www.sec.gov/Archives/edgar/data/1024305/000102430525000035/xslF345X05/wk-form4_1756248798.xml
COTY,Nabi Sue,Chief Executive Officer,2025-08-22,Buy,3.92,260000,"1,018,160","32,127,286",http://www.sec.gov/Archives/edgar/data/1024305/000102430525000033/xslF345X05/wk-form4_1756248587.xml
HTH,SOBEL JONATHAN S,Hilltop Securities Chairman,2025-08-26,Buy,35.21,10000,"352,100","117,429",http://www.sec.gov/Archives/edgar/data/1086618/000156218025006017/xslF345X05/primarydocument.xml
HTH,SOBEL JONATHAN S,Hilltop Securities Chairman,2025-08-25,Buy,34.75,10000,"347,500","107,429",http://www.sec.gov/Archives/edgar/data/1086618/000156218025006017/xslF345X05/primarydocument.xml
HTH,SOBEL JONATHAN S,Hilltop Securities Chairman,2025-08-22,Buy,34.57,10000,"345,700","97,429",http://www.sec.gov/Archives/edgar/data/1086618/000156218025006017/xslF345X05/primarydocument.xml
AFCG,Neville Daniel,Chief Executive Officer,2025-08-25,Buy,4.04,10000,"40,400","197,261",http://www.sec.gov/Archives/edgar/data/1822523/000199895225000011/xslF345X05/wk-form4_1756246634.xml
AFCG,Tannenbaum Robyn,President and CIO,2025-08-25,Buy,4.13,4000,"16,520","127,667",http://www.sec.gov/Archives/edgar/data/1822523/000184269425000008/xslF345X05/wk-form4_1756246558.xml
AFCG,Tannenbaum Robyn,President and CIO,2025-08-22,Buy,4.1,2000,"8,200","123,667",http://www.sec.gov/Archives/edgar/data/1822523/000184269425000008/xslF345X05/wk-form4_1756246558.xml
AFCG,TANNENBAUM LEONARD M,Director,2025-08-26,Buy,4.17,97168,"405,191","4,335,023",http://www.sec.gov/Archives/edgar/data/1200461/000120046125000043/xslF345X05/wk-form4_1756246499.xml
AFCG,TANNENBAUM LEONARD M,Director,2025-08-25,Buy,4.08,61862,"252,397","4,237,855",http://www.sec.gov/Archives/edgar/data/1200461/000120046125000043/xslF345X05/wk-form4_1756246499.xml
AFCG,TANNENBAUM LEONARD M,Director,2025-08-22,Buy,4.03,216117,"870,952","4,175,993",http://www.sec.gov/Archives/edgar/data/1200461/000120046125000043/xslF345X05/wk-form4_1756246499.xml
SUNS,TANNENBAUM LEONARD M,Executive Chairman,2025-08-26,Buy,10.79,10000,"107,900","2,923,226",http://www.sec.gov/Archives/edgar/data/1200461/000120046125000042/xslF345X05/wk-form4_1756246404.xml
SUNS,TANNENBAUM LEONARD M,Executive Chairman,2025-08-22,Buy,11.0,20200,"222,200","2,913,226",http://www.sec.gov/Archives/edgar/data/1200461/000120046125000042/xslF345X05/wk-form4_1756246404.xml
PODC,MERRIMAN D JONATHAN,Director,2025-08-22,Buy,1.49,11100,"16,539","232,379",http://www.sec.gov/Archives/edgar/data/1022711/000121390025080860/xslF345X05/ownership.xml
FUSB,Pierce Staci,Director,2025-08-26,Buy,11.66,1500,"17,485","6,100",http://www.sec.gov/Archives/edgar/data/717806/000095017025111501/xslF345X05/ownership.xml
FFAI,Wang Jiawei,Global President,2025-08-25,Buy,2.33,10560,"24,593","10,563",http://www.sec.gov/Archives/edgar/data/1805521/000162828025041179/xslF345X05/wk-form4_1756244948.xml
FFAI,Jia Yueting,Global Co-CEO,2025-08-25,Buy,2.35,83775,"196,871","352,238",http://www.sec.gov/Archives/edgar/data/1805521/000162828025041175/xslF345X05/wk-form4_1756243755.xml
CCAP,Barrios Raymond,Managing Director,2025-08-25,Buy,15.63,3245,"50,713","19,177",http://www.sec.gov/Archives/edgar/data/1633336/000095017025111489/xslF345X05/ownership.xml
GMRE,Cypher Matthew,Director,2025-08-26,Buy,7.38,1350,"9,960","1,350",http://www.sec.gov/Archives/edgar/data/1533615/000110465925083143/xslF345X05/tm2524427-1_4seq1.xml
TEAD,Krindel Yaffa,Director,2025-08-26,Buy,1.87,2500,"4,675","99,777",http://www.sec.gov/Archives/edgar/data/1454938/000192140425000010/xslF345X05/wk-form4_1756242215.xml
TEAD,Krindel Yaffa,Director,2025-08-25,Buy,1.88,2500,"4,700","97,277",http://www.sec.gov/Archives/edgar/data/1454938/000192140425000010/xslF345X05/wk-form4_1756242215.xml
SHEN,"ECP Fiber Holdings GP, LLC",10% Owner,2025-08-25,Buy,13.1,1500,"19,648","3,343,622",http://www.sec.gov/Archives/edgar/data/354963/000164117225025551/xslF345X05/ownership.xml
SHEN,"ECP Fiber Holdings GP, LLC",10% Owner,2025-08-22,Buy,13.09,4000,"52,360","3,342,122",http://www.sec.gov/Archives/edgar/data/354963/000164117225025551/xslF345X05/ownership.xml
SHEN,"ECP ControlCo, LLC",10% Owner,2025-08-25,Buy,13.1,1500,"19,648","3,343,622",http://www.sec.gov/Archives/edgar/data/354963/000164117225025549/xslF345X05/ownership.xml
SHEN,"ECP ControlCo, LLC",10% Owner,2025-08-22,Buy,13.09,4000,"52,360","3,342,122",http://www.sec.gov/Archives/edgar/data/354963/000164117225025549/xslF345X05/ownership.xml
SQFT,Heilbron Jack Kendrick,Chief Executive Officer,2025-08-22,Buy,4.89,1200,"5,868","99,886",http://www.sec.gov/Archives/edgar/data/1080657/000143774925027772/xslF345X05/rdgdoc.xml
UPS,Shi Christiana Smith,Director,2025-08-22,Buy,88.17,500,"44,084",500,http://www.sec.gov/Archives/edgar/data/1090727/000122520825007480/xslF345X05/doc4.xml
RCEL,O'Toole David D,CFO,2025-08-26,Buy,4.52,2000,"9,040","31,657",http://www.sec.gov/Archives/edgar/data/1491140/000095017025111467/xslF345X05/ownership.xml
SELF,BURKE RUSSELL E III,Director,2025-08-25,Buy,5.25,105,551,"35,100",http://www.sec.gov/Archives/edgar/data/1031235/000103123525000021/xslF345X05/primary_doc.xml
DPG,Grumhaus David D Jr.,President and CEO,2025-08-25,Buy,12.77,1200,"15,324","11,612",http://www.sec.gov/Archives/edgar/data/1515671/000121390025080772/xslF345X05/marketforms-70397.xml
DTF,Grumhaus David D Jr.,President and CEO,2025-08-25,Buy,11.34,1400,"15,876","6,652",http://www.sec.gov/Archives/edgar/data/879535/000121390025080769/xslF345X05/marketforms-70395.xml
MX,Park Shin Young,See Remarks,2025-08-25,Buy,2.87,10000,"28,680","251,786",http://www.sec.gov/Archives/edgar/data/1325702/000095017025111459/xslF345X05/ownership.xml
MX,MARTINO CAMILLO,See Remarks,2025-08-22,Buy,2.84,30000,"85,290","259,127",http://www.sec.gov/Archives/edgar/data/1256187/000095017025111458/xslF345X05/ownership.xml
SELF,WINMILL & CO. INC,"See ""Explanation of Responses""",2025-08-26,Buy,5.26,7788,"40,973","58,456",http://www.sec.gov/Archives/edgar/data/52234/000103123525000020/xslF345X05/primary_doc.xml
SELF,WINMILL & CO. INC,"See ""Explanation of Responses""",2025-08-25,Buy,5.22,7823,"40,834","50,668",http://www.sec.gov/Archives/edgar/data/52234/000103123525000020/xslF345X05/primary_doc.xml
TSQ,KAPLAN STEPHEN A,Director,2025-08-22,Buy,6.92,10000,"69,200","208,618",http://www.sec.gov/Archives/edgar/data/1142409/000114240925000006/xslF345X05/wk-form4_1756239169.xml
SCWO,Pawloski James,Director,2025-08-25,Buy,0.26,193300,"50,819","193,300",http://www.sec.gov/Archives/edgar/data/933972/000165495425010054/xslF345X05/section16.xml
EBC,SHEAHAN DENIS K,Chief Executive Officer,2025-08-25,Buy,16.71,29762,"497,323","29,762",http://www.sec.gov/Archives/edgar/data/1207221/000119312525188694/xslF345X05/ownership.xml
EBC,Rivers Robert Francis,Executive Chair,2025-08-25,Buy,16.71,44642,"745,968","353,274",http://www.sec.gov/Archives/edgar/data/1810546/000119312525188682/xslF345X05/ownership.xml
DRRX,ASEN R SCOTT,10% Owner,2025-08-22,Buy,1.92,5917,"11,357","2,672,529",http://www.sec.gov/Archives/edgar/data/904589/000164117225025520/xslF345X05/ownership.xml
AEBI,Schenkirsch Thomas,Chief Group Services,2025-08-26,Buy,11.77,3500,"41,195","98,030",http://www.sec.gov/Archives/edgar/data/2048519/000121465925012741/xslF345X05/marketforms-70410.xml
RVSB,Sherman Nicole,President/CEO,2025-08-26,Buy,5.04,1475,"7,434","161,991",http://www.sec.gov/Archives/edgar/data/1041368/000141588925022996/xslF345X05/form4-08262025_070836.xml
TPL,HORIZON KINETICS ASSET MANAGEM,10% Owner,2025-08-25,Buy,908.19,1,908,"1,163,982",http://www.sec.gov/Archives/edgar/data/1056823/000143774925027745/xslF345X05/rdgdoc.xml
RCG,STAHL MURRAY,President/Co-Portfolio Manager,2025-08-25,Buy,2.63,774,"2,036","322,286",http://www.sec.gov/Archives/edgar/data/919567/000143774925027744/xslF345X05/rdgdoc.xml
RCG,STAHL MURRAY,President/Co-Portfolio Manager,2025-08-25,Buy,2.63,356,936,"105,310",http://www.sec.gov/Archives/edgar/data/919567/000143774925027744/xslF345X05/rdgdoc.xml
BOTJ,BRYANT WILLIAM C III,Director,2025-08-25,Buy,15.43,2525,"38,961","75,618",http://www.sec.gov/Archives/edgar/data/1275101/000143774925027740/xslF345X05/rdgdoc.xml
ES,Keane Loretta D.,Trustee,2025-08-22,Buy,66.07,3780,"249,739","12,033",http://www.sec.gov/Archives/edgar/data/72741/000007274125000048/xslF345X05/form4.xml
IRIX,Dizon Romeo R,Chief Financial Officer,2025-08-25,Buy,1.25,1000,"1,245","48,745",http://www.sec.gov/Archives/edgar/data/1006045/000095017025111335/xslF345X05/ownership.xml
AVBC,Jensen Barry H,EVP and Chief Admin Officer,2025-08-22,Buy,14.95,2500,"37,362","17,500",http://www.sec.gov/Archives/edgar/data/1471290/000143774925027734/xslF345X05/rdgdoc.xml
GIFT,Handy Steve,CFO,2025-08-22,Buy,1.06,3136,"3,324","240,000",http://www.sec.gov/Archives/edgar/data/1453723/000164117225025488/xslF345X05/ownership.xml
WVVI,TUREL STANLEY G,Director,2025-08-25,Buy,4.35,250,"1,088","18,427",http://www.sec.gov/Archives/edgar/data/838875/000119983525000293/xslF345X05/ownership.xml
WVVI,TUREL STANLEY G,Director,2025-08-22,Buy,4.1,1000,"4,100","18,177",http://www.sec.gov/Archives/edgar/data/838875/000119983525000293/xslF345X05/ownership.xml
GF,"Saba Capital Management, L.P.",10% Owner,2025-08-25,Buy,11.67,5927,"69,168","1,954,112",http://www.sec.gov/Archives/edgar/data/858706/000151028125000433/xslF345X05/primary_doc.xml
GRX,"Saba Capital Management, L.P.",10% Owner,2025-08-25,Buy,9.48,11330,"107,408","2,037,156",http://www.sec.gov/Archives/edgar/data/1391437/000151028125000432/xslF345X05/primary_doc.xml
ASA,"Saba Capital Management, L.P.",10% Owner,2025-08-25,Buy,36.51,7520,"274,555","4,085,154",http://www.sec.gov/Archives/edgar/data/1230869/000151028125000431/xslF345X05/primary_doc.xml
MYO,KIRK THOMAS F,Director,2025-08-25,Buy,1.15,50000,"57,500","474,420",http://www.sec.gov/Archives/edgar/data/1258258/000125825825000004/xslF345X05/ownership.xml
RNXT,Bagai Shaun,Chief Executive Officer,2025-08-25,Buy,0.91,5000,"4,549","330,040",http://www.sec.gov/Archives/edgar/data/1574094/000164117225025459/xslF345X05/ownership.xml
RNXT,Bagai Shaun,Chief Executive Officer,2025-08-22,Buy,0.95,5000,"4,748","325,040",http://www.sec.gov/Archives/edgar/data/1574094/000164117225025459/xslF345X05/ownership.xml
CLDI,Schoeneck James A,Director,2025-08-21,Buy,2.0,75000,"150,000","76,134",http://www.sec.gov/Archives/edgar/data/1420987/000164117225025448/xslF345X05/ownership.xml
CLDI,Poma Eric E,Chief Executive Officer,2025-08-21,Buy,2.0,25000,"50,000","25,000",http://www.sec.gov/Archives/edgar/data/1339484/000164117225025447/xslF345X05/ownership.xml
CLDI,Leftwich Scott,Director,2025-08-21,Buy,2.0,125000,"250,000","130,650",http://www.sec.gov/Archives/edgar/data/1855485/000164117225025446/xslF345X05/ownership.xml
CLDI,Jackson Andrew C.,Chief Financial Officer,2025-08-21,Buy,2.0,2500,"5,000","2,500",http://www.sec.gov/Archives/edgar/data/1636738/000164117225025445/xslF345X05/ownership.xml
PODC,MERRIMAN D JONATHAN,Director,2025-08-21,Buy,1.49,5700,"8,493","221,279",http://www.sec.gov/Archives/edgar/data/1022711/000121390025080455/xslF345X05/ownership.xml
BKKT,Naheta Akshay Sudhir,CEO and President,2025-08-22,Buy,8.55,30000,"256,389","191,426",http://www.sec.gov/Archives/edgar/data/1820302/000206254325000001/xslF345X05/primary_doc.xml
BKKT,Naheta Akshay Sudhir,CEO and President,2025-08-21,Buy,8.12,150000,"1,218,015","161,426",http://www.sec.gov/Archives/edgar/data/1820302/000206254325000001/xslF345X05/primary_doc.xml
OBIO,Fain Eric S,Director,2025-08-25,Buy,2.61,5760,"15,034","71,709",http://www.sec.gov/Archives/edgar/data/1402222/000110465925082638/xslF345X05/tm2524324-4_4seq1.xml
OBIO,Sherman Darren,See Remarks,2025-08-25,Buy,2.62,3000,"7,860","926,837",http://www.sec.gov/Archives/edgar/data/1723524/000110465925082636/xslF345X05/tm2524324-3_4seq1.xml
OBIO,Hochman David P,See Remarks,2025-08-21,Buy,2.49,6000,"14,940","651,460",http://www.sec.gov/Archives/edgar/data/1292834/000110465925082635/xslF345X05/tm2524324-2_4seq1.xml
OBIO,Taylor Andrew Lawrence,Chief Financial Officer,2025-08-25,Buy,2.55,2000,"5,100","482,788",http://www.sec.gov/Archives/edgar/data/1723889/000110465925082633/xslF345X05/tm2524324-1_4seq1.xml
ISPO,Zamani Payam,CHIEF EXECUTIVE OFFICER,2025-08-21,Buy,2.95,4000,"11,800","1,150,000",http://www.sec.gov/Archives/edgar/data/1487654/000162828025041125/xslF345X05/wk-form4_1756162811.xml
ASAN,Moskovitz Dustin A.,Director,2025-08-21,Buy,13.52,122470,"1,655,954","57,898,436",http://www.sec.gov/Archives/edgar/data/1477720/000147772025000192/xslF345X05/wk-form4_1756162067.xml
RRGB,Martin Christopher Ross,Director,2025-08-22,Buy,6.29,34649,"217,852","1,667,906",http://www.sec.gov/Archives/edgar/data/1171759/000092189525002380/xslF345X05/form413432005_08252025.xml
RRGB,Martin Christopher Ross,Director,2025-08-21,Buy,6.14,18351,"112,618","1,633,257",http://www.sec.gov/Archives/edgar/data/1171759/000092189525002380/xslF345X05/form413432005_08252025.xml
SCKT,PARNELL WILLIAM L. JR,Director,2025-08-22,Buy,0.98,3500,"3,448","75,350",http://www.sec.gov/Archives/edgar/data/944075/000094407525000067/xslF345X05/primary_doc.xml
ICU,Chung Kevin,Chief Medical Officer,2025-08-22,Buy,0.8,10000,"8,000","58,184",http://www.sec.gov/Archives/edgar/data/1831868/000121390025080440/xslF345X05/marketforms-70394.xml
PROP,Kovalik Edward,Chief Executive Officer,2025-08-21,Buy,2.17,10000,"21,750","2,037,035",http://www.sec.gov/Archives/edgar/data/1162896/000114036125032541/xslF345X05/form4.xml
MDRR,KAVANAUGH FRANK,"CHAIRMAN, CEO & PRESIDENT",2025-08-25,Buy,12.0,2500,"30,000","26,639",http://www.sec.gov/Archives/edgar/data/1271775/000141588925022947/xslF345X05/form4-08252025_090810.xml
MDRR,KAVANAUGH FRANK,"CHAIRMAN, CEO & PRESIDENT",2025-08-22,Buy,11.99,1028,"12,326","24,139",http://www.sec.gov/Archives/edgar/data/1271775/000141588925022947/xslF345X05/form4-08252025_090810.xml
GLIBK,MALONE JOHN C,Director,2025-08-21,Buy,35.98,16153,"581,254","1,140,539",http://www.sec.gov/Archives/edgar/data/937797/000122520825007454/xslF345X05/doc4.xml
GLIBA,MALONE JOHN C,Director,2025-08-21,Buy,35.98,16153,"581,254","1,140,539",http://www.sec.gov/Archives/edgar/data/937797/000122520825007454/xslF345X05/doc4.xml
FUSB,Pierce Staci,Director,2025-08-22,Buy,11.8,500,"5,900","4,600",http://www.sec.gov/Archives/edgar/data/717806/000095017025111254/xslF345X05/ownership.xml
GLP,Global GP LLC,General Partner,2025-08-21,Buy,51.34,5000,"256,700","132,001",http://www.sec.gov/Archives/edgar/data/1323468/000106299325014897/xslF345X05/form4.xml
MDT,Jellison William R,Director,2025-08-25,Buy,92.37,2500,"230,925","5,000",http://www.sec.gov/Archives/edgar/data/1189883/000161310325000157/xslF345X05/wk-form4_1756156682.xml
MDT,Jellison William R,Director,2025-08-22,Buy,92.73,2500,"231,825","2,500",http://www.sec.gov/Archives/edgar/data/1189883/000161310325000157/xslF345X05/wk-form4_1756156682.xml
SINT,Olson Eric K.,President and CEO,2025-08-22,Buy,3.58,10475,"37,470","24,975",http://www.sec.gov/Archives/edgar/data/1269026/000149315225012306/xslF345X05/ownership.xml
DLPN,O'Dowd William IV,Chief Executive Officer,2025-08-21,Buy,1.18,84745,"99,999","353,724",http://www.sec.gov/Archives/edgar/data/1282224/000107997325001382/xslF345X05/ownership.xml
CMT,Panda Alex Joseph,"EVP, Treasurer, Secretary, CFO",2025-08-25,Buy,19.14,200,"3,829","30,396",http://www.sec.gov/Archives/edgar/data/1026655/000207216725000010/xslF345X05/wk-form4_1756156154.xml
EONR,Williams Mark,VP of Finance and Admin,2025-08-21,Buy,0.34,50000,"17,000","155,000",http://www.sec.gov/Archives/edgar/data/1842556/000121390025080404/xslF345X05/ownership.xml
EONR,Williams Mark,VP of Finance and Admin,2025-06-30,Buy,0.34,10000,"3,400","105,000",http://www.sec.gov/Archives/edgar/data/1842556/000121390025080404/xslF345X05/ownership.xml
FEAM,Weibel Paul Wesley III,Chief Executive Officer,2025-08-25,Buy,3.5,1628,"5,698","14,261",http://www.sec.gov/Archives/edgar/data/1888654/000156218025006001/xslF345X05/primarydocument.xml
FEAM,Malm Joshua,CFO,2025-08-25,Buy,3.5,1425,"4,988","1,425",http://www.sec.gov/Archives/edgar/data/1888654/000156218025006000/xslF345X05/primarydocument.xml
AMRZ,Hill Jaime,"President, Building Materials",2025-08-22,Buy,49.59,500,"24,792","14,101",http://www.sec.gov/Archives/edgar/data/2035989/000203598925000026/xslF345X05/primary_doc.xml
MBIN,Thomas Darin L.,Chief Accounting Officer,2025-08-22,Buy,29.71,3353,"99,628","2,250",http://www.sec.gov/Archives/edgar/data/1629019/000156218025005997/xslF345X05/primarydocument.xml
MLP,CASE STEPHEN M,Director,2025-08-22,Buy,16.52,2500,"41,300","11,931,445",http://www.sec.gov/Archives/edgar/data/63330/000141588925022923/xslF345X05/form4-08252025_080807.xml
MLP,CASE STEPHEN M,Director,2025-08-21,Buy,16.15,2500,"40,375","11,928,945",http://www.sec.gov/Archives/edgar/data/63330/000141588925022923/xslF345X05/form4-08252025_080807.xml
HBNC,Samuels Michele Annette,Director,2025-08-22,Buy,14.5,1724,"24,998","4,986",http://www.sec.gov/Archives/edgar/data/706129/000070612925000154/xslF345X05/wk-form4_1756153064.xml
HBNC,Blackhurst Eric P.,Director,2025-08-22,Buy,14.5,1724,"24,998","26,298",http://www.sec.gov/Archives/edgar/data/706129/000070612925000153/xslF345X05/wk-form4_1756153057.xml
HBNC,Prame Thomas M,Chief Executive Officer,2025-08-22,Buy,14.5,1034,"14,993","47,521",http://www.sec.gov/Archives/edgar/data/706129/000070612925000152/xslF345X05/wk-form4_1756153049.xml
HBNC,Ahern Kevin,Director,2025-08-22,Buy,14.5,6896,"99,992","16,896",http://www.sec.gov/Archives/edgar/data/706129/000070612925000151/xslF345X05/wk-form4_1756153042.xml
HBNC,Stewart John R,EVP - Chief Financial Officer,2025-08-22,Buy,14.5,1724,"24,998","79,745",http://www.sec.gov/Archives/edgar/data/706129/000070612925000150/xslF345X05/wk-form4_1756153035.xml
PROP,Gray Jonathan H.,Director,2025-08-21,Buy,2.16,120563,"260,416","586,817",http://www.sec.gov/Archives/edgar/data/1162896/000114036125032506/xslF345X05/form4.xml
INR,Arnold Zack David,See Remarks,2025-08-22,Buy,13.88,5500,"76,362","5,500",http://www.sec.gov/Archives/edgar/data/2029118/000119312525187699/xslF345X05/ownership.xml
WU,McGranahan Devin,CEO & President,2025-08-21,Buy,8.49,176470,"1,498,054","913,125",http://www.sec.gov/Archives/edgar/data/1365135/000122520825007448/xslF345X05/doc4.xml
SCWO,Russell Kline,Chief Financial Officer,2025-08-22,Buy,0.25,15000,"3,744","398,642",http://www.sec.gov/Archives/edgar/data/933972/000165495425009981/xslF345X05/section16.xml
SCWO,Russell Kline,Chief Financial Officer,2025-08-21,Buy,0.25,15000,"3,693","383,642",http://www.sec.gov/Archives/edgar/data/933972/000165495425009981/xslF345X05/section16.xml
WVVI,Osborn Michael Jordan,Chief Executive Officer,2025-08-22,Buy,4.14,1000,"4,145","2,000",http://www.sec.gov/Archives/edgar/data/838875/000119983525000286/xslF345X05/ownership.xml
WVVI,Osborn Michael Jordan,Chief Executive Officer,2025-08-21,Buy,4.42,1000,"4,420","1,000",http://www.sec.gov/Archives/edgar/data/838875/000119983525000286/xslF345X05/ownership.xml
SMRT,Pinczuk Ana G.,Director,2025-08-22,Buy,1.48,67094,"99,111","95,778",http://www.sec.gov/Archives/edgar/data/1689411/000168941125000004/xslF345X05/ownership.xml
CERS,Gregory Dean A.,Director,2025-08-25,Buy,1.25,25000,"31,250","86,725",http://www.sec.gov/Archives/edgar/data/1020214/000095017025111175/xslF345X05/ownership.xml
TYG,PRUDENTIAL FINANCIAL INC,10% Owner,2025-08-21,Buy,10.0,1500000,"15,000,000","1,500,000",http://www.sec.gov/Archives/edgar/data/1137774/000113777425000136/xslF345X05/primary_doc.xml
PRU,PRUDENTIAL FINANCIAL INC,10% Owner,2025-08-21,Buy,10.0,1500000,"15,000,000","1,500,000",http://www.sec.gov/Archives/edgar/data/1137774/000113777425000136/xslF345X05/primary_doc.xml
IRIX,Dizon Romeo R,Chief Financial Officer,2025-08-22,Buy,1.22,1000,"1,220","47,745",http://www.sec.gov/Archives/edgar/data/1006045/000095017025111129/xslF345X05/ownership.xml
MKZR,Simpson Christine Elizabeth,Chief Portfolio Manager,2025-08-21,Buy,5.1,15146,"77,245","70,864",http://www.sec.gov/Archives/edgar/data/1550913/000155091325000146/xslF345X05/primary_doc.xml
MKZR,Sherpa Angche,Chief Financial Officer,2025-08-21,Buy,5.1,15146,"77,245","70,864",http://www.sec.gov/Archives/edgar/data/1550913/000155091325000145/xslF345X05/primary_doc.xml
SWIM,DELLAQUILA FRANK J,Director,2025-08-22,Buy,8.24,5000,"41,200","21,814",http://www.sec.gov/Archives/edgar/data/1470848/000141588925022861/xslF345X05/form4-08252025_030858.xml
GRNT,MCCARTNEY JOHN,Director,2025-08-21,Buy,5.3,974,"5,162","83,091",http://www.sec.gov/Archives/edgar/data/923380/000092338025000018/xslF345X05/wk-form4_1756136341.xml
MKZR,Bluth Jeri Ruth,Chief Compliance Officer,2025-08-21,Buy,5.1,15146,"77,245","70,864",http://www.sec.gov/Archives/edgar/data/1550913/000155091325000144/xslF345X05/primary_doc.xml
MKZR,FULLER GLEN W,Treasurer,2025-08-21,Buy,5.1,15146,"77,245","70,864",http://www.sec.gov/Archives/edgar/data/1103014/000155091325000143/xslF345X05/primary_doc.xml
MKZR,PATTERSON CHARLES E. II,General Counsel/Secretary,2025-08-21,Buy,5.1,15146,"77,245","70,864",http://www.sec.gov/Archives/edgar/data/1550913/000155091325000142/xslF345X05/primary_doc.xml
MKZR,DIXON ROBERT E,CEO/President,2025-08-21,Buy,5.1,15146,"77,245","70,864",http://www.sec.gov/Archives/edgar/data/1103016/000155091325000141/xslF345X05/primary_doc.xml
TFSL,Asher Anthony J,Director,2025-08-21,Buy,13.26,37675,"499,570","37,675",http://www.sec.gov/Archives/edgar/data/1381668/000143485125000006/xslF345X05/wk-form4_1756135428.xml
KIDS,Hite Fred,COO and CFO,2025-08-21,Buy,19.41,5076,"98,525","213,065",http://www.sec.gov/Archives/edgar/data/1298644/000142545025000101/xslF345X05/wk-form4_1756131891.xml
TPL,HORIZON KINETICS ASSET MANAGEM,10% Owner,2025-08-22,Buy,901.92,1,902,"1,163,981",http://www.sec.gov/Archives/edgar/data/1056823/000143774925027635/xslF345X05/rdgdoc.xml
GRX,"Saba Capital Management, L.P.",10% Owner,2025-08-21,Buy,9.43,19101,"180,122","2,025,826",http://www.sec.gov/Archives/edgar/data/1391437/000151028125000429/xslF345X05/primary_doc.xml
RCG,STAHL MURRAY,President/Co-Portfolio Manager,2025-08-22,Buy,2.64,774,"2,043","321,990",http://www.sec.gov/Archives/edgar/data/919567/000143774925027634/xslF345X05/rdgdoc.xml
RCG,STAHL MURRAY,President/Co-Portfolio Manager,2025-08-22,Buy,2.64,356,940,"104,954",http://www.sec.gov/Archives/edgar/data/919567/000143774925027634/xslF345X05/rdgdoc.xml
