ticker,insider_name,transaction_date,transaction_type,price,shares,value,relationship,sec_form4,market_open_at_trade,market_close_at_trade,high_at_trade,low_at_trade,sma_20_at_trade,rsi_14_at_trade,sma_20_prev,price_prev,high_plus_7d,low_plus_7d,max_gain_7d,max_drawdown_7d,high_plus_14d,low_plus_14d,max_gain_14d,max_drawdown_14d,high_plus_30d,low_plus_30d,max_gain_30d,max_drawdown_30d,high_minus_7d,low_minus_7d,high_minus_15d,low_minus_15d,final_gain_30d,case_2_outcome,ownership_pct,tags,score,bucket,outcome_case_1,outcome_case_2
AAOI,Lin Chih-Hsiang (Thompson),2025-08-13,Buy,22.56223140495868,12100,273002,President and CEO,https://finviz.com/http://www.sec.gov/Archives/edgar/data/1158114/000168316825006190/xslF345X05/ownership.xml,23.645000457763672,23.020000457763672,24.299999237060547,22.09499931335449,,,,22.790000915527344,26.968000411987305,20.458999633789062,19.527186508956454,-9.321913836533788,,,,,,,,,24.39999961853028,19.88500022888184,26.350000381469727,19.88500022888184,,🚀 SPIKE BEFORE DROP - SUCCESSFUL TRADE,0.000196,"['👑 CEO', '🟢 SMALL TRADE', '🌱 SMALL CAP', '📡 Tech', '📉 BELOW CLOSE', '🚀 SPIKE +20% [7d]', '📉 DIP -5% [7d]', '⚠️ INSUFFICIENT DATA FOR MA/RSI', '🟢 SUCCESSFUL TRADE C1', '🔁 CLUSTER BUY', '🧩 MULTIPLE BUYS']",15.0,Highest Conviction (15+),🟢 SUCCESSFUL TRADE C1,🟢 SUCCESSFUL TRADE
ATRA,Panacea Innovation Ltd,2025-07-17,Buy,9.64,19335,186372,10% Owner,https://finviz.com/http://www.sec.gov/Archives/edgar/data/1573160/000095017025097087/xslF345X05/ownership.xml,9.300000190734863,9.710000038146973,9.800000190734863,8.529999732971191,8.570750045776368,69.94956575441144,8.475250053405762,9.279999732971191,13.460000038146973,9.776000022888184,39.626556412312986,1.410788619172023,13.460000038146973,9.776000022888184,39.626556412312986,1.410788619172023,13.460000038146973,9.776000022888184,39.626556412312986,1.410788619172023,9.621999740600586,8.770000457763672,9.621999740600586,7.880000114440918,-0.3280481158090197,🚀 SPIKE BEFORE DROP - SUCCESSFUL TRADE,0.002381,"['🔟 10% Owner', '💰 LARGE TRADE', '🐣 MICRO CAP', '🏥 Healthcare', '🚀 SPIKE +20% [7d]', '🚀 SPIKE +20% [14d]', '🚀 SPIKE +20% [30d]', '📈 ABOVE SMA20', '🟡 NEUTRAL (RSI)', '💪 STRONG TREND', '🟢 SUCCESSFUL TRADE C1']",12.0,Ultra Conviction (12 - 14),🟢 SUCCESSFUL TRADE C1,🟢 SUCCESSFUL TRADE
AUPH,TANG KEVIN,2025-08-01,Buy,10.12,1000000,10120000,Director,https://finviz.com/http://www.sec.gov/Archives/edgar/data/1178579/000141588925021066/xslF345X05/form4-08052025_090800.xml,9.359999656677246,10.489999771118164,10.520000457763672,9.329999923706056,,,,9.244999885559082,11.800000190734863,10.449999809265137,16.600792398565854,3.2608676804855485,12.479999542236328,10.449999809265137,23.320153579410366,3.2608676804855485,,,,,9.829999923706056,8.800000190734863,9.829999923706056,8.550000190734863,,🚀 SPIKE BEFORE DROP - SUCCESSFUL TRADE,0.006571,"['📋 Director', '🔥 VERY LARGE TRADE', '🌱 SMALL CAP', '🏥 Healthcare', '📉 BELOW CLOSE', '🚀 SPIKE +10% [7d]', '🚀 SPIKE +20% [14d]', '⚠️ INSUFFICIENT DATA FOR MA/RSI', '🟢 SUCCESSFUL TRADE C1', '🧩 MULTIPLE BUYS']",14.0,Ultra Conviction (12 - 14),🟢 SUCCESSFUL TRADE C1,🟢 SUCCESSFUL TRADE
BHC,Paulson John,2025-08-11,Buy,6.35,2000000,12700000,Director,https://finviz.com/http://www.sec.gov/Archives/edgar/data/885590/000101359425001002/xslF345X05/form4.xml,5.75,6.659999847412109,6.980000019073486,5.75,6.301500058174133,59.2851039703704,6.285500073432923,5.75,8.6899995803833,6.670000076293945,36.850387092650415,5.039371280219617,,,,,,,,,6.110000133514404,5.650000095367432,7.099999904632568,5.5,,🚀 SPIKE BEFORE DROP - SUCCESSFUL TRADE,0.00479,"['📋 Director', '💰 LARGE TRADE', '🌿 MID CAP', '🏥 Healthcare', '📉 BELOW CLOSE', '🚀 SPIKE +20% [7d]', '📈 ABOVE SMA20', '⚡️ SMA SUPPORT RECLAIMED', '🟡 NEUTRAL (RSI)', '🟢 SUCCESSFUL TRADE C1', '🧩 MULTIPLE BUYS']",13.0,Ultra Conviction (12 - 14),🟢 SUCCESSFUL TRADE C1,🟢 SUCCESSFUL TRADE
BHC,Paulson John,2025-08-12,Buy,6.88,1156640,7957683,Director,https://finviz.com/http://www.sec.gov/Archives/edgar/data/885590/000101359425001002/xslF345X05/form4.xml,6.690000057220459,7.0,7.019999980926514,6.670000076293945,6.330500054359436,64.17349286928902,6.301500058174133,6.659999847412109,8.6899995803833,6.989999771118164,26.308133435803796,1.598833882531456,,,,,,,,,6.980000019073486,5.679999828338623,7.099999904632568,5.5,,🚀 SPIKE BEFORE DROP - SUCCESSFUL TRADE,0.003001,"['📋 Director', '💰 LARGE TRADE', '🌿 MID CAP', '🏥 Healthcare', '📉 BELOW CLOSE', '🚀 SPIKE +20% [7d]', '📈 ABOVE SMA20', '🟡 NEUTRAL (RSI)', '💪 STRONG TREND', '🟢 SUCCESSFUL TRADE C1', '🧩 MULTIPLE BUYS']",12.0,Ultra Conviction (12 - 14),🟢 SUCCESSFUL TRADE C1,🟢 SUCCESSFUL TRADE
CALC,Roberts Eric W,2025-07-21,Buy,3.37,1500,5055,CHIEF BUSINESS OFFICER,https://finviz.com/http://www.sec.gov/Archives/edgar/data/1534133/000141588925020111/xslF345X05/form4-07222025_040709.xml,3.130000114440918,3.490000009536743,3.539999961853028,3.0850000381469727,1.898749989271164,83.51067514994882,1.806249988079071,3.009999990463257,4.260000228881836,3.2709999084472656,26.40950234070729,-2.9376881766390053,4.260000228881836,2.75,26.40950234070729,-18.39762611275965,4.260000228881836,2.309999942779541,26.40950234070729,-31.454007632654573,3.200000047683716,2.0,3.200000047683716,1.5850000381469729,-0.1823529495912439,🚀 SPIKE BEFORE DROP - SUCCESSFUL TRADE,0.000105,"['🧠 CBO', '🟢 SMALL TRADE', '🐣 MICRO CAP', '🏥 Healthcare', '📉 BELOW CLOSE', '🚀 SPIKE +20% [7d]', '🚀 SPIKE +20% [14d]', '🚀 SPIKE +20% [30d]', '📉 DIP -10% [14d]', '📉 DIP -20% [30d]', '📈 ABOVE SMA20', '🚀 OVERBOUGHT (RSI > 70)', '💪 STRONG TREND', '🟢 SUCCESSFUL TRADE C1', '🔁 CLUSTER BUY', '🧩 MULTIPLE BUYS']",14.0,Ultra Conviction (12 - 14),🟢 SUCCESSFUL TRADE C1,🟢 SUCCESSFUL TRADE
CCO,MORENO ARTURO R,2025-08-01,Buy,1.04,1500000,1560000,10% Owner,https://finviz.com/http://www.sec.gov/Archives/edgar/data/1045060/000095017025103021/xslF345X05/ownership.xml,1.100000023841858,1.0199999809265137,1.1100000143051147,1.0,1.1630000054836274,33.74316776709627,1.1740000069141387,1.059999942779541,1.25,1.0299999713897705,20.192307692307686,-0.96154121252207,1.25,1.0199999809265137,20.192307692307686,-1.9230787570659964,,,,,1.149999976158142,1.0399999618530271,1.25,1.0399999618530271,,🚀 SPIKE BEFORE DROP - SUCCESSFUL TRADE,0.002963,"['🔟 10% Owner', '💰 LARGE TRADE', '🌱 SMALL CAP', '📞 Communication', '📈 ABOVE CLOSE', '🚀 SPIKE +20% [7d]', '🚀 SPIKE +20% [14d]', '📅 NEAR EARNINGS', '📉 BELOW SMA20', '🟡 NEUTRAL (RSI)', '📉 DIP SETUP', '🟢 SUCCESSFUL TRADE C1', '🧩 MULTIPLE BUYS']",12.0,Ultra Conviction (12 - 14),🟢 SUCCESSFUL TRADE C1,🟢 SUCCESSFUL TRADE
CDXS,Opaleye Management Inc.,2025-07-31,Buy,2.68,84220,225710,10% Owner,https://finviz.com/http://www.sec.gov/Archives/edgar/data/1200375/000164117225022060/xslF345X05/ownership.xml,2.7300000190734863,2.680000066757202,2.7799999713897705,2.650000095367432,2.918499970436096,45.56015563955789,2.9249999642372133,2.789999961853028,2.9600000381469727,2.5799999237060547,10.447762617424344,-3.731346130371099,3.869999885559082,2.5799999237060547,44.40298080444335,-3.731346130371099,,,,,3.3399999141693115,2.7699999809265137,3.390000104904175,2.7699999809265137,,🚀 SPIKE BEFORE DROP - SUCCESSFUL TRADE,0.001017,"['🔟 10% Owner', '💰 LARGE TRADE', '🐣 MICRO CAP', '🏥 Healthcare', '🧨 CAUGHT THE KNIFE [7d]', '🚀 SPIKE +10% [7d]', '🚀 SPIKE +20% [14d]', '📅 NEAR EARNINGS', '📉 BELOW SMA20', '🟡 NEUTRAL (RSI)', '🟢 SUCCESSFUL TRADE C1', '🧩 MULTIPLE BUYS']",13.0,Ultra Conviction (12 - 14),🟢 SUCCESSFUL TRADE C1,🟢 SUCCESSFUL TRADE
CLOV,Garipalli Vivek,2025-08-07,Buy,2.24,415000,929600,Director,https://finviz.com/http://www.sec.gov/Archives/edgar/data/1801170/000180117025000207/xslF345X05/wk-form4_1754683623.xml,2.289999961853028,2.2100000381469727,2.3299999237060547,2.1600000858306885,,22.307051920094395,,2.259999990463257,2.6700000762939453,2.119999885559082,19.196431977408263,-5.357147966112418,,,,,,,,,3.0,2.130000114440918,3.5350000858306885,2.130000114440918,,🚀 SPIKE BEFORE DROP - SUCCESSFUL TRADE,0.000835,"['📋 Director', '🟢 SMALL TRADE', '🌱 SMALL CAP', '🏥 Healthcare', '📈 ABOVE CLOSE', '🚀 SPIKE +20% [7d]', '📉 DIP -5% [7d]', '🔻 OVERSOLD (RSI < 30)', '⚠️ INSUFFICIENT DATA FOR MA/RSI', '🟢 SUCCESSFUL TRADE C1', '🧩 MULTIPLE BUYS']",12.0,Ultra Conviction (12 - 14),🟢 SUCCESSFUL TRADE C1,🟢 SUCCESSFUL TRADE
CTEV,Dalton Travis,2025-08-11,Buy,58.3,3982,232158,"Pres., CEO & Executive Chair",https://finviz.com/http://www.sec.gov/Archives/edgar/data/1793229/000179322925000142/xslF345X05/wk-form4_1755029947.xml,57.54999923706055,61.61000061035156,61.88999938964844,56.65999984741211,,85.61430827988713,,56.810001373291016,72.65499877929688,61.57500076293945,24.622639415603565,5.617497020479342,,,,,,,,,57.005001068115234,38.310001373291016,57.005001068115234,37.869998931884766,,🚀 SPIKE BEFORE DROP - SUCCESSFUL TRADE,0.000229,"['👑 CEO', '🟢 SMALL TRADE', '🌱 SMALL CAP', '🏥 Healthcare', '📉 BELOW CLOSE', '🚀 SPIKE +20% [7d]', '🚀 OVERBOUGHT (RSI > 70)', '⚠️ INSUFFICIENT DATA FOR MA/RSI', '🟢 SUCCESSFUL TRADE C1', '🧩 MULTIPLE BUYS']",12.0,Ultra Conviction (12 - 14),🟢 SUCCESSFUL TRADE C1,🟢 SUCCESSFUL TRADE
CVM,KERSTEN GEERT R,2025-07-25,Buy,6.85,29197,199999,Chief Executive Officer,https://finviz.com/http://www.sec.gov/Archives/edgar/data/725363/000123603025000007/xslF345X05/primary_doc.xml,6.78000020980835,8.199999809265137,8.449999809265137,6.25,3.852499973773957,86.49286315494582,3.5644999861717226,6.849999904632568,10.399999618530272,7.019999980926514,51.82481194934704,2.481751546372468,10.399999618530272,7.019999980926514,51.82481194934704,2.481751546372468,,,,,7.679999828338623,3.950000047683716,7.679999828338623,2.9100000858306885,,🚀 SPIKE BEFORE DROP - SUCCESSFUL TRADE,0.003584,"['👑 CEO', '💰 LARGE TRADE', '🐣 MICRO CAP', '🏥 Healthcare', '📉 BELOW CLOSE', '🚀 SPIKE +20% [7d]', '🚀 SPIKE +20% [14d]', '📈 ABOVE SMA20', '🚀 OVERBOUGHT (RSI > 70)', '💪 STRONG TREND', '🟢 SUCCESSFUL TRADE C1']",13.0,Ultra Conviction (12 - 14),🟢 SUCCESSFUL TRADE C1,🟢 SUCCESSFUL TRADE
DMAC,JACINTO RICHARD II,2025-07-23,Buy,3.5,400000,1400000,10% Owner,https://finviz.com/http://www.sec.gov/Archives/edgar/data/1196834/000143774925023532/xslF345X05/rdgdoc.xml,4.610000133514404,5.150000095367432,5.25,4.54010009765625,3.976000022888184,71.95857828406272,3.905000019073486,4.599999904632568,5.599999904632568,4.389999866485596,59.999997275216245,25.428567613874165,5.599999904632568,4.014500141143799,59.999997275216245,14.700004032679969,,,,,5.039999961853027,3.650000095367432,5.039999961853027,3.575000047683716,,🚀 SPIKE BEFORE DROP - SUCCESSFUL TRADE,0.006599,"['🔟 10% Owner', '🔥 VERY LARGE TRADE', '🐣 MICRO CAP', '🏥 Healthcare', '🧨 CAUGHT THE KNIFE [7d]', '📉 BELOW CLOSE', '🚀 SPIKE +20% [7d]', '🚀 SPIKE +20% [14d]', '📅 NEAR EARNINGS', '📉 BELOW SMA20', '🔻 SMA LOST', '🚀 OVERBOUGHT (RSI > 70)', '🟢 SUCCESSFUL TRADE C1', '🔁 CLUSTER BUY']",17.0,Highest Conviction (15+),🟢 SUCCESSFUL TRADE C1,🟢 SUCCESSFUL TRADE
DMAC,STAHLBERG JAN,2025-07-23,Buy,3.5,1542857,5400000,10% Owner,https://finviz.com/http://www.sec.gov/Archives/edgar/data/1401040/000110465925070920/xslF345X05/tm2521564-1_4seq1.xml,4.610000133514404,5.150000095367432,5.25,4.54010009765625,3.976000022888184,71.95857828406272,3.905000019073486,4.599999904632568,5.599999904632568,4.389999866485596,59.999997275216245,25.428567613874165,5.599999904632568,4.014500141143799,59.999997275216245,14.700004032679969,,,,,5.039999961853027,3.650000095367432,5.039999961853027,3.575000047683716,,🚀 SPIKE BEFORE DROP - SUCCESSFUL TRADE,0.025455,"['🔟 10% Owner', '🔥 VERY LARGE TRADE', '🐣 MICRO CAP', '🏥 Healthcare', '🧨 CAUGHT THE KNIFE [7d]', '📉 BELOW CLOSE', '🚀 SPIKE +20% [7d]', '🚀 SPIKE +20% [14d]', '📅 NEAR EARNINGS', '📉 BELOW SMA20', '🔻 SMA LOST', '🚀 OVERBOUGHT (RSI > 70)', '🟢 SUCCESSFUL TRADE C1', '🔁 CLUSTER BUY']",17.0,Highest Conviction (15+),🟢 SUCCESSFUL TRADE C1,🟢 SUCCESSFUL TRADE
DMAC,Von Koch Thomas,2025-07-23,Buy,3.5,2857142,9999997,10% Owner,https://finviz.com/http://www.sec.gov/Archives/edgar/data/1401040/000110465925070900/xslF345X05/tm2521564-2_4seq1.xml,4.610000133514404,5.150000095367432,5.25,4.54010009765625,3.976000022888184,71.95857828406272,3.905000019073486,4.599999904632568,5.599999904632568,4.389999866485596,59.999997275216245,25.428567613874165,5.599999904632568,4.014500141143799,59.999997275216245,14.700004032679969,,,,,5.039999961853027,3.650000095367432,5.039999961853027,3.575000047683716,,🚀 SPIKE BEFORE DROP - SUCCESSFUL TRADE,0.047139,"['🔟 10% Owner', '🔥 VERY LARGE TRADE', '🐣 MICRO CAP', '🏥 Healthcare', '🧨 CAUGHT THE KNIFE [7d]', '📉 BELOW CLOSE', '🚀 SPIKE +20% [7d]', '🚀 SPIKE +20% [14d]', '📅 NEAR EARNINGS', '📉 BELOW SMA20', '🔻 SMA LOST', '🚀 OVERBOUGHT (RSI > 70)', '🟢 SUCCESSFUL TRADE C1', '🔁 CLUSTER BUY']",17.0,Highest Conviction (15+),🟢 SUCCESSFUL TRADE C1,🟢 SUCCESSFUL TRADE
ECOR,Errico Thomas J.,2025-08-11,Buy,4.47,15000,67050,Director,https://finviz.com/http://www.sec.gov/Archives/edgar/data/1560258/000164117225023285/xslF345X05/ownership.xml,4.539999961853027,4.309999942779541,4.699999809265137,4.159999847412109,,18.678820682383787,,4.619999885559082,5.739999771118164,4.25,28.41162798922068,-4.921700223713641,,,,,,,,,7.400000095367432,4.519999980926514,7.769999980926514,4.519999980926514,,🚀 SPIKE BEFORE DROP - SUCCESSFUL TRADE,0.002051,"['📋 Director', '💰 LARGE TRADE', '🐣 MICRO CAP', '🏥 Healthcare', '🧨 CAUGHT THE KNIFE [7d]', '📈 ABOVE CLOSE', '🚀 SPIKE +20% [7d]', '📉 DIP -5% [7d]', '🔻 OVERSOLD (RSI < 30)', '⚠️ INSUFFICIENT DATA FOR MA/RSI', '🟢 SUCCESSFUL TRADE C1']",12.0,Ultra Conviction (12 - 14),🟢 SUCCESSFUL TRADE C1,🟢 SUCCESSFUL TRADE
ECOR,Goldberger Daniel S,2025-08-11,Buy,4.23,1000,4230,Chief Executive Officer,https://finviz.com/http://www.sec.gov/Archives/edgar/data/1382042/000164117225023084/xslF345X05/ownership.xml,4.539999961853027,4.309999942779541,4.699999809265137,4.159999847412109,,18.678820682383787,,4.619999885559082,5.739999771118164,4.25,35.69739411626864,0.4728132387706754,,,,,,,,,7.400000095367432,4.519999980926514,7.769999980926514,4.519999980926514,,🚀 SPIKE BEFORE DROP - SUCCESSFUL TRADE,0.000129,"['👑 CEO', '🟢 SMALL TRADE', '🐣 MICRO CAP', '🏥 Healthcare', '🧨 CAUGHT THE KNIFE [7d]', '📉 BELOW CLOSE', '🚀 SPIKE +20% [7d]', '🔻 OVERSOLD (RSI < 30)', '⚠️ INSUFFICIENT DATA FOR MA/RSI', '🟢 SUCCESSFUL TRADE C1']",12.0,Ultra Conviction (12 - 14),🟢 SUCCESSFUL TRADE C1,🟢 SUCCESSFUL TRADE
KURA,WILSON TROY EDWARD,2025-08-12,Buy,5.85,36506,213578,President and CEO,https://finviz.com/http://www.sec.gov/Archives/edgar/data/1422143/000095017025108844/xslF345X05/ownership.xml,5.599999904632568,6.199999809265137,6.2179999351501465,5.519999980926514,,,,5.539999961853027,7.769999980926514,6.244999885559082,32.82051249447033,6.752134795881751,,,,,,,,,6.489999771118164,5.449999809265137,6.590000152587891,5.449999809265137,,🚀 SPIKE BEFORE DROP - SUCCESSFUL TRADE,0.000335,"['👑 CEO', '🟢 SMALL TRADE', '🌱 SMALL CAP', '🏥 Healthcare', '📉 BELOW CLOSE', '🚀 SPIKE +20% [7d]', '⚠️ INSUFFICIENT DATA FOR MA/RSI', '🟢 SUCCESSFUL TRADE C1', '🧩 MULTIPLE BUYS']",12.0,Ultra Conviction (12 - 14),🟢 SUCCESSFUL TRADE C1,🟢 SUCCESSFUL TRADE
LOOP,Solomita Daniel,2025-07-23,Buy,1.01,906794,915499,Chief Executive Officer,https://finviz.com/http://www.sec.gov/Archives/edgar/data/1504678/000143774925023545/xslF345X05/rdgdoc.xml,1.2300000190734863,1.225000023841858,1.25,1.2100000381469729,1.274750006198883,44.909762732073375,1.29300000667572,1.2300000190734863,1.7899999618530271,1.2000000476837158,77.22771899534922,18.811885909278796,1.7899999618530271,1.2000000476837158,77.22771899534922,18.811885909278796,,,,,1.4149999618530271,1.1799999475479126,1.4149999618530271,1.0499999523162842,,🚀 SPIKE BEFORE DROP - SUCCESSFUL TRADE,0.01177,"['👑 CEO', '🔥 VERY LARGE TRADE', '🐣 MICRO CAP', '⚙️ Materials', '📉 DIP BUY', '🧨 CAUGHT THE KNIFE [7d]', '📉 BELOW CLOSE', '🚀 SPIKE +20% [7d]', '🚀 SPIKE +20% [14d]', '📉 BELOW SMA20', '🟡 NEUTRAL (RSI)', '🟢 SUCCESSFUL TRADE C1', '🔁 CLUSTER BUY']",13.0,Ultra Conviction (12 - 14),🟢 SUCCESSFUL TRADE C1,🟢 SUCCESSFUL TRADE
LRMR,Flynn James E,2025-07-31,Buy,3.2,9375000,30000000,Director,https://finviz.com/http://www.sec.gov/Archives/edgar/data/1009258/000119380525001155/xslF345X05/e664762_4-larimar.xml,3.559999942779541,3.4600000381469727,3.690000057220459,3.3949999809265137,,,,3.569999933242798,4.224999904632568,3.174999952316284,32.031247019767754,-0.7812514901161249,4.329999923706055,3.174999952316284,35.3124976158142,-0.7812514901161249,,,,,4.010000228881836,3.2699999809265137,4.010000228881836,3.119999885559082,,🚀 SPIKE BEFORE DROP - SUCCESSFUL TRADE,0.141349,"['📋 Director', '🔥 VERY LARGE TRADE', '🐣 MICRO CAP', '🏥 Healthcare', '📉 DIP BUY', '🧨 CAUGHT THE KNIFE [7d]', '📉 BELOW CLOSE', '🚀 SPIKE +20% [7d]', '🚀 SPIKE +20% [14d]', '📅 NEAR EARNINGS', '⚠️ INSUFFICIENT DATA FOR MA/RSI', '🟢 SUCCESSFUL TRADE C1']",12.0,Ultra Conviction (12 - 14),🟢 SUCCESSFUL TRADE C1,🟢 SUCCESSFUL TRADE
MKZR,Bluth Jeri Ruth,2025-08-06,Buy,4.31,22559,97229,Chief Compliance Officer,https://finviz.com/http://www.sec.gov/Archives/edgar/data/1550913/000155091325000108/xslF345X05/primary_doc.xml,4.75,4.579999923706055,4.875,3.890000104904175,,17.353145822782068,,4.920000076293945,5.459000110626221,4.301000118255615,26.65893528135084,-0.2088139615866444,5.459000110626221,4.301000118255615,26.65893528135084,-0.2088139615866444,,,,,6.5,4.670000076293945,16.899999618530273,4.670000076293945,,🚀 SPIKE BEFORE DROP - SUCCESSFUL TRADE,0.012956,"['🕵️ Other', '🔥 VERY LARGE TRADE', '🐣 MICRO CAP', '🏘️ Real Estate', '🧨 CAUGHT THE KNIFE [7d]', '📉 BELOW CLOSE', '🚀 SPIKE +20% [7d]', '🚀 SPIKE +20% [14d]', '🔻 OVERSOLD (RSI < 30)', '⚠️ INSUFFICIENT DATA FOR MA/RSI', '🟢 SUCCESSFUL TRADE C1', '🔁 CLUSTER BUY', '🧩 MULTIPLE BUYS']",14.0,Ultra Conviction (12 - 14),🟢 SUCCESSFUL TRADE C1,🟢 SUCCESSFUL TRADE
MKZR,DIXON ROBERT E,2025-08-06,Buy,4.31,22559,97229,CEO/President,https://finviz.com/http://www.sec.gov/Archives/edgar/data/1103016/000110301625000004/xslF345X05/primary_doc.xml,4.75,4.579999923706055,4.875,3.890000104904175,,17.353145822782068,,4.920000076293945,5.459000110626221,4.301000118255615,26.65893528135084,-0.2088139615866444,5.459000110626221,4.301000118255615,26.65893528135084,-0.2088139615866444,,,,,6.5,4.670000076293945,16.899999618530273,4.670000076293945,,🚀 SPIKE BEFORE DROP - SUCCESSFUL TRADE,0.012956,"['👑 CEO', '🔥 VERY LARGE TRADE', '🐣 MICRO CAP', '🏘️ Real Estate', '🧨 CAUGHT THE KNIFE [7d]', '📉 BELOW CLOSE', '🚀 SPIKE +20% [7d]', '🚀 SPIKE +20% [14d]', '🔻 OVERSOLD (RSI < 30)', '⚠️ INSUFFICIENT DATA FOR MA/RSI', '🟢 SUCCESSFUL TRADE C1', '🔁 CLUSTER BUY', '🧩 MULTIPLE BUYS']",17.0,Highest Conviction (15+),🟢 SUCCESSFUL TRADE C1,🟢 SUCCESSFUL TRADE
MKZR,DIXON ROBERT E,2025-08-08,Buy,4.44,2000,8885,CEO/President,https://finviz.com/http://www.sec.gov/Archives/edgar/data/1103016/000155091325000115/xslF345X05/primary_doc.xml,5.170000076293945,4.755000114440918,5.297999858856201,4.301000118255615,,,,4.5,5.459000110626221,4.400000095367432,22.950452942031987,-0.9008987529857826,,,,,,,,,6.329999923706055,3.890000104904175,7.710000038146973,3.890000104904175,,🚀 SPIKE BEFORE DROP - SUCCESSFUL TRADE,0.001184,"['👑 CEO', '💰 LARGE TRADE', '🐣 MICRO CAP', '🏘️ Real Estate', '📉 BELOW CLOSE', '🚀 SPIKE +20% [7d]', '⚠️ INSUFFICIENT DATA FOR MA/RSI', '🟢 SUCCESSFUL TRADE C1', '🔁 CLUSTER BUY', '🧩 MULTIPLE BUYS']",13.0,Ultra Conviction (12 - 14),🟢 SUCCESSFUL TRADE C1,🟢 SUCCESSFUL TRADE
MKZR,FULLER GLEN W,2025-08-06,Buy,4.31,22559,97229,Treasurer,https://finviz.com/http://www.sec.gov/Archives/edgar/data/1103014/000155091325000109/xslF345X05/primary_doc.xml,4.75,4.579999923706055,4.875,3.890000104904175,,17.353145822782068,,4.920000076293945,5.459000110626221,4.301000118255615,26.65893528135084,-0.2088139615866444,5.459000110626221,4.301000118255615,26.65893528135084,-0.2088139615866444,,,,,6.5,4.670000076293945,16.899999618530273,4.670000076293945,,🚀 SPIKE BEFORE DROP - SUCCESSFUL TRADE,0.012956,"['🕵️ Other', '🔥 VERY LARGE TRADE', '🐣 MICRO CAP', '🏘️ Real Estate', '🧨 CAUGHT THE KNIFE [7d]', '📉 BELOW CLOSE', '🚀 SPIKE +20% [7d]', '🚀 SPIKE +20% [14d]', '🔻 OVERSOLD (RSI < 30)', '⚠️ INSUFFICIENT DATA FOR MA/RSI', '🟢 SUCCESSFUL TRADE C1', '🔁 CLUSTER BUY', '🧩 MULTIPLE BUYS']",14.0,Ultra Conviction (12 - 14),🟢 SUCCESSFUL TRADE C1,🟢 SUCCESSFUL TRADE
MKZR,PATTERSON CHARLES E. II,2025-08-06,Buy,4.31,22559,97229,General Counsel/Secretary,https://finviz.com/http://www.sec.gov/Archives/edgar/data/1550913/000155091325000110/xslF345X05/primary_doc.xml,4.75,4.579999923706055,4.875,3.890000104904175,,17.353145822782068,,4.920000076293945,5.459000110626221,4.301000118255615,26.65893528135084,-0.2088139615866444,5.459000110626221,4.301000118255615,26.65893528135084,-0.2088139615866444,,,,,6.5,4.670000076293945,16.899999618530273,4.670000076293945,,🚀 SPIKE BEFORE DROP - SUCCESSFUL TRADE,0.012956,"['🕵️ Other', '🔥 VERY LARGE TRADE', '🐣 MICRO CAP', '🏘️ Real Estate', '🧨 CAUGHT THE KNIFE [7d]', '📉 BELOW CLOSE', '🚀 SPIKE +20% [7d]', '🚀 SPIKE +20% [14d]', '🔻 OVERSOLD (RSI < 30)', '⚠️ INSUFFICIENT DATA FOR MA/RSI', '🟢 SUCCESSFUL TRADE C1', '🔁 CLUSTER BUY', '🧩 MULTIPLE BUYS']",14.0,Ultra Conviction (12 - 14),🟢 SUCCESSFUL TRADE C1,🟢 SUCCESSFUL TRADE
MKZR,Sherpa Angche,2025-08-06,Buy,4.31,22559,97229,Chief Financial Officer,https://finviz.com/http://www.sec.gov/Archives/edgar/data/1550913/000155091325000111/xslF345X05/primary_doc.xml,4.75,4.579999923706055,4.875,3.890000104904175,,17.353145822782068,,4.920000076293945,5.459000110626221,4.301000118255615,26.65893528135084,-0.2088139615866444,5.459000110626221,4.301000118255615,26.65893528135084,-0.2088139615866444,,,,,6.5,4.670000076293945,16.899999618530273,4.670000076293945,,🚀 SPIKE BEFORE DROP - SUCCESSFUL TRADE,0.012956,"['💼 CFO', '🔥 VERY LARGE TRADE', '🐣 MICRO CAP', '🏘️ Real Estate', '🧨 CAUGHT THE KNIFE [7d]', '📉 BELOW CLOSE', '🚀 SPIKE +20% [7d]', '🚀 SPIKE +20% [14d]', '🔻 OVERSOLD (RSI < 30)', '⚠️ INSUFFICIENT DATA FOR MA/RSI', '🟢 SUCCESSFUL TRADE C1', '🔁 CLUSTER BUY', '🧩 MULTIPLE BUYS']",17.0,Highest Conviction (15+),🟢 SUCCESSFUL TRADE C1,🟢 SUCCESSFUL TRADE
MKZR,Simpson Christine Elizabeth,2025-08-06,Buy,4.31,22559,97229,Chief Portfolio Manager,https://finviz.com/http://www.sec.gov/Archives/edgar/data/1550913/000155091325000112/xslF345X05/primary_doc.xml,4.75,4.579999923706055,4.875,3.890000104904175,,17.353145822782068,,4.920000076293945,5.459000110626221,4.301000118255615,26.65893528135084,-0.2088139615866444,5.459000110626221,4.301000118255615,26.65893528135084,-0.2088139615866444,,,,,6.5,4.670000076293945,16.899999618530273,4.670000076293945,,🚀 SPIKE BEFORE DROP - SUCCESSFUL TRADE,0.012956,"['📊 Portfolio Manager', '🔥 VERY LARGE TRADE', '🐣 MICRO CAP', '🏘️ Real Estate', '🧨 CAUGHT THE KNIFE [7d]', '📉 BELOW CLOSE', '🚀 SPIKE +20% [7d]', '🚀 SPIKE +20% [14d]', '🔻 OVERSOLD (RSI < 30)', '⚠️ INSUFFICIENT DATA FOR MA/RSI', '🟢 SUCCESSFUL TRADE C1', '🔁 CLUSTER BUY', '🧩 MULTIPLE BUYS']",14.0,Ultra Conviction (12 - 14),🟢 SUCCESSFUL TRADE C1,🟢 SUCCESSFUL TRADE
MXCT,Brooke William W,2025-08-13,Buy,1.29,50000,64500,Director,https://finviz.com/http://www.sec.gov/Archives/edgar/data/1287098/000090514825002873/xslF345X05/form4.xml,1.309999942779541,1.3799999952316284,1.4500000476837158,1.2899999618530271,1.9454999685287475,26.227233918003435,1.9824999630451203,1.2699999809265137,1.5399999618530271,1.340000033378601,19.379842004110625,3.875971579736514,,,,,,,,,2.150000095367432,1.2599999904632568,2.2799999713897705,1.2599999904632568,,🚀 SPIKE BEFORE DROP - SUCCESSFUL TRADE,0.000438,"['📋 Director', '🟢 SMALL TRADE', '🐣 MICRO CAP', '🏥 Healthcare', '📉 BELOW CLOSE', '🚀 SPIKE +20% [7d]', '📉 BELOW SMA20', '🔻 OVERSOLD (RSI < 30)', '📉 DIP SETUP', '🟢 SUCCESSFUL TRADE C1', '🔁 CLUSTER BUY']",15.0,Highest Conviction (15+),🟢 SUCCESSFUL TRADE C1,🟢 SUCCESSFUL TRADE
MXCT,Swirsky Douglas J,2025-08-13,Buy,1.29,50000,64500,CHIEF FINANCIAL OFFICER,https://finviz.com/http://www.sec.gov/Archives/edgar/data/1287098/000090514825002877/xslF345X05/form4.xml,1.309999942779541,1.3799999952316284,1.4500000476837158,1.2899999618530271,1.9454999685287475,26.227233918003435,1.9824999630451203,1.2699999809265137,1.5399999618530271,1.340000033378601,19.379842004110625,3.875971579736514,,,,,,,,,2.150000095367432,1.2599999904632568,2.2799999713897705,1.2599999904632568,,🚀 SPIKE BEFORE DROP - SUCCESSFUL TRADE,0.000438,"['💼 CFO', '🟢 SMALL TRADE', '🐣 MICRO CAP', '🏥 Healthcare', '📉 BELOW CLOSE', '🚀 SPIKE +20% [7d]', '📉 BELOW SMA20', '🔻 OVERSOLD (RSI < 30)', '📉 DIP SETUP', '🟢 SUCCESSFUL TRADE C1', '🔁 CLUSTER BUY']",17.0,Highest Conviction (15+),🟢 SUCCESSFUL TRADE C1,🟢 SUCCESSFUL TRADE
NEGG,Galkin Vladimir,2025-07-29,Buy,42.33,138757,5873837,10% Owner,https://finviz.com/http://www.sec.gov/Archives/edgar/data/1474627/000137647425000686/xslF345X05/filing.xml,40.04999923706055,56.18999862670898,56.77000045776367,40.04999923706055,29.389500188827515,74.50772415258459,27.39200024604797,39.08000183105469,69.5,41.0,64.18615639026696,-3.141979683439637,85.98999786376953,41.0,103.14197463682856,-3.141979683439637,,,,,43.27000045776367,25.82999992370605,48.0099983215332,25.489999771118164,,🚀 SPIKE BEFORE DROP - SUCCESSFUL TRADE,0.004727,"['🔟 10% Owner', '💰 LARGE TRADE', '🌱 SMALL CAP', '🛍️ Consumer Cyclical', '📉 BELOW CLOSE', '🚀 SPIKE +20% [7d]', '🚀 SPIKE +20% [14d]', '📈 ABOVE SMA20', '🚀 OVERBOUGHT (RSI > 70)', '💪 STRONG TREND', '🟢 SUCCESSFUL TRADE C1', '🧩 MULTIPLE BUYS']",12.0,Ultra Conviction (12 - 14),🟢 SUCCESSFUL TRADE C1,🟢 SUCCESSFUL TRADE
NSP,KAUFMAN CAROL R,2025-08-04,Buy,45.24,5000,226200,Director,https://finviz.com/http://www.sec.gov/Archives/edgar/data/1000753/000112760225020170/xslF345X05/form4.xml,45.5099983215332,48.27000045776367,48.43000030517578,44.13999938964844,57.99449977874756,29.258843591531104,58.593499755859376,45.06999969482422,54.27999877929688,47.33000183105469,19.98231383575791,4.619809529298597,54.27999877929688,47.33000183105469,19.98231383575791,4.619809529298597,,,,,61.650001525878906,45.06999969482422,61.650001525878906,45.06999969482422,,🚀 SPIKE BEFORE DROP - SUCCESSFUL TRADE,0.000119,"['📋 Director', '🟢 SMALL TRADE', '🌱 SMALL CAP', '🏗️ Industrial', '📉 BELOW CLOSE', '🚀 SPIKE +20% [7d]', '🚀 SPIKE +20% [14d]', '📉 BELOW SMA20', '🔻 OVERSOLD (RSI < 30)', '📉 DIP SETUP', '🟢 SUCCESSFUL TRADE C1', '🔁 CLUSTER BUY']",13.0,Ultra Conviction (12 - 14),🟢 SUCCESSFUL TRADE C1,🟢 SUCCESSFUL TRADE
NSP,Lumelleau John L,2025-08-04,Buy,45.36,5500,249480,Director,https://finviz.com/http://www.sec.gov/Archives/edgar/data/1000753/000100075325000082/xslF345X05/form4.xml,45.5099983215332,48.27000045776367,48.43000030517578,44.13999938964844,57.99449977874756,29.258843591531104,58.593499755859376,45.06999969482422,54.27999877929688,47.33000183105469,19.66490030709189,4.343037546416861,54.27999877929688,47.33000183105469,19.66490030709189,4.343037546416861,,,,,61.650001525878906,45.06999969482422,61.650001525878906,45.06999969482422,,🚀 SPIKE BEFORE DROP - SUCCESSFUL TRADE,0.000131,"['📋 Director', '🟢 SMALL TRADE', '🌱 SMALL CAP', '🏗️ Industrial', '📉 BELOW CLOSE', '🚀 SPIKE +20% [7d]', '🚀 SPIKE +20% [14d]', '📉 BELOW SMA20', '🔻 OVERSOLD (RSI < 30)', '📉 DIP SETUP', '🟢 SUCCESSFUL TRADE C1', '🔁 CLUSTER BUY']",13.0,Ultra Conviction (12 - 14),🟢 SUCCESSFUL TRADE C1,🟢 SUCCESSFUL TRADE
NSPR,Kester Thomas J,2025-07-30,Buy,2.42,30991,74998,Director,https://finviz.com/http://www.sec.gov/Archives/edgar/data/1299870/000164117225021933/xslF345X05/ownership.xml,2.4600000381469727,2.369999885559082,2.4800000190734863,2.369999885559082,2.3795000076293946,47.06621795253437,2.372500014305115,2.440000057220459,2.930000066757202,2.3499999046325684,21.07438292385133,-2.892565924274032,2.930000066757202,2.3499999046325684,21.07438292385133,-2.892565924274032,,,,,2.549999952316284,2.240000009536743,2.5799999237060547,2.240000009536743,,🚀 SPIKE BEFORE DROP - SUCCESSFUL TRADE,0.000874,"['📋 Director', '🟢 SMALL TRADE', '🐣 MICRO CAP', '🏥 Healthcare', '📈 ABOVE CLOSE', '🚀 SPIKE +20% [7d]', '🚀 SPIKE +20% [14d]', '📅 NEAR EARNINGS', '📈 ABOVE SMA20', '🟡 NEUTRAL (RSI)', '🟢 SUCCESSFUL TRADE C1', '🔁 CLUSTER BUY']",12.0,Ultra Conviction (12 - 14),🟢 SUCCESSFUL TRADE C1,🟢 SUCCESSFUL TRADE
NSPR,ROUBIN GARY S,2025-07-30,Buy,2.42,41322,99999,Director,https://finviz.com/http://www.sec.gov/Archives/edgar/data/1162533/000164117225021934/xslF345X05/ownership.xml,2.4600000381469727,2.369999885559082,2.4800000190734863,2.369999885559082,2.3795000076293946,47.06621795253437,2.372500014305115,2.440000057220459,2.930000066757202,2.3499999046325684,21.07438292385133,-2.892565924274032,2.930000066757202,2.3499999046325684,21.07438292385133,-2.892565924274032,,,,,2.549999952316284,2.240000009536743,2.5799999237060547,2.240000009536743,,🚀 SPIKE BEFORE DROP - SUCCESSFUL TRADE,0.001166,"['📋 Director', '💰 LARGE TRADE', '🐣 MICRO CAP', '🏥 Healthcare', '📈 ABOVE CLOSE', '🚀 SPIKE +20% [7d]', '🚀 SPIKE +20% [14d]', '📅 NEAR EARNINGS', '📈 ABOVE SMA20', '🟡 NEUTRAL (RSI)', '🟢 SUCCESSFUL TRADE C1', '🔁 CLUSTER BUY']",14.0,Ultra Conviction (12 - 14),🟢 SUCCESSFUL TRADE C1,🟢 SUCCESSFUL TRADE
NSPR,Slosman Marvin,2025-07-30,Buy,2.42,10330,24999,CEO and President,https://finviz.com/http://www.sec.gov/Archives/edgar/data/1433607/000164117225021931/xslF345X05/ownership.xml,2.4600000381469727,2.369999885559082,2.4800000190734863,2.369999885559082,2.3795000076293946,47.06621795253437,2.372500014305115,2.440000057220459,2.930000066757202,2.3499999046325684,21.07438292385133,-2.892565924274032,2.930000066757202,2.3499999046325684,21.07438292385133,-2.892565924274032,,,,,2.549999952316284,2.240000009536743,2.5799999237060547,2.240000009536743,,🚀 SPIKE BEFORE DROP - SUCCESSFUL TRADE,0.000291,"['👑 CEO', '🟢 SMALL TRADE', '🐣 MICRO CAP', '🏥 Healthcare', '📈 ABOVE CLOSE', '🚀 SPIKE +20% [7d]', '🚀 SPIKE +20% [14d]', '📅 NEAR EARNINGS', '📈 ABOVE SMA20', '🟡 NEUTRAL (RSI)', '🟢 SUCCESSFUL TRADE C1', '🔁 CLUSTER BUY']",14.0,Ultra Conviction (12 - 14),🟢 SUCCESSFUL TRADE C1,🟢 SUCCESSFUL TRADE
NSPR,Stuka Paul,2025-07-30,Buy,2.42,20661,50000,Director,https://finviz.com/http://www.sec.gov/Archives/edgar/data/1433607/000164117225021930/xslF345X05/ownership.xml,2.4600000381469727,2.369999885559082,2.4800000190734863,2.369999885559082,2.3795000076293946,47.06621795253437,2.372500014305115,2.440000057220459,2.930000066757202,2.3499999046325684,21.07438292385133,-2.892565924274032,2.930000066757202,2.3499999046325684,21.07438292385133,-2.892565924274032,,,,,2.549999952316284,2.240000009536743,2.5799999237060547,2.240000009536743,,🚀 SPIKE BEFORE DROP - SUCCESSFUL TRADE,0.000583,"['📋 Director', '🟢 SMALL TRADE', '🐣 MICRO CAP', '🏥 Healthcare', '📈 ABOVE CLOSE', '🚀 SPIKE +20% [7d]', '🚀 SPIKE +20% [14d]', '📅 NEAR EARNINGS', '📈 ABOVE SMA20', '🟡 NEUTRAL (RSI)', '🟢 SUCCESSFUL TRADE C1', '🔁 CLUSTER BUY']",12.0,Ultra Conviction (12 - 14),🟢 SUCCESSFUL TRADE C1,🟢 SUCCESSFUL TRADE
PASG,Lynx1 Capital Management LP,2025-07-22,Buy,5.44,13123,71338,10% Owner,https://finviz.com/http://www.sec.gov/Archives/edgar/data/1746376/000090266425003152/xslF345X05/ownership.xml,5.320000171661377,5.670000076293945,5.860000133514404,5.320000171661377,7.093749976158142,39.509970610578826,7.145249962806702,5.269999980926514,7.699999809265137,5.400000095367432,41.54411414090324,-0.7352923645692785,7.699999809265137,5.400000095367432,41.54411414090324,-0.7352923645692785,,,,,7.00600004196167,5.124000072479248,9.81999969482422,5.124000072479248,,🚀 SPIKE BEFORE DROP - SUCCESSFUL TRADE,0.003659,"['🔟 10% Owner', '💰 LARGE TRADE', '🐣 MICRO CAP', '🏥 Healthcare', '📉 BELOW CLOSE', '🚀 SPIKE +20% [7d]', '🚀 SPIKE +20% [14d]', '📉 BELOW SMA20', '🟡 NEUTRAL (RSI)', '📉 DIP SETUP', '🟢 SUCCESSFUL TRADE C1', '🧩 MULTIPLE BUYS']",14.0,Ultra Conviction (12 - 14),🟢 SUCCESSFUL TRADE C1,🟢 SUCCESSFUL TRADE
PASG,Lynx1 Capital Management LP,2025-07-23,Buy,5.740000000000001,49302,283033,10% Owner,https://finviz.com/http://www.sec.gov/Archives/edgar/data/1746376/000090266425003152/xslF345X05/ownership.xml,5.650000095367432,5.78000020980835,5.991000175476074,5.400000095367432,7.030749988555908,40.51377931128575,7.093749976158142,5.670000076293945,7.699999809265137,5.519999980926514,34.14633814050758,-3.8327529455311393,7.699999809265137,5.5,34.14633814050758,-4.181184668989565,,,,,6.409999847412109,5.124000072479248,9.100000381469728,5.124000072479248,,🚀 SPIKE BEFORE DROP - SUCCESSFUL TRADE,0.014517,"['🔟 10% Owner', '🔥 VERY LARGE TRADE', '🐣 MICRO CAP', '🏥 Healthcare', '🚀 SPIKE +20% [7d]', '🚀 SPIKE +20% [14d]', '📉 BELOW SMA20', '🟡 NEUTRAL (RSI)', '🟢 SUCCESSFUL TRADE C1', '🧩 MULTIPLE BUYS']",14.0,Ultra Conviction (12 - 14),🟢 SUCCESSFUL TRADE C1,🟢 SUCCESSFUL TRADE
PASG,Lynx1 Capital Management LP,2025-07-24,Buy,5.71,66423,379455,10% Owner,https://finviz.com/http://www.sec.gov/Archives/edgar/data/1746376/000090266425003152/xslF345X05/ownership.xml,5.699999809265137,5.730000019073486,5.945000171661377,5.519999980926514,6.991249990463257,40.1873272496049,7.030749988555908,5.78000020980835,7.699999809265137,6.010000228881836,34.85113501339994,5.253944463779964,7.699999809265137,5.408999919891357,34.85113501339994,-5.271454993146104,,,,,6.409999847412109,5.124000072479248,8.859999656677246,5.124000072479248,,🚀 SPIKE BEFORE DROP - SUCCESSFUL TRADE,0.019462,"['🔟 10% Owner', '🔥 VERY LARGE TRADE', '🐣 MICRO CAP', '🏥 Healthcare', '🚀 SPIKE +20% [7d]', '🚀 SPIKE +20% [14d]', '📉 DIP -5% [14d]', '📅 NEAR EARNINGS', '📉 BELOW SMA20', '🟡 NEUTRAL (RSI)', '🟢 SUCCESSFUL TRADE C1', '🧩 MULTIPLE BUYS']",14.0,Ultra Conviction (12 - 14),🟢 SUCCESSFUL TRADE C1,🟢 SUCCESSFUL TRADE
PRME,"ARCH Venture Partners X, LLC",2025-08-01,Buy,3.3,3030300,9999990,10% Owner,https://finviz.com/http://www.sec.gov/Archives/edgar/data/1219039/000106299325013460/xslF345X05/form4.xml,3.509999990463257,4.039999961853027,4.070000171661377,3.509999990463257,4.228250002861023,56.10577707902282,4.181749999523163,3.740000009536743,4.724999904632568,3.5,43.18181529189602,6.060606060606066,4.724999904632568,3.3499999046325684,43.18181529189602,1.5151486252293498,,,,,4.360000133514404,3.5199999809265137,5.170000076293945,3.5199999809265137,,🚀 SPIKE BEFORE DROP - SUCCESSFUL TRADE,0.018404,"['🔟 10% Owner', '🔥 VERY LARGE TRADE', '🌱 SMALL CAP', '🏥 Healthcare', '🧨 CAUGHT THE KNIFE [7d]', '📉 BELOW CLOSE', '🚀 SPIKE +20% [7d]', '🚀 SPIKE +20% [14d]', '📅 NEAR EARNINGS', '📉 BELOW SMA20', '🟡 NEUTRAL (RSI)', '🟢 SUCCESSFUL TRADE C1', '🔁 CLUSTER BUY']",18.0,Highest Conviction (15+),🟢 SUCCESSFUL TRADE C1,🟢 SUCCESSFUL TRADE
PRME,"ARCH Venture Partners XII, LLC",2025-08-01,Buy,3.3,3030300,9999990,10% Owner,https://finviz.com/http://www.sec.gov/Archives/edgar/data/1894562/000106299325013461/xslF345X05/form4.xml,3.509999990463257,4.039999961853027,4.070000171661377,3.509999990463257,4.228250002861023,56.10577707902282,4.181749999523163,3.740000009536743,4.724999904632568,3.5,43.18181529189602,6.060606060606066,4.724999904632568,3.3499999046325684,43.18181529189602,1.5151486252293498,,,,,4.360000133514404,3.5199999809265137,5.170000076293945,3.5199999809265137,,🚀 SPIKE BEFORE DROP - SUCCESSFUL TRADE,0.018404,"['🔟 10% Owner', '🔥 VERY LARGE TRADE', '🌱 SMALL CAP', '🏥 Healthcare', '🧨 CAUGHT THE KNIFE [7d]', '📉 BELOW CLOSE', '🚀 SPIKE +20% [7d]', '🚀 SPIKE +20% [14d]', '📅 NEAR EARNINGS', '📉 BELOW SMA20', '🟡 NEUTRAL (RSI)', '🟢 SUCCESSFUL TRADE C1', '🔁 CLUSTER BUY']",18.0,Highest Conviction (15+),🟢 SUCCESSFUL TRADE C1,🟢 SUCCESSFUL TRADE
PRME,"GV 2021 GP, L.L.C.",2025-08-01,Buy,3.3,1500000,4950000,10% Owner,https://finviz.com/http://www.sec.gov/Archives/edgar/data/1652044/000141588925021025/xslF345X05/form4-08052025_080848.xml,3.509999990463257,4.039999961853027,4.070000171661377,3.509999990463257,4.228250002861023,56.10577707902282,4.181749999523163,3.740000009536743,4.724999904632568,3.5,43.18181529189602,6.060606060606066,4.724999904632568,3.3499999046325684,43.18181529189602,1.5151486252293498,,,,,4.360000133514404,3.5199999809265137,5.170000076293945,3.5199999809265137,,🚀 SPIKE BEFORE DROP - SUCCESSFUL TRADE,0.00911,"['🔟 10% Owner', '🔥 VERY LARGE TRADE', '🌱 SMALL CAP', '🏥 Healthcare', '🧨 CAUGHT THE KNIFE [7d]', '📉 BELOW CLOSE', '🚀 SPIKE +20% [7d]', '🚀 SPIKE +20% [14d]', '📅 NEAR EARNINGS', '📉 BELOW SMA20', '🟡 NEUTRAL (RSI)', '🟢 SUCCESSFUL TRADE C1', '🔁 CLUSTER BUY']",18.0,Highest Conviction (15+),🟢 SUCCESSFUL TRADE C1,🟢 SUCCESSFUL TRADE
PRME,NELSEN ROBERT,2025-08-01,Buy,3.3,3030300,9999990,Director,https://finviz.com/http://www.sec.gov/Archives/edgar/data/1219042/000106299325013462/xslF345X05/form4.xml,3.509999990463257,4.039999961853027,4.070000171661377,3.509999990463257,4.228250002861023,56.10577707902282,4.181749999523163,3.740000009536743,4.724999904632568,3.5,43.18181529189602,6.060606060606066,4.724999904632568,3.3499999046325684,43.18181529189602,1.5151486252293498,,,,,4.360000133514404,3.5199999809265137,5.170000076293945,3.5199999809265137,,🚀 SPIKE BEFORE DROP - SUCCESSFUL TRADE,0.018404,"['📋 Director', '🔥 VERY LARGE TRADE', '🌱 SMALL CAP', '🏥 Healthcare', '🧨 CAUGHT THE KNIFE [7d]', '📉 BELOW CLOSE', '🚀 SPIKE +20% [7d]', '🚀 SPIKE +20% [14d]', '📅 NEAR EARNINGS', '📉 BELOW SMA20', '🟡 NEUTRAL (RSI)', '🟢 SUCCESSFUL TRADE C1', '🔁 CLUSTER BUY']",17.0,Highest Conviction (15+),🟢 SUCCESSFUL TRADE C1,🟢 SUCCESSFUL TRADE
RPD,"JANA Partners Management, LP",2025-08-11,Buy,18.23,358738,6539794,Director,https://finviz.com/http://www.sec.gov/Archives/edgar/data/1560327/000090266425003562/xslF345X05/ownership.xml,17.899999618530273,18.770000457763672,18.780000686645508,17.895000457763672,21.45225009918213,29.570623680357343,21.653750038146978,17.875,21.780000686645508,18.670000076293945,19.473399268488794,2.413604368041387,,,,,,,,,20.86000061035156,17.829999923706055,23.020000457763672,17.829999923706055,,🚀 SPIKE BEFORE DROP - SUCCESSFUL TRADE,0.004738,"['📋 Director', '💰 LARGE TRADE', '🌱 SMALL CAP', '📡 Tech', '📉 BELOW CLOSE', '🚀 SPIKE +20% [7d]', '📉 BELOW SMA20', '🔻 OVERSOLD (RSI < 30)', '📉 DIP SETUP', '🟢 SUCCESSFUL TRADE C1', '🧩 MULTIPLE BUYS']",14.0,Ultra Conviction (12 - 14),🟢 SUCCESSFUL TRADE C1,🟢 SUCCESSFUL TRADE
RVP,SHAW THOMAS J,2025-07-31,Buy,0.71,5339,3816,PRESIDENT AND CEO,https://finviz.com/http://www.sec.gov/Archives/edgar/data/946563/000141588925020821/xslF345X05/form4-08012025_040810.xml,0.75,0.7400000095367432,0.75,0.699999988079071,0.6845000088214874,72.39747577518527,0.6795000076293946,0.7400000095367432,0.7599999904632568,0.6899999976158142,7.042252177923504,-2.816901744251515,0.8399999737739563,0.6899999976158142,18.309855461120613,-2.816901744251515,,,,,0.75,0.6899999976158142,0.75,0.6600000262260437,,🚀 SPIKE BEFORE DROP - SUCCESSFUL TRADE,0.000173,"['👑 CEO', '🟢 SMALL TRADE', '🐣 MICRO CAP', '🏥 Healthcare', '📉 BELOW CLOSE', '🚀 SPIKE +5% [7d]', '🚀 SPIKE +10% [14d]', '📅 NEAR EARNINGS', '📈 ABOVE SMA20', '🚀 OVERBOUGHT (RSI > 70)', '💪 STRONG TREND', '🟢 SUCCESSFUL TRADE C1', '🧩 MULTIPLE BUYS']",13.0,Ultra Conviction (12 - 14),🟢 SUCCESSFUL TRADE C1,🟢 SUCCESSFUL TRADE
SMRT,Bohjalian Thomas N,2025-08-11,Buy,1.26,150000,189000,Director,https://finviz.com/http://www.sec.gov/Archives/edgar/data/1354287/000135428725000003/xslF345X05/ownership.xml,1.2699999809265137,1.25,1.2799999713897705,1.2100000381469729,,70.3709921327087,,1.2699999809265137,1.559999942779541,1.2799999713897705,23.809519268217542,1.587299316648452,,,,,,,,,1.2999999523162842,0.8999999761581421,1.2999999523162842,0.8999999761581421,,🚀 SPIKE BEFORE DROP - SUCCESSFUL TRADE,0.000804,"['📋 Director', '🟢 SMALL TRADE', '🐣 MICRO CAP', '📡 Tech', '🚀 SPIKE +20% [7d]', '🚀 OVERBOUGHT (RSI > 70)', '⚠️ INSUFFICIENT DATA FOR MA/RSI', '🟢 SUCCESSFUL TRADE C1', '🔁 CLUSTER BUY', '🧩 MULTIPLE BUYS']",12.0,Ultra Conviction (12 - 14),🟢 SUCCESSFUL TRADE C1,🟢 SUCCESSFUL TRADE
SMRT,Bohjalian Thomas N,2025-08-12,Buy,1.37,25000,34250,Director,https://finviz.com/http://www.sec.gov/Archives/edgar/data/1354287/000135428725000003/xslF345X05/ownership.xml,1.3600000143051147,1.3600000143051147,1.3949999809265137,1.3300000429153442,,,,1.25,1.6299999952316284,1.2799999713897705,18.97810184172469,-6.569345154031357,,,,,,,,,1.2999999523162842,0.8999999761581421,1.2999999523162842,0.8999999761581421,,🚀 SPIKE BEFORE DROP - SUCCESSFUL TRADE,0.000146,"['📋 Director', '🟢 SMALL TRADE', '🐣 MICRO CAP', '📡 Tech', '🚀 SPIKE +10% [7d]', '📉 DIP -5% [7d]', '⚠️ INSUFFICIENT DATA FOR MA/RSI', '🟢 SUCCESSFUL TRADE C1', '🔁 CLUSTER BUY', '🧩 MULTIPLE BUYS']",12.0,Ultra Conviction (12 - 14),🟢 SUCCESSFUL TRADE C1,🟢 SUCCESSFUL TRADE
SMRT,Martell Frank,2025-08-11,Buy,1.26,100000,126480,Chief Executive Officer,https://finviz.com/http://www.sec.gov/Archives/edgar/data/1387655/000138765525000006/xslF345X05/ownership.xml,1.2699999809265137,1.25,1.2799999713897705,1.2100000381469729,,70.3709921327087,,1.2699999809265137,1.559999942779541,1.2799999713897705,23.809519268217542,1.587299316648452,,,,,,,,,1.2999999523162842,0.8999999761581421,1.2999999523162842,0.8999999761581421,,🚀 SPIKE BEFORE DROP - SUCCESSFUL TRADE,0.000538,"['👑 CEO', '🟢 SMALL TRADE', '🐣 MICRO CAP', '📡 Tech', '🚀 SPIKE +20% [7d]', '🚀 OVERBOUGHT (RSI > 70)', '⚠️ INSUFFICIENT DATA FOR MA/RSI', '🟢 SUCCESSFUL TRADE C1', '🔁 CLUSTER BUY', '🧩 MULTIPLE BUYS']",14.0,Ultra Conviction (12 - 14),🟢 SUCCESSFUL TRADE C1,🟢 SUCCESSFUL TRADE
SMRT,Martell Frank,2025-08-12,Buy,1.37,130000,178230,Chief Executive Officer,https://finviz.com/http://www.sec.gov/Archives/edgar/data/1387655/000138765525000006/xslF345X05/ownership.xml,1.3600000143051147,1.3600000143051147,1.3949999809265137,1.3300000429153442,,,,1.25,1.6299999952316284,1.2799999713897705,18.97810184172469,-6.569345154031357,,,,,,,,,1.2999999523162842,0.8999999761581421,1.2999999523162842,0.8999999761581421,,🚀 SPIKE BEFORE DROP - SUCCESSFUL TRADE,0.000758,"['👑 CEO', '🟢 SMALL TRADE', '🐣 MICRO CAP', '📡 Tech', '🚀 SPIKE +10% [7d]', '📉 DIP -5% [7d]', '⚠️ INSUFFICIENT DATA FOR MA/RSI', '🟢 SUCCESSFUL TRADE C1', '🔁 CLUSTER BUY', '🧩 MULTIPLE BUYS']",14.0,Ultra Conviction (12 - 14),🟢 SUCCESSFUL TRADE C1,🟢 SUCCESSFUL TRADE
SNYR,Ross Jack,2025-06-20,Buy,2.6,10300,26780,CEO and Chairman,https://finviz.com/http://www.sec.gov/Archives/edgar/data/1562733/000147450625000145/xslF345X05/primary_doc.xml,2.200000047683716,2.650000095367432,2.819999933242798,2.200000047683716,2.05799999833107,65.81533390520258,2.0304999887943267,2.2100000381469727,2.789999961853028,2.311000108718872,7.307690840501064,-11.11538043388954,3.3299999237060547,2.311000108718872,28.07692014254056,-11.11538043388954,,,,,2.5339999198913574,2.0199999809265137,2.5339999198913574,1.850000023841858,0.596412530394413,🚀 SPIKE BEFORE DROP - SUCCESSFUL TRADE,0.000859,"['👑 CEO', '🟢 SMALL TRADE', '🐣 MICRO CAP', '🏥 Healthcare', '📉 BELOW CLOSE', '🚀 SPIKE +5% [7d]', '🚀 SPIKE +20% [14d]', '📉 DIP -10% [7d]', '📉 DIP -10% [14d]', '📈 ABOVE SMA20', '🟡 NEUTRAL (RSI)', '💪 STRONG TREND', '🟢 SUCCESSFUL TRADE C1', '🧩 MULTIPLE BUYS']",13.0,Ultra Conviction (12 - 14),🟢 SUCCESSFUL TRADE C1,🟢 SUCCESSFUL TRADE
SNYR,Ross Jack,2025-06-30,Buy,2.69,2600,6994,CEO and Chairman,https://finviz.com/http://www.sec.gov/Archives/edgar/data/1562733/000147450625000145/xslF345X05/primary_doc.xml,2.680000066757202,2.8499999046325684,2.880000114440918,2.5,2.268999993801117,66.89950017716707,2.214499998092651,2.430000066757202,3.440000057220459,2.720000028610229,27.88104301934792,1.1152426992650224,3.440000057220459,2.720000028610229,27.88104301934792,1.1152426992650224,4.0,2.720000028610229,48.69888475836432,1.1152426992650224,2.789999961853028,2.311000108718872,2.819999933242798,2.0799999237060547,0.373076897401076,🚀 SPIKE BEFORE DROP - SUCCESSFUL TRADE,0.000224,"['👑 CEO', '🟢 SMALL TRADE', '🐣 MICRO CAP', '🏥 Healthcare', '📉 BELOW CLOSE', '🚀 SPIKE +20% [7d]', '🚀 SPIKE +20% [14d]', '🚀 SPIKE +20% [30d]', '📈 ABOVE SMA20', '🟡 NEUTRAL (RSI)', '💪 STRONG TREND', '🟢 SUCCESSFUL TRADE C1', '🧩 MULTIPLE BUYS']",13.0,Ultra Conviction (12 - 14),🟢 SUCCESSFUL TRADE C1,🟢 SUCCESSFUL TRADE
SNYR,Ross Jack,2025-07-02,Buy,3.23,3750,12112,CEO and Chairman,https://finviz.com/http://www.sec.gov/Archives/edgar/data/1562733/000147450625000145/xslF345X05/primary_doc.xml,3.059999942779541,3.240000009536743,3.3299999237060547,2.9600000381469727,2.3924999952316286,73.26144107192725,2.333999991416931,3.059999942779541,3.440000057220459,2.9100000858306885,6.501549759147338,-9.9071180857372,3.440000057220459,2.9100000858306885,6.501549759147338,-9.9071180857372,4.0,2.9100000858306885,23.8390092879257,-9.9071180857372,3.289999961853028,2.311000108718872,3.289999961853028,2.130000114440918,0.1016393098674837,🚀 SPIKE BEFORE DROP - SUCCESSFUL TRADE,0.000388,"['👑 CEO', '🟢 SMALL TRADE', '🐣 MICRO CAP', '🏥 Healthcare', '🚀 SPIKE +5% [7d]', '🚀 SPIKE +5% [14d]', '🚀 SPIKE +20% [30d]', '📉 DIP -10% [7d]', '📉 DIP -10% [14d]', '📉 DIP -10% [30d]', '📈 ABOVE SMA20', '🚀 OVERBOUGHT (RSI > 70)', '💪 STRONG TREND', '🟢 SUCCESSFUL TRADE C1', '🧩 MULTIPLE BUYS']",13.0,Ultra Conviction (12 - 14),🟢 SUCCESSFUL TRADE C1,🟢 SUCCESSFUL TRADE
SNYR,Ross Jack,2025-07-03,Buy,3.22,1750,5635,CEO and Chairman,https://finviz.com/http://www.sec.gov/Archives/edgar/data/1562733/000147450625000145/xslF345X05/primary_doc.xml,3.200000047683716,3.240000009536743,3.299999952316284,3.0899999141693115,2.4524999976158144,73.26144107192725,2.3924999952316286,3.240000009536743,3.440000057220459,2.9100000858306885,6.832299913678844,-9.627326526997258,3.690000057220459,2.9100000858306885,14.596275068958349,-9.627326526997258,4.0,2.9100000858306885,24.223602484472043,-9.627326526997258,3.3299999237060547,2.311000108718872,3.3299999237060547,2.130000114440918,0.0857585044837219,🚀 SPIKE BEFORE DROP - SUCCESSFUL TRADE,0.000181,"['👑 CEO', '🟢 SMALL TRADE', '🐣 MICRO CAP', '🏥 Healthcare', '🚀 SPIKE +5% [7d]', '🚀 SPIKE +10% [14d]', '🚀 SPIKE +20% [30d]', '📉 DIP -10% [7d]', '📉 DIP -10% [14d]', '📉 DIP -10% [30d]', '📈 ABOVE SMA20', '🚀 OVERBOUGHT (RSI > 70)', '💪 STRONG TREND', '🟢 SUCCESSFUL TRADE C1', '🧩 MULTIPLE BUYS']",13.0,Ultra Conviction (12 - 14),🟢 SUCCESSFUL TRADE C1,🟢 SUCCESSFUL TRADE
SNYR,Ross Jack,2025-07-10,Buy,3.19,1400,4466,CEO and Chairman,https://finviz.com/http://www.sec.gov/Archives/edgar/data/1562733/000147450625000145/xslF345X05/primary_doc.xml,3.1619999408721924,3.203000068664551,3.299999952316284,3.0169999599456787,2.6858999848365785,66.32276793533117,2.634749984741211,3.0999999046325684,3.690000057220459,3.0230000019073486,15.673982984967369,-5.235109658076844,4.0,3.0230000019073486,25.39184952978057,-5.235109658076844,4.0,3.0230000019073486,25.39184952978057,-5.235109658076844,3.440000057220459,2.9100000858306885,3.440000057220459,2.311000108718872,0.1238095116993739,🚀 SPIKE BEFORE DROP - SUCCESSFUL TRADE,0.000143,"['👑 CEO', '🟢 SMALL TRADE', '🐣 MICRO CAP', '🏥 Healthcare', '🚀 SPIKE +10% [7d]', '🚀 SPIKE +20% [14d]', '🚀 SPIKE +20% [30d]', '📉 DIP -5% [7d]', '📉 DIP -5% [14d]', '📉 DIP -5% [30d]', '📈 ABOVE SMA20', '🟡 NEUTRAL (RSI)', '💪 STRONG TREND', '🟢 SUCCESSFUL TRADE C1', '🧩 MULTIPLE BUYS']",13.0,Ultra Conviction (12 - 14),🟢 SUCCESSFUL TRADE C1,🟢 SUCCESSFUL TRADE
SONO,Casey Saori,2025-08-08,Buy,10.94,22727,248688,Chief Financial Officer,https://finviz.com/http://www.sec.gov/Archives/edgar/data/1314727/000112760225020308/xslF345X05/form4.xml,10.970000267028809,11.329999923706056,11.34000015258789,10.760000228881836,,,,10.970000267028809,13.40999984741211,11.220000267028809,22.57769513173775,2.559417431707579,,,,,,,,,11.720000267028809,10.109999656677246,12.109999656677246,10.109999656677246,,🚀 SPIKE BEFORE DROP - SUCCESSFUL TRADE,0.000192,"['💼 CFO', '🟢 SMALL TRADE', '🌱 SMALL CAP', '📡 Tech', '📉 BELOW CLOSE', '🚀 SPIKE +20% [7d]', '⚠️ INSUFFICIENT DATA FOR MA/RSI', '🟢 SUCCESSFUL TRADE C1', '🔁 CLUSTER BUY']",13.0,Ultra Conviction (12 - 14),🟢 SUCCESSFUL TRADE C1,🟢 SUCCESSFUL TRADE
SONO,"Coliseum Capital Management, L",2025-08-01,Buy,10.38,80000,830400,10% Owner,https://finviz.com/http://www.sec.gov/Archives/edgar/data/1314727/000095017025103308/xslF345X05/ownership.xml,10.5600004196167,10.359999656677246,10.5600004196167,10.220000267028809,10.87050004005432,42.05138426041837,10.908500051498413,10.8100004196167,11.720000267028809,10.109999656677246,12.909443805672522,-2.601159376905151,13.40999984741211,10.109999656677246,29.19074997506848,-2.601159376905151,,,,,12.109999656677246,10.800000190734863,12.109999656677246,10.470000267028809,,🚀 SPIKE BEFORE DROP - SUCCESSFUL TRADE,0.00064,"['🔟 10% Owner', '🟢 SMALL TRADE', '🌱 SMALL CAP', '📡 Tech', '🧨 CAUGHT THE KNIFE [7d]', '🚀 SPIKE +10% [7d]', '🚀 SPIKE +20% [14d]', '📅 NEAR EARNINGS', '📉 BELOW SMA20', '🟡 NEUTRAL (RSI)', '🟢 SUCCESSFUL TRADE C1', '🔁 CLUSTER BUY', '🧩 MULTIPLE BUYS']",15.0,Highest Conviction (15+),🟢 SUCCESSFUL TRADE C1,🟢 SUCCESSFUL TRADE
SONO,"Coliseum Capital Management, L",2025-08-05,Buy,10.83,160000,1732800,10% Owner,https://finviz.com/http://www.sec.gov/Archives/edgar/data/1314727/000095017025103308/xslF345X05/ownership.xml,10.960000038146973,10.859999656677246,11.0,10.739999771118164,,,,10.869999885559082,12.93000030517578,10.109999656677246,19.390584535325758,-6.648202616091911,13.9399995803833,10.109999656677246,28.716524287934448,-6.648202616091911,,,,,12.109999656677246,10.220000267028809,12.109999656677246,10.220000267028809,,🚀 SPIKE BEFORE DROP - SUCCESSFUL TRADE,0.001335,"['🔟 10% Owner', '💰 LARGE TRADE', '🌱 SMALL CAP', '📡 Tech', '🚀 SPIKE +20% [7d]', '🚀 SPIKE +20% [14d]', '📉 DIP -5% [7d]', '📉 DIP -5% [14d]', '📅 NEAR EARNINGS', '⚠️ INSUFFICIENT DATA FOR MA/RSI', '🟢 SUCCESSFUL TRADE C1', '🔁 CLUSTER BUY', '🧩 MULTIPLE BUYS']",15.0,Highest Conviction (15+),🟢 SUCCESSFUL TRADE C1,🟢 SUCCESSFUL TRADE
SONO,"Coliseum Capital Management, L",2025-08-07,Buy,10.61,127406,1351778,10% Owner,https://finviz.com/http://www.sec.gov/Archives/edgar/data/1314727/000095017025106774/xslF345X05/ownership.xml,11.699999809265137,10.970000267028809,11.720000267028809,10.109999656677246,,,,11.039999961853027,13.40999984741211,10.760000228881836,26.3901964883328,1.4137627604320124,,,,,,,,,11.399999618530272,10.220000267028809,12.109999656677246,10.220000267028809,,🚀 SPIKE BEFORE DROP - SUCCESSFUL TRADE,0.001041,"['🔟 10% Owner', '💰 LARGE TRADE', '🌱 SMALL CAP', '📡 Tech', '📉 BELOW CLOSE', '🚀 SPIKE +20% [7d]', '⚠️ INSUFFICIENT DATA FOR MA/RSI', '🟢 SUCCESSFUL TRADE C1', '🔁 CLUSTER BUY', '🧩 MULTIPLE BUYS']",15.0,Highest Conviction (15+),🟢 SUCCESSFUL TRADE C1,🟢 SUCCESSFUL TRADE
SONO,"Coliseum Capital Management, L",2025-08-08,Buy,11.21,55000,616550,10% Owner,https://finviz.com/http://www.sec.gov/Archives/edgar/data/1314727/000095017025106774/xslF345X05/ownership.xml,10.970000267028809,11.329999923706056,11.34000015258789,10.760000228881836,,,,10.970000267028809,13.40999984741211,11.220000267028809,19.625333161570996,0.0892084480714339,,,,,,,,,11.720000267028809,10.109999656677246,12.109999656677246,10.109999656677246,,🚀 SPIKE BEFORE DROP - SUCCESSFUL TRADE,0.000475,"['🔟 10% Owner', '🟢 SMALL TRADE', '🌱 SMALL CAP', '📡 Tech', '📉 BELOW CLOSE', '🚀 SPIKE +20% [7d]', '⚠️ INSUFFICIENT DATA FOR MA/RSI', '🟢 SUCCESSFUL TRADE C1', '🔁 CLUSTER BUY', '🧩 MULTIPLE BUYS']",14.0,Ultra Conviction (12 - 14),🟢 SUCCESSFUL TRADE C1,🟢 SUCCESSFUL TRADE
SONO,Conrad Thomas,2025-08-08,Buy,11.1,92300,1024299,Chief Executive Officer,https://finviz.com/http://www.sec.gov/Archives/edgar/data/1314727/000112760225020305/xslF345X05/form4.xml,10.970000267028809,11.329999923706056,11.34000015258789,10.760000228881836,,,,10.970000267028809,13.40999984741211,11.220000267028809,20.81080943614513,1.0810834867460266,,,,,,,,,11.720000267028809,10.109999656677246,12.109999656677246,10.109999656677246,,🚀 SPIKE BEFORE DROP - SUCCESSFUL TRADE,0.000789,"['👑 CEO', '🟢 SMALL TRADE', '🌱 SMALL CAP', '📡 Tech', '📉 BELOW CLOSE', '🚀 SPIKE +20% [7d]', '⚠️ INSUFFICIENT DATA FOR MA/RSI', '🟢 SUCCESSFUL TRADE C1', '🔁 CLUSTER BUY']",13.0,Ultra Conviction (12 - 14),🟢 SUCCESSFUL TRADE C1,🟢 SUCCESSFUL TRADE
TLRY,SIMON IRWIN D,2025-07-30,Buy,0.61,165000,100106,President and CEO,https://finviz.com/http://www.sec.gov/Archives/edgar/data/922748/000117184325004845/xslF345X05/ownership.xml,0.5899999737739563,0.6100000143051147,0.6200000047683716,0.5799999833106995,0.6290000021457672,51.71314169597402,0.6195000007748603,0.5799999833106995,0.6600000262260437,0.550000011920929,8.196725610826839,-9.83606361951984,1.25,0.550000011920929,104.91803278688523,-9.83606361951984,,,,,0.8299999833106995,0.550000011920929,0.8299999833106995,0.550000011920929,,🚀 SPIKE BEFORE DROP - SUCCESSFUL TRADE,0.000157,"['👑 CEO', '🟢 SMALL TRADE', '🌱 SMALL CAP', '🏥 Healthcare', '🚀 SPIKE +5% [7d]', '🚀 SPIKE +20% [14d]', '📉 DIP -10% [7d]', '📉 DIP -10% [14d]', '📉 BELOW SMA20', '🟡 NEUTRAL (RSI)', '🟢 SUCCESSFUL TRADE C1', '🔁 CLUSTER BUY']",14.0,Ultra Conviction (12 - 14),🟢 SUCCESSFUL TRADE C1,🟢 SUCCESSFUL TRADE
TROX,Romano John D,2025-08-01,Buy,3.09,100000,308930,CEO and Director,https://finviz.com/http://www.sec.gov/Archives/edgar/data/1344537/000114036125028286/xslF345X05/form4.xml,3.109999895095825,3.400000095367432,3.490000009536743,2.950000047683716,5.318999981880188,27.2608792069025,5.427999973297119,3.190000057220459,3.619999885559082,3.109999895095825,17.152099856280977,0.6472457959814025,3.859999895095825,3.109999895095825,24.919090456175574,0.6472457959814025,,,,,5.869999885559082,3.0,5.96999979019165,3.0,,🚀 SPIKE BEFORE DROP - SUCCESSFUL TRADE,0.000573,"['👑 CEO', '🟢 SMALL TRADE', '🌱 SMALL CAP', '⚙️ Materials', '📉 BELOW CLOSE', '🚀 SPIKE +10% [7d]', '🚀 SPIKE +20% [14d]', '📉 BELOW SMA20', '🔻 OVERSOLD (RSI < 30)', '📉 DIP SETUP', '🟢 SUCCESSFUL TRADE C1', '🔁 CLUSTER BUY']",15.0,Highest Conviction (15+),🟢 SUCCESSFUL TRADE C1,🟢 SUCCESSFUL TRADE
UPXI,Dugan Lawrence,2025-07-16,Buy,5.69,11000,62600,Director,https://finviz.com/http://www.sec.gov/Archives/edgar/data/1775194/000147793225005238/xslF345X05/form4.xml,5.78000020980835,7.260000228881836,7.699999809265137,5.300000190734863,5.250750017166138,54.09952732002557,5.37975001335144,5.199999809265137,10.619999885559082,6.25,86.64323173214554,9.841827768014053,10.619999885559082,4.78000020980835,86.64323173214554,-15.992966435705636,10.619999885559082,4.309999942779541,86.64323173214554,-24.25307657680948,6.570000171661377,3.930000066757202,6.570000171661377,2.7300000190734863,0.5280464401097547,🚀 SPIKE BEFORE DROP - SUCCESSFUL TRADE,0.000251,"['📋 Director', '🟢 SMALL TRADE', '🐣 MICRO CAP', '📞 Communication', '📉 BELOW CLOSE', '🚀 SPIKE +20% [7d]', '🚀 SPIKE +20% [14d]', '🚀 SPIKE +20% [30d]', '📉 DIP -10% [14d]', '📉 DIP -20% [30d]', '📈 ABOVE SMA20', '⚡️ SMA SUPPORT RECLAIMED', '🟡 NEUTRAL (RSI)', '🟢 SUCCESSFUL TRADE C1', '🔁 CLUSTER BUY', '🧩 MULTIPLE BUYS']",14.0,Ultra Conviction (12 - 14),🟢 SUCCESSFUL TRADE C1,🟢 SUCCESSFUL TRADE
UPXI,MARSHALL ALLAN,2025-07-11,Buy,4.94,161943,799998,Chief Executive Officer,https://finviz.com/http://www.sec.gov/Archives/edgar/data/1279925/000147793225005236/xslF345X05/form4.xml,5.360000133514404,5.389999866485596,5.590000152587891,4.849999904632568,5.951750040054321,43.82249808850703,6.31775004863739,5.0,9.130000114440918,5.050000190734863,84.81781608179995,2.226724508802892,10.619999885559082,5.050000190734863,114.97975476840246,2.226724508802892,,,,,,,5.150000095367432,2.509999990463257,-0.2506666819254557,🚀 SPIKE BEFORE DROP - SUCCESSFUL TRADE,0.003209,"['👑 CEO', '💰 LARGE TRADE', '🐣 MICRO CAP', '📞 Communication', '📉 BELOW CLOSE', '🚀 SPIKE +20% [7d]', '🚀 SPIKE +20% [14d]', '📉 BELOW SMA20', '🟡 NEUTRAL (RSI)', '🟢 SUCCESSFUL TRADE C1', '🔁 CLUSTER BUY']",12.0,Ultra Conviction (12 - 14),🟢 SUCCESSFUL TRADE C1,🟢 SUCCESSFUL TRADE
